league,season,date,home_team,away_team,home_goals,away_goals,result
Ligue 1,2023,2023-08-11,OGC Nice,Lille OSC,1,1,D
Ligue 1,2023,2023-08-12,Olympique de Marseille,Stade de Reims,2,1,H
Ligue 1,2023,2023-08-12,Paris Saint-Germain FC,FC Lorient,0,0,D
Ligue 1,2023,2023-08-13,Stade Brestois 29,Racing Club de Lens,3,2,H
Ligue 1,2023,2023-08-13,Clermont Foot 63,AS Monaco FC,2,4,A
Ligue 1,2023,2023-08-13,FC Nantes,Toulouse FC,1,2,A
Ligue 1,2023,2023-08-13,Montpellier HSC,Le Havre AC,2,2,D
Ligue 1,2023,2023-08-13,Stade Rennais FC 1901,FC Metz,5,1,H
Ligue 1,2023,2023-08-13,RC Strasbourg Alsace,Olympique Lyonnais,2,1,H
Ligue 1,2023,2023-08-18,FC Metz,Olympique de Marseille,2,2,D
Ligue 1,2023,2023-08-19,Olympique Lyonnais,Montpellier HSC,1,4,A
Ligue 1,2023,2023-08-19,Toulouse FC,Paris Saint-Germain FC,1,1,D
Ligue 1,2023,2023-08-20,Lille OSC,FC Nantes,2,0,H
Ligue 1,2023,2023-08-20,Le Havre AC,Stade Brestois 29,1,2,A
Ligue 1,2023,2023-08-20,FC Lorient,OGC Nice,1,1,D
Ligue 1,2023,2023-08-20,Stade de Reims,Clermont Foot 63,2,0,H
Ligue 1,2023,2023-08-20,AS Monaco FC,RC Strasbourg Alsace,3,0,H
Ligue 1,2023,2023-08-20,Racing Club de Lens,Stade Rennais FC 1901,1,1,D
Ligue 1,2023,2023-08-25,FC Nantes,AS Monaco FC,3,3,D
Ligue 1,2023,2023-08-26,Olympique de Marseille,Stade Brestois 29,2,0,H
Ligue 1,2023,2023-08-26,Paris Saint-Germain FC,Racing Club de Lens,3,1,H
Ligue 1,2023,2023-08-27,Stade Rennais FC 1901,Le Havre AC,2,2,D
Ligue 1,2023,2023-08-27,Clermont Foot 63,FC Metz,0,1,A
Ligue 1,2023,2023-08-27,Montpellier HSC,Stade de Reims,1,3,A
Ligue 1,2023,2023-08-27,RC Strasbourg Alsace,Toulouse FC,2,0,H
Ligue 1,2023,2023-08-27,FC Lorient,Lille OSC,4,1,H
Ligue 1,2023,2023-08-27,OGC Nice,Olympique Lyonnais,0,0,D
Ligue 1,2023,2023-09-01,FC Nantes,Olympique de Marseille,1,1,D
Ligue 1,2023,2023-09-02,Stade Brestois 29,Stade Rennais FC 1901,0,0,D
Ligue 1,2023,2023-09-02,AS Monaco FC,Racing Club de Lens,3,0,H
Ligue 1,2023,2023-09-03,Toulouse FC,Clermont Foot 63,2,2,D
Ligue 1,2023,2023-09-03,Le Havre AC,FC Lorient,3,0,H
Ligue 1,2023,2023-09-03,FC Metz,Stade de Reims,2,2,D
Ligue 1,2023,2023-09-03,Lille OSC,Montpellier HSC,1,0,H
Ligue 1,2023,2023-09-03,OGC Nice,RC Strasbourg Alsace,2,0,H
Ligue 1,2023,2023-09-03,Olympique Lyonnais,Paris Saint-Germain FC,1,4,A
Ligue 1,2023,2023-09-15,Paris Saint-Germain FC,OGC Nice,2,3,A
Ligue 1,2023,2023-09-16,Stade Rennais FC 1901,Lille OSC,2,2,D
Ligue 1,2023,2023-09-16,Racing Club de Lens,FC Metz,0,1,A
Ligue 1,2023,2023-09-17,FC Lorient,AS Monaco FC,2,2,D
Ligue 1,2023,2023-09-17,Clermont Foot 63,FC Nantes,0,1,A
Ligue 1,2023,2023-09-17,RC Strasbourg Alsace,Montpellier HSC,2,2,D
Ligue 1,2023,2023-09-17,Stade de Reims,Stade Brestois 29,1,2,A
Ligue 1,2023,2023-09-17,Olympique de Marseille,Toulouse FC,0,0,D
Ligue 1,2023,2023-09-17,Olympique Lyonnais,Le Havre AC,0,0,D
Ligue 1,2023,2023-09-22,AS Monaco FC,OGC Nice,0,1,A
Ligue 1,2023,2023-09-23,FC Nantes,FC Lorient,5,3,H
Ligue 1,2023,2023-09-23,Stade Brestois 29,Olympique Lyonnais,1,0,H
Ligue 1,2023,2023-09-24,FC Metz,RC Strasbourg Alsace,0,1,A
Ligue 1,2023,2023-09-24,Le Havre AC,Clermont Foot 63,2,1,H
Ligue 1,2023,2023-09-24,Racing Club de Lens,Toulouse FC,2,1,H
Ligue 1,2023,2023-09-24,Montpellier HSC,Stade Rennais FC 1901,0,0,D
Ligue 1,2023,2023-09-24,Paris Saint-Germain FC,Olympique de Marseille,4,0,H
Ligue 1,2023,2023-09-26,Lille OSC,Stade de Reims,1,2,A
Ligue 1,2023,2023-09-29,RC Strasbourg Alsace,Racing Club de Lens,0,1,A
Ligue 1,2023,2023-09-30,Clermont Foot 63,Paris Saint-Germain FC,0,0,D
Ligue 1,2023,2023-09-30,AS Monaco FC,Olympique de Marseille,3,2,H
Ligue 1,2023,2023-10-01,Stade de Reims,Olympique Lyonnais,2,0,H
Ligue 1,2023,2023-10-01,Le Havre AC,Lille OSC,0,2,A
Ligue 1,2023,2023-10-01,Toulouse FC,FC Metz,3,0,H
Ligue 1,2023,2023-10-01,OGC Nice,Stade Brestois 29,0,0,D
Ligue 1,2023,2023-10-01,FC Lorient,Montpellier HSC,0,3,A
Ligue 1,2023,2023-10-01,Stade Rennais FC 1901,FC Nantes,3,1,H
Ligue 1,2023,2023-10-06,RC Strasbourg Alsace,FC Nantes,1,2,A
Ligue 1,2023,2023-10-07,FC Metz,OGC Nice,0,1,A
Ligue 1,2023,2023-10-07,Stade de Reims,AS Monaco FC,1,3,A
Ligue 1,2023,2023-10-08,Olympique de Marseille,Le Havre AC,3,0,H
Ligue 1,2023,2023-10-08,Olympique Lyonnais,FC Lorient,3,3,D
Ligue 1,2023,2023-10-08,Stade Brestois 29,Toulouse FC,1,1,D
Ligue 1,2023,2023-10-08,Racing Club de Lens,Lille OSC,1,1,D
Ligue 1,2023,2023-10-08,Stade Rennais FC 1901,Paris Saint-Germain FC,1,3,A
Ligue 1,2023,2023-10-20,Le Havre AC,Racing Club de Lens,0,0,D
Ligue 1,2023,2023-10-21,Paris Saint-Germain FC,RC Strasbourg Alsace,3,0,H
Ligue 1,2023,2023-10-21,OGC Nice,Olympique de Marseille,1,0,H
Ligue 1,2023,2023-10-22,FC Lorient,Stade Rennais FC 1901,2,1,H
Ligue 1,2023,2023-10-22,FC Nantes,Montpellier HSC,2,0,H
Ligue 1,2023,2023-10-22,Toulouse FC,Stade de Reims,1,1,D
Ligue 1,2023,2023-10-22,Lille OSC,Stade Brestois 29,1,0,H
Ligue 1,2023,2023-10-22,AS Monaco FC,FC Metz,2,1,H
Ligue 1,2023,2023-10-22,Olympique Lyonnais,Clermont Foot 63,1,2,A
Ligue 1,2023,2023-10-27,Clermont Foot 63,OGC Nice,0,1,A
Ligue 1,2023,2023-10-28,Stade de Reims,FC Lorient,1,0,H
Ligue 1,2023,2023-10-28,Racing Club de Lens,FC Nantes,4,0,H
Ligue 1,2023,2023-10-29,Stade Brestois 29,Paris Saint-Germain FC,2,3,A
Ligue 1,2023,2023-10-29,FC Metz,Le Havre AC,0,0,D
Ligue 1,2023,2023-10-29,Montpellier HSC,Toulouse FC,3,0,H
Ligue 1,2023,2023-10-29,Lille OSC,AS Monaco FC,2,0,H
Ligue 1,2023,2023-10-29,Stade Rennais FC 1901,RC Strasbourg Alsace,1,1,D
Ligue 1,2023,2023-11-03,Paris Saint-Germain FC,Montpellier HSC,3,0,H
Ligue 1,2023,2023-11-04,FC Lorient,Racing Club de Lens,0,0,D
Ligue 1,2023,2023-11-04,Olympique de Marseille,Lille OSC,0,0,D
Ligue 1,2023,2023-11-05,Olympique Lyonnais,FC Metz,1,1,D
Ligue 1,2023,2023-11-05,FC Nantes,Stade de Reims,0,1,A
Ligue 1,2023,2023-11-05,Toulouse FC,Le Havre AC,1,2,A
Ligue 1,2023,2023-11-05,RC Strasbourg Alsace,Clermont Foot 63,0,0,D
Ligue 1,2023,2023-11-05,AS Monaco FC,Stade Brestois 29,2,0,H
Ligue 1,2023,2023-11-05,OGC Nice,Stade Rennais FC 1901,2,0,H
Ligue 1,2023,2023-11-10,Montpellier HSC,OGC Nice,0,0,D
Ligue 1,2023,2023-11-11,Stade de Reims,Paris Saint-Germain FC,0,3,A
Ligue 1,2023,2023-11-11,Le Havre AC,AS Monaco FC,0,0,D
Ligue 1,2023,2023-11-12,Clermont Foot 63,FC Lorient,1,0,H
Ligue 1,2023,2023-11-12,FC Metz,FC Nantes,3,1,H
Ligue 1,2023,2023-11-12,Lille OSC,Toulouse FC,1,1,D
Ligue 1,2023,2023-11-12,Stade Rennais FC 1901,Olympique Lyonnais,0,1,A
Ligue 1,2023,2023-11-12,Racing Club de Lens,Olympique de Marseille,1,0,H
Ligue 1,2023,2023-11-24,Paris Saint-Germain FC,AS Monaco FC,5,2,H
Ligue 1,2023,2023-11-25,Clermont Foot 63,Racing Club de Lens,0,3,A
Ligue 1,2023,2023-11-25,RC Strasbourg Alsace,Olympique de Marseille,1,1,D
Ligue 1,2023,2023-11-26,OGC Nice,Toulouse FC,1,0,H
Ligue 1,2023,2023-11-26,FC Lorient,FC Metz,2,3,A
Ligue 1,2023,2023-11-26,FC Nantes,Le Havre AC,0,0,D
Ligue 1,2023,2023-11-26,Montpellier HSC,Stade Brestois 29,1,3,A
Ligue 1,2023,2023-11-26,Stade Rennais FC 1901,Stade de Reims,3,1,H
Ligue 1,2023,2023-11-26,Olympique Lyonnais,Lille OSC,0,2,A
Ligue 1,2023,2023-11-29,Montpellier HSC,Clermont Foot 63,1,1,D
Ligue 1,2023,2023-12-01,Stade de Reims,RC Strasbourg Alsace,2,1,H
Ligue 1,2023,2023-12-02,Racing Club de Lens,Olympique Lyonnais,3,2,H
Ligue 1,2023,2023-12-02,FC Nantes,OGC Nice,1,0,H
Ligue 1,2023,2023-12-03,Le Havre AC,Paris Saint-Germain FC,0,2,A
Ligue 1,2023,2023-12-03,AS Monaco FC,Montpellier HSC,2,0,H
Ligue 1,2023,2023-12-03,Toulouse FC,FC Lorient,1,1,D
Ligue 1,2023,2023-12-03,Stade Brestois 29,Clermont Foot 63,3,0,H
Ligue 1,2023,2023-12-03,Lille OSC,FC Metz,2,0,H
Ligue 1,2023,2023-12-03,Olympique de Marseille,Stade Rennais FC 1901,2,0,H
Ligue 1,2023,2023-12-06,Olympique de Marseille,Olympique Lyonnais,3,0,H
Ligue 1,2023,2023-12-07,Stade Brestois 29,RC Strasbourg Alsace,1,1,D
Ligue 1,2023,2023-12-08,Montpellier HSC,Racing Club de Lens,0,0,D
Ligue 1,2023,2023-12-09,Stade Rennais FC 1901,AS Monaco FC,1,2,A
Ligue 1,2023,2023-12-09,Paris Saint-Germain FC,FC Nantes,2,1,H
Ligue 1,2023,2023-12-10,OGC Nice,Stade de Reims,2,1,H
Ligue 1,2023,2023-12-10,Clermont Foot 63,Lille OSC,0,0,D
Ligue 1,2023,2023-12-10,FC Metz,Stade Brestois 29,0,1,A
Ligue 1,2023,2023-12-10,RC Strasbourg Alsace,Le Havre AC,2,1,H
Ligue 1,2023,2023-12-10,Olympique Lyonnais,Toulouse FC,3,0,H
Ligue 1,2023,2023-12-10,FC Lorient,Olympique de Marseille,2,4,A
Ligue 1,2023,2023-12-15,AS Monaco FC,Olympique Lyonnais,0,1,A
Ligue 1,2023,2023-12-16,Le Havre AC,OGC Nice,3,1,H
Ligue 1,2023,2023-12-16,Racing Club de Lens,Stade de Reims,2,0,H
Ligue 1,2023,2023-12-17,FC Nantes,Stade Brestois 29,0,2,A
Ligue 1,2023,2023-12-17,FC Lorient,RC Strasbourg Alsace,1,2,A
Ligue 1,2023,2023-12-17,FC Metz,Montpellier HSC,0,1,A
Ligue 1,2023,2023-12-17,Toulouse FC,Stade Rennais FC 1901,0,0,D
Ligue 1,2023,2023-12-17,Olympique de Marseille,Clermont Foot 63,2,1,H
Ligue 1,2023,2023-12-17,Lille OSC,Paris Saint-Germain FC,1,1,D
Ligue 1,2023,2023-12-20,Clermont Foot 63,Stade Rennais FC 1901,1,3,A
Ligue 1,2023,2023-12-20,Toulouse FC,AS Monaco FC,1,2,A
Ligue 1,2023,2023-12-20,Montpellier HSC,Olympique de Marseille,1,1,D
Ligue 1,2023,2023-12-20,OGC Nice,Racing Club de Lens,2,0,H
Ligue 1,2023,2023-12-20,Olympique Lyonnais,FC Nantes,1,0,H
Ligue 1,2023,2023-12-20,Paris Saint-Germain FC,FC Metz,3,1,H
Ligue 1,2023,2023-12-20,RC Strasbourg Alsace,Lille OSC,2,1,H
Ligue 1,2023,2023-12-20,Stade Brestois 29,FC Lorient,4,0,H
Ligue 1,2023,2023-12-20,Stade de Reims,Le Havre AC,1,0,H
Ligue 1,2023,2024-01-12,Olympique de Marseille,RC Strasbourg Alsace,1,1,D
Ligue 1,2023,2024-01-13,AS Monaco FC,Stade de Reims,1,3,A
Ligue 1,2023,2024-01-13,Stade Rennais FC 1901,OGC Nice,2,0,H
Ligue 1,2023,2024-01-14,Lille OSC,FC Lorient,3,0,H
Ligue 1,2023,2024-01-14,FC Metz,Toulouse FC,0,1,A
Ligue 1,2023,2024-01-14,FC Nantes,Clermont Foot 63,1,2,A
Ligue 1,2023,2024-01-14,Stade Brestois 29,Montpellier HSC,2,0,H
Ligue 1,2023,2024-01-14,Le Havre AC,Olympique Lyonnais,3,1,H
Ligue 1,2023,2024-01-14,Racing Club de Lens,Paris Saint-Germain FC,0,2,A
Ligue 1,2023,2024-01-26,Olympique Lyonnais,Stade Rennais FC 1901,2,3,A
Ligue 1,2023,2024-01-27,OGC Nice,FC Metz,1,0,H
Ligue 1,2023,2024-01-27,Olympique de Marseille,AS Monaco FC,2,2,D
Ligue 1,2023,2024-01-28,Montpellier HSC,Lille OSC,0,0,D
Ligue 1,2023,2024-01-28,Clermont Foot 63,RC Strasbourg Alsace,1,1,D
Ligue 1,2023,2024-01-28,FC Lorient,Le Havre AC,3,3,D
Ligue 1,2023,2024-01-28,Stade de Reims,FC Nantes,0,0,D
Ligue 1,2023,2024-01-28,Toulouse FC,Racing Club de Lens,0,2,A
Ligue 1,2023,2024-01-28,Paris Saint-Germain FC,Stade Brestois 29,2,2,D
Ligue 1,2023,2024-02-02,RC Strasbourg Alsace,Paris Saint-Germain FC,1,2,A
Ligue 1,2023,2024-02-03,Stade Rennais FC 1901,Montpellier HSC,2,1,H
Ligue 1,2023,2024-02-03,FC Nantes,Racing Club de Lens,0,1,A
Ligue 1,2023,2024-02-04,AS Monaco FC,Le Havre AC,1,1,D
Ligue 1,2023,2024-02-04,Lille OSC,Clermont Foot 63,4,0,H
Ligue 1,2023,2024-02-04,Stade de Reims,Toulouse FC,2,3,A
Ligue 1,2023,2024-02-04,FC Metz,FC Lorient,1,2,A
Ligue 1,2023,2024-02-04,Stade Brestois 29,OGC Nice,0,0,D
Ligue 1,2023,2024-02-04,Olympique Lyonnais,Olympique de Marseille,1,0,H
Ligue 1,2023,2024-02-09,Olympique de Marseille,FC Metz,1,1,D
Ligue 1,2023,2024-02-10,Racing Club de Lens,RC Strasbourg Alsace,3,1,H
Ligue 1,2023,2024-02-10,Paris Saint-Germain FC,Lille OSC,3,1,H
Ligue 1,2023,2024-02-11,Le Havre AC,Stade Rennais FC 1901,0,1,A
Ligue 1,2023,2024-02-11,Clermont Foot 63,Stade Brestois 29,1,1,D
Ligue 1,2023,2024-02-11,FC Lorient,Stade de Reims,2,0,H
Ligue 1,2023,2024-02-11,Toulouse FC,FC Nantes,1,2,A
Ligue 1,2023,2024-02-11,Montpellier HSC,Olympique Lyonnais,1,2,A
Ligue 1,2023,2024-02-11,OGC Nice,AS Monaco FC,2,3,A
Ligue 1,2023,2024-02-16,Olympique Lyonnais,OGC Nice,1,0,H
Ligue 1,2023,2024-02-17,Lille OSC,Le Havre AC,3,0,H
Ligue 1,2023,2024-02-17,FC Nantes,Paris Saint-Germain FC,0,2,A
Ligue 1,2023,2024-02-18,RC Strasbourg Alsace,FC Lorient,1,3,A
Ligue 1,2023,2024-02-18,AS Monaco FC,Toulouse FC,1,2,A
Ligue 1,2023,2024-02-18,Montpellier HSC,FC Metz,3,0,H
Ligue 1,2023,2024-02-18,Stade Rennais FC 1901,Clermont Foot 63,3,1,H
Ligue 1,2023,2024-02-18,Stade de Reims,Racing Club de Lens,1,1,D
Ligue 1,2023,2024-02-18,Stade Brestois 29,Olympique de Marseille,1,0,H
Ligue 1,2023,2024-02-23,FC Metz,Olympique Lyonnais,1,2,A
Ligue 1,2023,2024-02-24,FC Lorient,FC Nantes,0,1,A
Ligue 1,2023,2024-02-24,RC Strasbourg Alsace,Stade Brestois 29,0,3,A
Ligue 1,2023,2024-02-25,Racing Club de Lens,AS Monaco FC,2,3,A
Ligue 1,2023,2024-02-25,Le Havre AC,Stade de Reims,1,2,A
Ligue 1,2023,2024-02-25,Toulouse FC,Lille OSC,3,1,H
Ligue 1,2023,2024-02-25,OGC Nice,Clermont Foot 63,0,0,D
Ligue 1,2023,2024-02-25,Paris Saint-Germain FC,Stade Rennais FC 1901,1,1,D
Ligue 1,2023,2024-02-25,Olympique de Marseille,Montpellier HSC,4,1,H
Ligue 1,2023,2024-03-01,AS Monaco FC,Paris Saint-Germain FC,0,0,D
Ligue 1,2023,2024-03-02,Stade de Reims,Lille OSC,0,1,A
Ligue 1,2023,2024-03-02,Clermont Foot 63,Olympique de Marseille,1,5,A
Ligue 1,2023,2024-03-03,Toulouse FC,OGC Nice,2,1,H
Ligue 1,2023,2024-03-03,FC Nantes,FC Metz,0,2,A
Ligue 1,2023,2024-03-03,Montpellier HSC,RC Strasbourg Alsace,2,2,D
Ligue 1,2023,2024-03-03,Stade Brestois 29,Le Havre AC,1,0,H
Ligue 1,2023,2024-03-03,Stade Rennais FC 1901,FC Lorient,1,2,A
Ligue 1,2023,2024-03-03,Olympique Lyonnais,Racing Club de Lens,0,3,A
Ligue 1,2023,2024-03-08,OGC Nice,Montpellier HSC,1,2,A
Ligue 1,2023,2024-03-09,FC Lorient,Olympique Lyonnais,0,2,A
Ligue 1,2023,2024-03-09,Racing Club de Lens,Stade Brestois 29,1,0,H
Ligue 1,2023,2024-03-10,Paris Saint-Germain FC,Stade de Reims,2,2,D
Ligue 1,2023,2024-03-10,Le Havre AC,Toulouse FC,1,0,H
Ligue 1,2023,2024-03-10,FC Metz,Clermont Foot 63,1,0,H
Ligue 1,2023,2024-03-10,RC Strasbourg Alsace,AS Monaco FC,0,1,A
Ligue 1,2023,2024-03-10,Lille OSC,Stade Rennais FC 1901,2,2,D
Ligue 1,2023,2024-03-10,Olympique de Marseille,FC Nantes,2,0,H
Ligue 1,2023,2024-03-15,Toulouse FC,Olympique Lyonnais,2,3,A
Ligue 1,2023,2024-03-16,FC Nantes,RC Strasbourg Alsace,1,3,A
Ligue 1,2023,2024-03-16,Racing Club de Lens,OGC Nice,1,3,A
Ligue 1,2023,2024-03-17,Stade Brestois 29,Lille OSC,1,1,D
Ligue 1,2023,2024-03-17,AS Monaco FC,FC Lorient,2,2,D
Ligue 1,2023,2024-03-17,Clermont Foot 63,Le Havre AC,2,1,H
Ligue 1,2023,2024-03-17,Stade de Reims,FC Metz,2,1,H
Ligue 1,2023,2024-03-17,Stade Rennais FC 1901,Olympique de Marseille,2,0,H
Ligue 1,2023,2024-03-17,Montpellier HSC,Paris Saint-Germain FC,2,6,A
Ligue 1,2023,2024-03-29,Lille OSC,Racing Club de Lens,2,1,H
Ligue 1,2023,2024-03-30,FC Metz,AS Monaco FC,2,5,A
Ligue 1,2023,2024-03-30,Olympique Lyonnais,Stade de Reims,1,1,D
Ligue 1,2023,2024-03-31,FC Lorient,Stade Brestois 29,0,1,A
Ligue 1,2023,2024-03-31,Le Havre AC,Montpellier HSC,0,2,A
Ligue 1,2023,2024-03-31,Clermont Foot 63,Toulouse FC,0,3,A
Ligue 1,2023,2024-03-31,OGC Nice,FC Nantes,1,2,A
Ligue 1,2023,2024-03-31,RC Strasbourg Alsace,Stade Rennais FC 1901,2,0,H
Ligue 1,2023,2024-03-31,Olympique de Marseille,Paris Saint-Germain FC,0,2,A
Ligue 1,2023,2024-04-05,Lille OSC,Olympique de Marseille,3,1,H
Ligue 1,2023,2024-04-06,Racing Club de Lens,Le Havre AC,1,1,D
Ligue 1,2023,2024-04-06,Paris Saint-Germain FC,Clermont Foot 63,1,1,D
Ligue 1,2023,2024-04-07,Stade Brestois 29,FC Metz,4,3,H
Ligue 1,2023,2024-04-07,Toulouse FC,RC Strasbourg Alsace,0,0,D
Ligue 1,2023,2024-04-07,Montpellier HSC,FC Lorient,2,0,H
Ligue 1,2023,2024-04-07,Stade de Reims,OGC Nice,0,0,D
Ligue 1,2023,2024-04-07,AS Monaco FC,Stade Rennais FC 1901,1,0,H
Ligue 1,2023,2024-04-07,FC Nantes,Olympique Lyonnais,1,3,A
Ligue 1,2023,2024-04-12,FC Metz,Racing Club de Lens,2,1,H
Ligue 1,2023,2024-04-13,RC Strasbourg Alsace,Stade de Reims,3,1,H
Ligue 1,2023,2024-04-13,Stade Rennais FC 1901,Toulouse FC,1,2,A
Ligue 1,2023,2024-04-14,Le Havre AC,FC Nantes,0,1,A
Ligue 1,2023,2024-04-14,Clermont Foot 63,Montpellier HSC,1,1,D
Ligue 1,2023,2024-04-14,Olympique Lyonnais,Stade Brestois 29,4,3,H
Ligue 1,2023,2024-04-19,OGC Nice,FC Lorient,3,0,H
Ligue 1,2023,2024-04-20,FC Nantes,Stade Rennais FC 1901,0,3,A
Ligue 1,2023,2024-04-20,Racing Club de Lens,Clermont Foot 63,1,0,H
Ligue 1,2023,2024-04-21,Le Havre AC,FC Metz,0,1,A
Ligue 1,2023,2024-04-21,Lille OSC,RC Strasbourg Alsace,1,0,H
Ligue 1,2023,2024-04-21,Stade de Reims,Montpellier HSC,1,2,A
Ligue 1,2023,2024-04-21,Stade Brestois 29,AS Monaco FC,0,2,A
Ligue 1,2023,2024-04-21,Toulouse FC,Olympique de Marseille,2,2,D
Ligue 1,2023,2024-04-21,Paris Saint-Germain FC,Olympique Lyonnais,4,1,H
Ligue 1,2023,2024-04-24,FC Lorient,Paris Saint-Germain FC,1,4,A
Ligue 1,2023,2024-04-24,AS Monaco FC,Lille OSC,1,0,H
Ligue 1,2023,2024-04-24,Olympique de Marseille,OGC Nice,2,2,D
Ligue 1,2023,2024-04-26,Montpellier HSC,FC Nantes,1,1,D
Ligue 1,2023,2024-04-27,Paris Saint-Germain FC,Le Havre AC,3,3,D
Ligue 1,2023,2024-04-28,FC Metz,Lille OSC,1,2,A
Ligue 1,2023,2024-04-28,Clermont Foot 63,Stade de Reims,4,1,H
Ligue 1,2023,2024-04-28,FC Lorient,Toulouse FC,1,2,A
Ligue 1,2023,2024-04-28,RC Strasbourg Alsace,OGC Nice,1,3,A
Ligue 1,2023,2024-04-28,Stade Rennais FC 1901,Stade Brestois 29,4,5,A
Ligue 1,2023,2024-04-28,Olympique Lyonnais,AS Monaco FC,3,2,H
Ligue 1,2023,2024-04-28,Olympique de Marseille,Racing Club de Lens,2,1,H
Ligue 1,2023,2024-05-03,Toulouse FC,Montpellier HSC,1,2,A
Ligue 1,2023,2024-05-03,Racing Club de Lens,FC Lorient,2,0,H
Ligue 1,2023,2024-05-04,Le Havre AC,RC Strasbourg Alsace,3,1,H
Ligue 1,2023,2024-05-04,AS Monaco FC,Clermont Foot 63,4,1,H
Ligue 1,2023,2024-05-04,FC Metz,Stade Rennais FC 1901,2,3,A
Ligue 1,2023,2024-05-04,Stade Brestois 29,FC Nantes,0,0,D
Ligue 1,2023,2024-05-06,Lille OSC,Olympique Lyonnais,3,4,A
Ligue 1,2023,2024-05-10,OGC Nice,Le Havre AC,1,0,H
Ligue 1,2023,2024-05-10,Stade Brestois 29,Stade de Reims,1,1,D
Ligue 1,2023,2024-05-12,Clermont Foot 63,Olympique Lyonnais,0,1,A
Ligue 1,2023,2024-05-12,FC Nantes,Lille OSC,1,2,A
Ligue 1,2023,2024-05-12,Montpellier HSC,AS Monaco FC,0,2,A
Ligue 1,2023,2024-05-12,Olympique de Marseille,FC Lorient,3,1,H
Ligue 1,2023,2024-05-12,Paris Saint-Germain FC,Toulouse FC,1,3,A
Ligue 1,2023,2024-05-12,RC Strasbourg Alsace,FC Metz,2,1,H
Ligue 1,2023,2024-05-12,Stade Rennais FC 1901,Racing Club de Lens,1,1,D
Ligue 1,2023,2024-05-15,OGC Nice,Paris Saint-Germain FC,1,2,A
Ligue 1,2023,2024-05-15,Stade de Reims,Olympique de Marseille,1,0,H
Ligue 1,2023,2024-05-19,Le Havre AC,Olympique de Marseille,1,2,A
Ligue 1,2023,2024-05-19,AS Monaco FC,FC Nantes,4,0,H
Ligue 1,2023,2024-05-19,FC Lorient,Clermont Foot 63,5,0,H
Ligue 1,2023,2024-05-19,FC Metz,Paris Saint-Germain FC,0,2,A
Ligue 1,2023,2024-05-19,Toulouse FC,Stade Brestois 29,0,3,A
Ligue 1,2023,2024-05-19,Olympique Lyonnais,RC Strasbourg Alsace,2,1,H
Ligue 1,2023,2024-05-19,Lille OSC,OGC Nice,2,2,D
Ligue 1,2023,2024-05-19,Racing Club de Lens,Montpellier HSC,2,2,D
Ligue 1,2023,2024-05-19,Stade de Reims,Stade Rennais FC 1901,2,1,H
Ligue 1,2024,2024-08-16,Le Havre AC,Paris Saint-Germain FC,1,4,A
Ligue 1,2024,2024-08-17,Stade Brestois 29,Olympique de Marseille,1,5,A
Ligue 1,2024,2024-08-17,Stade de Reims,Lille OSC,0,2,A
Ligue 1,2024,2024-08-17,AS Monaco FC,AS Saint-Étienne,1,0,H
Ligue 1,2024,2024-08-18,AJ Auxerre,OGC Nice,2,1,H
Ligue 1,2024,2024-08-18,Montpellier HSC,RC Strasbourg Alsace,1,1,D
Ligue 1,2024,2024-08-18,Toulouse FC,FC Nantes,0,0,D
Ligue 1,2024,2024-08-18,Angers SCO,Racing Club de Lens,0,1,A
Ligue 1,2024,2024-08-18,Stade Rennais FC 1901,Olympique Lyonnais,3,0,H
Ligue 1,2024,2024-08-23,Paris Saint-Germain FC,Montpellier HSC,6,0,H
Ligue 1,2024,2024-08-24,Olympique Lyonnais,AS Monaco FC,0,2,A
Ligue 1,2024,2024-08-24,Lille OSC,Angers SCO,2,0,H
Ligue 1,2024,2024-08-24,AS Saint-Étienne,Le Havre AC,0,2,A
Ligue 1,2024,2024-08-25,Racing Club de Lens,Stade Brestois 29,2,0,H
Ligue 1,2024,2024-08-25,RC Strasbourg Alsace,Stade Rennais FC 1901,3,1,H
Ligue 1,2024,2024-08-25,FC Nantes,AJ Auxerre,2,0,H
Ligue 1,2024,2024-08-25,OGC Nice,Toulouse FC,1,1,D
Ligue 1,2024,2024-08-25,Olympique de Marseille,Stade de Reims,2,2,D
Ligue 1,2024,2024-08-30,Olympique Lyonnais,RC Strasbourg Alsace,4,3,H
Ligue 1,2024,2024-08-31,Stade Brestois 29,AS Saint-Étienne,4,0,H
Ligue 1,2024,2024-08-31,Montpellier HSC,FC Nantes,1,3,A
Ligue 1,2024,2024-08-31,Toulouse FC,Olympique de Marseille,1,3,A
Ligue 1,2024,2024-09-01,AS Monaco FC,Racing Club de Lens,1,1,D
Ligue 1,2024,2024-09-01,Angers SCO,OGC Nice,1,4,A
Ligue 1,2024,2024-09-01,Le Havre AC,AJ Auxerre,3,1,H
Ligue 1,2024,2024-09-01,Stade de Reims,Stade Rennais FC 1901,2,1,H
Ligue 1,2024,2024-09-01,Lille OSC,Paris Saint-Germain FC,1,3,A
Ligue 1,2024,2024-09-13,AS Saint-Étienne,Lille OSC,1,0,H
Ligue 1,2024,2024-09-14,Olympique de Marseille,OGC Nice,2,0,H
Ligue 1,2024,2024-09-14,AJ Auxerre,AS Monaco FC,0,3,A
Ligue 1,2024,2024-09-14,Paris Saint-Germain FC,Stade Brestois 29,3,1,H
Ligue 1,2024,2024-09-15,Stade Rennais FC 1901,Montpellier HSC,3,0,H
Ligue 1,2024,2024-09-15,FC Nantes,Stade de Reims,1,2,A
Ligue 1,2024,2024-09-15,Toulouse FC,Le Havre AC,2,0,H
Ligue 1,2024,2024-09-15,RC Strasbourg Alsace,Angers SCO,1,1,D
Ligue 1,2024,2024-09-15,Racing Club de Lens,Olympique Lyonnais,0,0,D
Ligue 1,2024,2024-09-20,OGC Nice,AS Saint-Étienne,8,0,H
Ligue 1,2024,2024-09-21,Lille OSC,RC Strasbourg Alsace,3,3,D
Ligue 1,2024,2024-09-21,Stade Rennais FC 1901,Racing Club de Lens,1,1,D
Ligue 1,2024,2024-09-21,Stade de Reims,Paris Saint-Germain FC,1,1,D
Ligue 1,2024,2024-09-22,AS Monaco FC,Le Havre AC,3,1,H
Ligue 1,2024,2024-09-22,Stade Brestois 29,Toulouse FC,2,0,H
Ligue 1,2024,2024-09-22,Angers SCO,FC Nantes,1,1,D
Ligue 1,2024,2024-09-22,Montpellier HSC,AJ Auxerre,3,2,H
Ligue 1,2024,2024-09-22,Olympique Lyonnais,Olympique de Marseille,2,3,A
Ligue 1,2024,2024-09-27,AJ Auxerre,Stade Brestois 29,3,0,H
Ligue 1,2024,2024-09-27,Paris Saint-Germain FC,Stade Rennais FC 1901,3,1,H
Ligue 1,2024,2024-09-28,Racing Club de Lens,OGC Nice,0,0,D
Ligue 1,2024,2024-09-28,Le Havre AC,Lille OSC,0,3,A
Ligue 1,2024,2024-09-28,AS Monaco FC,Montpellier HSC,2,1,H
Ligue 1,2024,2024-09-29,Toulouse FC,Olympique Lyonnais,1,2,A
Ligue 1,2024,2024-09-29,FC Nantes,AS Saint-Étienne,2,2,D
Ligue 1,2024,2024-09-29,Angers SCO,Stade de Reims,1,3,A
Ligue 1,2024,2024-09-29,RC Strasbourg Alsace,Olympique de Marseille,1,0,H
Ligue 1,2024,2024-10-04,Olympique de Marseille,Angers SCO,1,1,D
Ligue 1,2024,2024-10-05,AS Saint-Étienne,AJ Auxerre,3,1,H
Ligue 1,2024,2024-10-05,Lille OSC,Toulouse FC,2,1,H
Ligue 1,2024,2024-10-05,Stade Rennais FC 1901,AS Monaco FC,1,2,A
Ligue 1,2024,2024-10-06,Olympique Lyonnais,FC Nantes,2,0,H
Ligue 1,2024,2024-10-06,Stade Brestois 29,Le Havre AC,2,0,H
Ligue 1,2024,2024-10-06,RC Strasbourg Alsace,Racing Club de Lens,2,2,D
Ligue 1,2024,2024-10-06,Stade de Reims,Montpellier HSC,4,2,H
Ligue 1,2024,2024-10-06,OGC Nice,Paris Saint-Germain FC,1,1,D
Ligue 1,2024,2024-10-18,AS Monaco FC,Lille OSC,0,0,D
Ligue 1,2024,2024-10-19,Stade Brestois 29,Stade Rennais FC 1901,1,1,D
Ligue 1,2024,2024-10-19,AS Saint-Étienne,Racing Club de Lens,0,2,A
Ligue 1,2024,2024-10-19,Paris Saint-Germain FC,RC Strasbourg Alsace,4,2,H
Ligue 1,2024,2024-10-20,Le Havre AC,Olympique Lyonnais,0,4,A
Ligue 1,2024,2024-10-20,AJ Auxerre,Stade de Reims,2,1,H
Ligue 1,2024,2024-10-20,Toulouse FC,Angers SCO,1,1,D
Ligue 1,2024,2024-10-20,FC Nantes,OGC Nice,1,1,D
Ligue 1,2024,2024-10-20,Montpellier HSC,Olympique de Marseille,0,5,A
Ligue 1,2024,2024-10-25,Stade Rennais FC 1901,Le Havre AC,1,0,H
Ligue 1,2024,2024-10-26,Angers SCO,AS Saint-Étienne,4,2,H
Ligue 1,2024,2024-10-26,Stade de Reims,Stade Brestois 29,1,2,A
Ligue 1,2024,2024-10-26,Racing Club de Lens,Lille OSC,0,2,A
Ligue 1,2024,2024-10-27,Olympique Lyonnais,AJ Auxerre,2,2,D
Ligue 1,2024,2024-10-27,OGC Nice,AS Monaco FC,2,1,H
Ligue 1,2024,2024-10-27,Montpellier HSC,Toulouse FC,0,3,A
Ligue 1,2024,2024-10-27,RC Strasbourg Alsace,FC Nantes,3,1,H
Ligue 1,2024,2024-10-27,Olympique de Marseille,Paris Saint-Germain FC,0,3,A
Ligue 1,2024,2024-11-01,AS Monaco FC,Angers SCO,0,1,A
Ligue 1,2024,2024-11-01,Lille OSC,Olympique Lyonnais,1,1,D
Ligue 1,2024,2024-11-02,Paris Saint-Germain FC,Racing Club de Lens,1,0,H
Ligue 1,2024,2024-11-02,Stade Brestois 29,OGC Nice,0,1,A
Ligue 1,2024,2024-11-02,AS Saint-Étienne,RC Strasbourg Alsace,2,0,H
Ligue 1,2024,2024-11-03,Toulouse FC,Stade de Reims,1,0,H
Ligue 1,2024,2024-11-03,AJ Auxerre,Stade Rennais FC 1901,4,0,H
Ligue 1,2024,2024-11-03,Le Havre AC,Montpellier HSC,1,0,H
Ligue 1,2024,2024-11-03,FC Nantes,Olympique de Marseille,1,2,A
Ligue 1,2024,2024-11-08,Olympique de Marseille,AJ Auxerre,1,3,A
Ligue 1,2024,2024-11-09,RC Strasbourg Alsace,AS Monaco FC,1,3,A
Ligue 1,2024,2024-11-09,Racing Club de Lens,FC Nantes,3,2,H
Ligue 1,2024,2024-11-09,Angers SCO,Paris Saint-Germain FC,2,4,A
Ligue 1,2024,2024-11-10,OGC Nice,Lille OSC,2,2,D
Ligue 1,2024,2024-11-10,Montpellier HSC,Stade Brestois 29,3,1,H
Ligue 1,2024,2024-11-10,Le Havre AC,Stade de Reims,0,3,A
Ligue 1,2024,2024-11-10,Stade Rennais FC 1901,Toulouse FC,0,2,A
Ligue 1,2024,2024-11-10,Olympique Lyonnais,AS Saint-Étienne,1,0,H
Ligue 1,2024,2024-11-22,AS Monaco FC,Stade Brestois 29,3,2,H
Ligue 1,2024,2024-11-22,Paris Saint-Germain FC,Toulouse FC,3,0,H
Ligue 1,2024,2024-11-23,Racing Club de Lens,Olympique de Marseille,1,3,A
Ligue 1,2024,2024-11-23,AS Saint-Étienne,Montpellier HSC,1,0,H
Ligue 1,2024,2024-11-23,Stade de Reims,Olympique Lyonnais,1,1,D
Ligue 1,2024,2024-11-24,Lille OSC,Stade Rennais FC 1901,1,0,H
Ligue 1,2024,2024-11-24,FC Nantes,Le Havre AC,0,2,A
Ligue 1,2024,2024-11-24,AJ Auxerre,Angers SCO,1,0,H
Ligue 1,2024,2024-11-24,OGC Nice,RC Strasbourg Alsace,2,1,H
Ligue 1,2024,2024-11-29,Stade de Reims,Racing Club de Lens,0,2,A
Ligue 1,2024,2024-11-30,Stade Rennais FC 1901,AS Saint-Étienne,5,0,H
Ligue 1,2024,2024-11-30,Stade Brestois 29,RC Strasbourg Alsace,3,1,H
Ligue 1,2024,2024-11-30,Paris Saint-Germain FC,FC Nantes,1,1,D
Ligue 1,2024,2024-12-01,Montpellier HSC,Lille OSC,2,2,D
Ligue 1,2024,2024-12-01,Le Havre AC,Angers SCO,0,1,A
Ligue 1,2024,2024-12-01,Toulouse FC,AJ Auxerre,2,0,H
Ligue 1,2024,2024-12-01,Olympique Lyonnais,OGC Nice,4,1,H
Ligue 1,2024,2024-12-01,Olympique de Marseille,AS Monaco FC,2,1,H
Ligue 1,2024,2024-12-06,Lille OSC,Stade Brestois 29,3,1,H
Ligue 1,2024,2024-12-06,AJ Auxerre,Paris Saint-Germain FC,0,0,D
Ligue 1,2024,2024-12-07,AS Monaco FC,Toulouse FC,2,0,H
Ligue 1,2024,2024-12-07,OGC Nice,Le Havre AC,2,1,H
Ligue 1,2024,2024-12-07,Angers SCO,Olympique Lyonnais,0,3,A
Ligue 1,2024,2024-12-08,Racing Club de Lens,Montpellier HSC,2,0,H
Ligue 1,2024,2024-12-08,RC Strasbourg Alsace,Stade de Reims,0,0,D
Ligue 1,2024,2024-12-08,FC Nantes,Stade Rennais FC 1901,1,0,H
Ligue 1,2024,2024-12-08,AS Saint-Étienne,Olympique de Marseille,0,2,A
Ligue 1,2024,2024-12-13,Toulouse FC,AS Saint-Étienne,2,1,H
Ligue 1,2024,2024-12-14,Olympique de Marseille,Lille OSC,1,1,D
Ligue 1,2024,2024-12-14,AJ Auxerre,Racing Club de Lens,2,2,D
Ligue 1,2024,2024-12-14,Stade de Reims,AS Monaco FC,0,0,D
Ligue 1,2024,2024-12-15,Montpellier HSC,OGC Nice,2,2,D
Ligue 1,2024,2024-12-15,Stade Rennais FC 1901,Angers SCO,2,0,H
Ligue 1,2024,2024-12-15,Le Havre AC,RC Strasbourg Alsace,0,3,A
Ligue 1,2024,2024-12-15,Stade Brestois 29,FC Nantes,4,1,H
Ligue 1,2024,2024-12-15,Paris Saint-Germain FC,Olympique Lyonnais,3,1,H
Ligue 1,2024,2024-12-18,AS Monaco FC,Paris Saint-Germain FC,2,4,A
Ligue 1,2024,2025-01-03,OGC Nice,Stade Rennais FC 1901,3,2,H
Ligue 1,2024,2025-01-04,AS Saint-Étienne,Stade de Reims,3,1,H
Ligue 1,2024,2025-01-04,Lille OSC,FC Nantes,1,1,D
Ligue 1,2024,2025-01-04,Olympique Lyonnais,Montpellier HSC,1,0,H
Ligue 1,2024,2025-01-05,Racing Club de Lens,Toulouse FC,0,1,A
Ligue 1,2024,2025-01-05,Angers SCO,Stade Brestois 29,2,0,H
Ligue 1,2024,2025-01-05,RC Strasbourg Alsace,AJ Auxerre,3,1,H
Ligue 1,2024,2025-01-05,Olympique de Marseille,Le Havre AC,5,1,H
Ligue 1,2024,2025-01-10,FC Nantes,AS Monaco FC,2,2,D
Ligue 1,2024,2025-01-10,AJ Auxerre,Lille OSC,0,0,D
Ligue 1,2024,2025-01-11,Stade Brestois 29,Olympique Lyonnais,2,1,H
Ligue 1,2024,2025-01-11,Stade de Reims,OGC Nice,2,4,A
Ligue 1,2024,2025-01-11,Stade Rennais FC 1901,Olympique de Marseille,1,2,A
Ligue 1,2024,2025-01-12,Le Havre AC,Racing Club de Lens,1,2,A
Ligue 1,2024,2025-01-12,Toulouse FC,RC Strasbourg Alsace,1,2,A
Ligue 1,2024,2025-01-12,Montpellier HSC,Angers SCO,1,3,A
Ligue 1,2024,2025-01-12,Paris Saint-Germain FC,AS Saint-Étienne,2,1,H
Ligue 1,2024,2025-01-17,Montpellier HSC,AS Monaco FC,2,1,H
Ligue 1,2024,2025-01-17,Lille OSC,OGC Nice,2,1,H
Ligue 1,2024,2025-01-18,Racing Club de Lens,Paris Saint-Germain FC,1,2,A
Ligue 1,2024,2025-01-18,Stade Rennais FC 1901,Stade Brestois 29,1,2,A
Ligue 1,2024,2025-01-18,Olympique Lyonnais,Toulouse FC,0,0,D
Ligue 1,2024,2025-01-19,AS Saint-Étienne,FC Nantes,1,1,D
Ligue 1,2024,2025-01-19,Stade de Reims,Le Havre AC,1,1,D
Ligue 1,2024,2025-01-19,Angers SCO,AJ Auxerre,2,0,H
Ligue 1,2024,2025-01-19,Olympique de Marseille,RC Strasbourg Alsace,1,1,D
Ligue 1,2024,2025-01-24,AJ Auxerre,AS Saint-Étienne,1,1,D
Ligue 1,2024,2025-01-25,AS Monaco FC,Stade Rennais FC 1901,3,2,H
Ligue 1,2024,2025-01-25,RC Strasbourg Alsace,Lille OSC,2,1,H
Ligue 1,2024,2025-01-25,Paris Saint-Germain FC,Stade de Reims,1,1,D
Ligue 1,2024,2025-01-26,Le Havre AC,Stade Brestois 29,0,1,A
Ligue 1,2024,2025-01-26,FC Nantes,Olympique Lyonnais,1,1,D
Ligue 1,2024,2025-01-26,Toulouse FC,Montpellier HSC,1,2,A
Ligue 1,2024,2025-01-26,Racing Club de Lens,Angers SCO,1,0,H
Ligue 1,2024,2025-01-26,OGC Nice,Olympique de Marseille,2,0,H
Ligue 1,2024,2025-01-31,Montpellier HSC,Racing Club de Lens,0,2,A
Ligue 1,2024,2025-02-01,Stade Brestois 29,Paris Saint-Germain FC,2,5,A
Ligue 1,2024,2025-02-01,AS Monaco FC,AJ Auxerre,4,2,H
Ligue 1,2024,2025-02-01,Lille OSC,AS Saint-Étienne,4,1,H
Ligue 1,2024,2025-02-02,Toulouse FC,OGC Nice,1,1,D
Ligue 1,2024,2025-02-02,Stade de Reims,FC Nantes,1,2,A
Ligue 1,2024,2025-02-02,Angers SCO,Le Havre AC,1,1,D
Ligue 1,2024,2025-02-02,Stade Rennais FC 1901,RC Strasbourg Alsace,1,0,H
Ligue 1,2024,2025-02-02,Olympique de Marseille,Olympique Lyonnais,3,2,H
Ligue 1,2024,2025-02-07,FC Nantes,Stade Brestois 29,0,2,A
Ligue 1,2024,2025-02-07,Paris Saint-Germain FC,AS Monaco FC,4,1,H
Ligue 1,2024,2025-02-08,OGC Nice,Racing Club de Lens,2,0,H
Ligue 1,2024,2025-02-08,Lille OSC,Le Havre AC,1,2,A
Ligue 1,2024,2025-02-08,AS Saint-Étienne,Stade Rennais FC 1901,0,2,A
Ligue 1,2024,2025-02-09,Olympique Lyonnais,Stade de Reims,4,0,H
Ligue 1,2024,2025-02-09,AJ Auxerre,Toulouse FC,2,2,D
Ligue 1,2024,2025-02-09,RC Strasbourg Alsace,Montpellier HSC,2,0,H
Ligue 1,2024,2025-02-09,Angers SCO,Olympique de Marseille,0,2,A
Ligue 1,2024,2025-02-14,Stade Brestois 29,AJ Auxerre,2,2,D
Ligue 1,2024,2025-02-15,Olympique de Marseille,AS Saint-Étienne,5,1,H
Ligue 1,2024,2025-02-15,AS Monaco FC,FC Nantes,7,1,H
Ligue 1,2024,2025-02-15,Toulouse FC,Paris Saint-Germain FC,0,1,A
Ligue 1,2024,2025-02-16,Montpellier HSC,Olympique Lyonnais,1,4,A
Ligue 1,2024,2025-02-16,Racing Club de Lens,RC Strasbourg Alsace,0,2,A
Ligue 1,2024,2025-02-16,Stade de Reims,Angers SCO,0,1,A
Ligue 1,2024,2025-02-16,Le Havre AC,OGC Nice,1,3,A
Ligue 1,2024,2025-02-16,Stade Rennais FC 1901,Lille OSC,0,2,A
Ligue 1,2024,2025-02-21,Stade Rennais FC 1901,Stade de Reims,1,0,H
Ligue 1,2024,2025-02-22,Lille OSC,AS Monaco FC,2,1,H
Ligue 1,2024,2025-02-22,AS Saint-Étienne,Angers SCO,3,3,D
Ligue 1,2024,2025-02-22,AJ Auxerre,Olympique de Marseille,3,0,H
Ligue 1,2024,2025-02-23,FC Nantes,Racing Club de Lens,3,1,H
Ligue 1,2024,2025-02-23,Le Havre AC,Toulouse FC,1,4,A
Ligue 1,2024,2025-02-23,RC Strasbourg Alsace,Stade Brestois 29,0,0,D
Ligue 1,2024,2025-02-23,OGC Nice,Montpellier HSC,2,0,H
Ligue 1,2024,2025-02-23,Olympique Lyonnais,Paris Saint-Germain FC,2,3,A
Ligue 1,2024,2025-02-28,AS Monaco FC,Stade de Reims,3,0,H
Ligue 1,2024,2025-03-01,AS Saint-Étienne,OGC Nice,1,3,A
Ligue 1,2024,2025-03-01,Racing Club de Lens,Le Havre AC,3,4,A
Ligue 1,2024,2025-03-01,Paris Saint-Germain FC,Lille OSC,4,1,H
Ligue 1,2024,2025-03-02,Olympique Lyonnais,Stade Brestois 29,2,1,H
Ligue 1,2024,2025-03-02,Montpellier HSC,Stade Rennais FC 1901,0,4,A
Ligue 1,2024,2025-03-02,AJ Auxerre,RC Strasbourg Alsace,0,1,A
Ligue 1,2024,2025-03-02,Angers SCO,Toulouse FC,0,4,A
Ligue 1,2024,2025-03-02,Olympique de Marseille,FC Nantes,2,0,H
Ligue 1,2024,2025-03-07,Toulouse FC,AS Monaco FC,1,1,D
Ligue 1,2024,2025-03-08,Stade Rennais FC 1901,Paris Saint-Germain FC,1,4,A
Ligue 1,2024,2025-03-08,Lille OSC,Montpellier HSC,1,0,H
Ligue 1,2024,2025-03-08,Olympique de Marseille,Racing Club de Lens,0,1,A
Ligue 1,2024,2025-03-09,Stade Brestois 29,Angers SCO,2,0,H
Ligue 1,2024,2025-03-09,Le Havre AC,AS Saint-Étienne,1,1,D
Ligue 1,2024,2025-03-09,Stade de Reims,AJ Auxerre,0,2,A
Ligue 1,2024,2025-03-09,FC Nantes,RC Strasbourg Alsace,0,1,A
Ligue 1,2024,2025-03-09,OGC Nice,Olympique Lyonnais,0,2,A
Ligue 1,2024,2025-03-14,OGC Nice,AJ Auxerre,1,1,D
Ligue 1,2024,2025-03-15,FC Nantes,Lille OSC,1,0,H
Ligue 1,2024,2025-03-15,Angers SCO,AS Monaco FC,0,2,A
Ligue 1,2024,2025-03-15,Racing Club de Lens,Stade Rennais FC 1901,1,0,H
Ligue 1,2024,2025-03-16,Olympique Lyonnais,Le Havre AC,4,2,H
Ligue 1,2024,2025-03-16,Stade Brestois 29,Stade de Reims,0,0,D
Ligue 1,2024,2025-03-16,RC Strasbourg Alsace,Toulouse FC,2,1,H
Ligue 1,2024,2025-03-16,Paris Saint-Germain FC,Olympique de Marseille,3,1,H
Ligue 1,2024,2025-03-28,RC Strasbourg Alsace,Olympique Lyonnais,4,2,H
Ligue 1,2024,2025-03-29,Stade de Reims,Olympique de Marseille,3,1,H
Ligue 1,2024,2025-03-29,AS Saint-Étienne,Paris Saint-Germain FC,1,6,A
Ligue 1,2024,2025-03-29,AS Monaco FC,OGC Nice,2,1,H
Ligue 1,2024,2025-03-30,Toulouse FC,Stade Brestois 29,2,4,A
Ligue 1,2024,2025-03-30,Angers SCO,Stade Rennais FC 1901,0,3,A
Ligue 1,2024,2025-03-30,AJ Auxerre,Montpellier HSC,1,0,H
Ligue 1,2024,2025-03-30,Le Havre AC,FC Nantes,3,2,H
Ligue 1,2024,2025-03-30,Lille OSC,Racing Club de Lens,1,0,H
Ligue 1,2024,2025-04-04,OGC Nice,FC Nantes,1,2,A
Ligue 1,2024,2025-04-05,Paris Saint-Germain FC,Angers SCO,1,0,H
Ligue 1,2024,2025-04-05,Stade Brestois 29,AS Monaco FC,2,1,H
Ligue 1,2024,2025-04-05,Olympique Lyonnais,Lille OSC,2,1,H
Ligue 1,2024,2025-04-06,Racing Club de Lens,AS Saint-Étienne,1,0,H
Ligue 1,2024,2025-04-06,Montpellier HSC,Le Havre AC,0,2,A
Ligue 1,2024,2025-04-06,Stade de Reims,RC Strasbourg Alsace,0,1,A
Ligue 1,2024,2025-04-06,Stade Rennais FC 1901,AJ Auxerre,0,1,A
Ligue 1,2024,2025-04-06,Olympique de Marseille,Toulouse FC,3,2,H
Ligue 1,2024,2025-04-11,Racing Club de Lens,Stade de Reims,0,2,A
Ligue 1,2024,2025-04-12,AS Monaco FC,Olympique de Marseille,3,0,H
Ligue 1,2024,2025-04-12,Toulouse FC,Lille OSC,1,2,A
Ligue 1,2024,2025-04-12,RC Strasbourg Alsace,OGC Nice,2,2,D
Ligue 1,2024,2025-04-13,AS Saint-Étienne,Stade Brestois 29,3,3,D
Ligue 1,2024,2025-04-13,Le Havre AC,Stade Rennais FC 1901,1,5,A
Ligue 1,2024,2025-04-13,Angers SCO,Montpellier HSC,2,0,H
Ligue 1,2024,2025-04-13,AJ Auxerre,Olympique Lyonnais,1,3,A
Ligue 1,2024,2025-04-18,Stade Rennais FC 1901,FC Nantes,2,1,H
Ligue 1,2024,2025-04-19,Paris Saint-Germain FC,Le Havre AC,2,1,H
Ligue 1,2024,2025-04-19,AS Monaco FC,RC Strasbourg Alsace,0,0,D
Ligue 1,2024,2025-04-19,Olympique de Marseille,Montpellier HSC,5,1,H
Ligue 1,2024,2025-04-20,Lille OSC,AJ Auxerre,3,1,H
Ligue 1,2024,2025-04-20,OGC Nice,Angers SCO,2,1,H
Ligue 1,2024,2025-04-20,Stade Brestois 29,Racing Club de Lens,1,3,A
Ligue 1,2024,2025-04-20,Stade de Reims,Toulouse FC,1,0,H
Ligue 1,2024,2025-04-20,AS Saint-Étienne,Olympique Lyonnais,2,1,H
Ligue 1,2024,2025-04-22,FC Nantes,Paris Saint-Germain FC,1,1,D
Ligue 1,2024,2025-04-25,Paris Saint-Germain FC,OGC Nice,1,3,A
Ligue 1,2024,2025-04-26,RC Strasbourg Alsace,AS Saint-Étienne,3,1,H
Ligue 1,2024,2025-04-26,Le Havre AC,AS Monaco FC,1,1,D
Ligue 1,2024,2025-04-26,Olympique Lyonnais,Stade Rennais FC 1901,4,1,H
Ligue 1,2024,2025-04-27,Angers SCO,Lille OSC,0,2,A
Ligue 1,2024,2025-04-27,FC Nantes,Toulouse FC,0,0,D
Ligue 1,2024,2025-04-27,Montpellier HSC,Stade de Reims,0,0,D
Ligue 1,2024,2025-04-27,Racing Club de Lens,AJ Auxerre,0,4,A
Ligue 1,2024,2025-04-27,Olympique de Marseille,Stade Brestois 29,4,1,H
Ligue 1,2024,2025-05-02,OGC Nice,Stade de Reims,1,0,H
Ligue 1,2024,2025-05-03,RC Strasbourg Alsace,Paris Saint-Germain FC,2,1,H
Ligue 1,2024,2025-05-03,Toulouse FC,Stade Rennais FC 1901,2,1,H
Ligue 1,2024,2025-05-03,AS Saint-Étienne,AS Monaco FC,1,3,A
Ligue 1,2024,2025-05-04,FC Nantes,Angers SCO,0,1,A
Ligue 1,2024,2025-05-04,Olympique Lyonnais,Racing Club de Lens,1,2,A
Ligue 1,2024,2025-05-04,Stade Brestois 29,Montpellier HSC,1,0,H
Ligue 1,2024,2025-05-04,AJ Auxerre,Le Havre AC,1,2,A
Ligue 1,2024,2025-05-04,Lille OSC,Olympique de Marseille,1,1,D
Ligue 1,2024,2025-05-10,Stade de Reims,AS Saint-Étienne,0,2,A
Ligue 1,2024,2025-05-10,AJ Auxerre,FC Nantes,1,1,D
Ligue 1,2024,2025-05-10,Angers SCO,RC Strasbourg Alsace,2,1,H
Ligue 1,2024,2025-05-10,Le Havre AC,Olympique de Marseille,1,3,A
Ligue 1,2024,2025-05-10,Stade Rennais FC 1901,OGC Nice,2,0,H
Ligue 1,2024,2025-05-10,Montpellier HSC,Paris Saint-Germain FC,1,4,A
Ligue 1,2024,2025-05-10,Toulouse FC,Racing Club de Lens,1,1,D
Ligue 1,2024,2025-05-10,Stade Brestois 29,Lille OSC,2,0,H
Ligue 1,2024,2025-05-10,AS Monaco FC,Olympique Lyonnais,2,0,H
Ligue 1,2024,2025-05-17,Olympique de Marseille,Stade Rennais FC 1901,4,2,H
Ligue 1,2024,2025-05-17,Olympique Lyonnais,Angers SCO,2,0,H
Ligue 1,2024,2025-05-17,OGC Nice,Stade Brestois 29,6,0,H
Ligue 1,2024,2025-05-17,AS Saint-Étienne,Toulouse FC,2,3,A
Ligue 1,2024,2025-05-17,Lille OSC,Stade de Reims,2,1,H
Ligue 1,2024,2025-05-17,RC Strasbourg Alsace,Le Havre AC,2,3,A
Ligue 1,2024,2025-05-17,FC Nantes,Montpellier HSC,3,0,H
Ligue 1,2024,2025-05-17,Racing Club de Lens,AS Monaco FC,4,0,H
Ligue 1,2024,2025-05-17,Paris Saint-Germain FC,AJ Auxerre,3,1,H
Ligue 1,2025,2025-08-15,Stade Rennais FC 1901,Olympique de Marseille,1,0,H
Ligue 1,2025,2025-08-16,Racing Club de Lens,Olympique Lyonnais,0,1,A
Ligue 1,2025,2025-08-16,AS Monaco FC,Le Havre AC,3,1,H
Ligue 1,2025,2025-08-16,OGC Nice,Toulouse FC,0,1,A
Ligue 1,2025,2025-08-17,Stade Brestois 29,Lille OSC,3,3,D
Ligue 1,2025,2025-08-17,AJ Auxerre,FC Lorient,1,0,H
Ligue 1,2025,2025-08-17,FC Metz,RC Strasbourg Alsace,0,1,A
Ligue 1,2025,2025-08-17,Angers SCO,Paris FC,1,0,H
Ligue 1,2025,2025-08-17,FC Nantes,Paris Saint-Germain FC,0,1,A
Ligue 1,2025,2025-08-22,Paris Saint-Germain FC,Angers SCO,1,0,H
Ligue 1,2025,2025-08-23,Olympique de Marseille,Paris FC,5,2,H
Ligue 1,2025,2025-08-23,OGC Nice,AJ Auxerre,3,1,H
Ligue 1,2025,2025-08-23,Olympique Lyonnais,FC Metz,3,0,H
Ligue 1,2025,2025-08-24,FC Lorient,Stade Rennais FC 1901,4,0,H
Ligue 1,2025,2025-08-24,Le Havre AC,Racing Club de Lens,1,2,A
Ligue 1,2025,2025-08-24,Toulouse FC,Stade Brestois 29,2,0,H
Ligue 1,2025,2025-08-24,RC Strasbourg Alsace,FC Nantes,1,0,H
Ligue 1,2025,2025-08-24,Lille OSC,AS Monaco FC,1,0,H
Ligue 1,2025,2025-08-29,Racing Club de Lens,Stade Brestois 29,3,1,H
Ligue 1,2025,2025-08-30,FC Lorient,Lille OSC,1,7,A
Ligue 1,2025,2025-08-30,FC Nantes,AJ Auxerre,1,0,H
Ligue 1,2025,2025-08-30,Toulouse FC,Paris Saint-Germain FC,3,6,A
Ligue 1,2025,2025-08-31,Angers SCO,Stade Rennais FC 1901,1,1,D
Ligue 1,2025,2025-08-31,Le Havre AC,OGC Nice,3,1,H
Ligue 1,2025,2025-08-31,AS Monaco FC,RC Strasbourg Alsace,3,2,H
Ligue 1,2025,2025-08-31,Paris FC,FC Metz,3,2,H
Ligue 1,2025,2025-08-31,Olympique Lyonnais,Olympique de Marseille,1,0,H
Ligue 1,2025,2025-09-12,Olympique de Marseille,FC Lorient,4,0,H
Ligue 1,2025,2025-09-13,OGC Nice,FC Nantes,1,0,H
Ligue 1,2025,2025-09-13,AJ Auxerre,AS Monaco FC,1,2,A
Ligue 1,2025,2025-09-14,Lille OSC,Toulouse FC,2,1,H
Ligue 1,2025,2025-09-14,FC Metz,Angers SCO,1,1,D
Ligue 1,2025,2025-09-14,Paris Saint-Germain FC,Racing Club de Lens,2,0,H
Ligue 1,2025,2025-09-14,RC Strasbourg Alsace,Le Havre AC,1,0,H
Ligue 1,2025,2025-09-14,Stade Brestois 29,Paris FC,1,2,A
Ligue 1,2025,2025-09-14,Stade Rennais FC 1901,Olympique Lyonnais,3,1,H
Ligue 1,2025,2025-09-19,Olympique Lyonnais,Angers SCO,1,0,H
Ligue 1,2025,2025-09-20,FC Nantes,Stade Rennais FC 1901,2,2,D
Ligue 1,2025,2025-09-20,Stade Brestois 29,OGC Nice,4,1,H
Ligue 1,2025,2025-09-20,Racing Club de Lens,Lille OSC,3,0,H
Ligue 1,2025,2025-09-21,Paris FC,RC Strasbourg Alsace,2,3,A
Ligue 1,2025,2025-09-21,Le Havre AC,FC Lorient,1,1,D
Ligue 1,2025,2025-09-21,AJ Auxerre,Toulouse FC,1,0,H
Ligue 1,2025,2025-09-21,AS Monaco FC,FC Metz,5,2,H
Ligue 1,2025,2025-09-22,Olympique de Marseille,Paris Saint-Germain FC,1,0,H
Ligue 1,2025,2025-09-26,RC Strasbourg Alsace,Olympique de Marseille,1,2,A
Ligue 1,2025,2025-09-27,FC Lorient,AS Monaco FC,3,1,H
Ligue 1,2025,2025-09-27,Toulouse FC,FC Nantes,2,2,D
Ligue 1,2025,2025-09-27,Paris Saint-Germain FC,AJ Auxerre,2,0,H
Ligue 1,2025,2025-09-28,OGC Nice,Paris FC,1,1,D
Ligue 1,2025,2025-09-28,FC Metz,Le Havre AC,0,0,D
Ligue 1,2025,2025-09-28,Lille OSC,Olympique Lyonnais,0,1,A
Ligue 1,2025,2025-09-28,Angers SCO,Stade Brestois 29,0,2,A
Ligue 1,2025,2025-09-28,Stade Rennais FC 1901,Racing Club de Lens,0,0,D
Ligue 1,2025,2025-10-03,Paris FC,FC Lorient,2,0,H
Ligue 1,2025,2025-10-04,FC Metz,Olympique de Marseille,0,3,A
Ligue 1,2025,2025-10-04,Stade Brestois 29,FC Nantes,0,0,D
Ligue 1,2025,2025-10-04,AJ Auxerre,Racing Club de Lens,1,2,A
Ligue 1,2025,2025-10-05,Olympique Lyonnais,Toulouse FC,1,2,A
Ligue 1,2025,2025-10-05,RC Strasbourg Alsace,Angers SCO,5,0,H
Ligue 1,2025,2025-10-05,Le Havre AC,Stade Rennais FC 1901,2,2,D
Ligue 1,2025,2025-10-05,AS Monaco FC,OGC Nice,2,2,D
Ligue 1,2025,2025-10-05,Lille OSC,Paris Saint-Germain FC,1,1,D
Ligue 1,2025,2025-10-17,Paris Saint-Germain FC,RC Strasbourg Alsace,3,3,D
Ligue 1,2025,2025-10-18,OGC Nice,Olympique Lyonnais,3,2,H
Ligue 1,2025,2025-10-18,Angers SCO,AS Monaco FC,1,1,D
Ligue 1,2025,2025-10-18,Olympique de Marseille,Le Havre AC,6,2,H
Ligue 1,2025,2025-10-19,Racing Club de Lens,Paris FC,2,1,H
Ligue 1,2025,2025-10-19,FC Lorient,Stade Brestois 29,3,3,D
Ligue 1,2025,2025-10-19,Toulouse FC,FC Metz,4,0,H
Ligue 1,2025,2025-10-19,Stade Rennais FC 1901,AJ Auxerre,2,2,D
Ligue 1,2025,2025-10-19,FC Nantes,Lille OSC,0,2,A
Ligue 1,2025,2025-10-24,Paris FC,FC Nantes,1,2,A
Ligue 1,2025,2025-10-25,Stade Brestois 29,Paris Saint-Germain FC,0,3,A
Ligue 1,2025,2025-10-25,AS Monaco FC,Toulouse FC,1,0,H
Ligue 1,2025,2025-10-25,Racing Club de Lens,Olympique de Marseille,2,1,H
Ligue 1,2025,2025-10-26,Lille OSC,FC Metz,6,1,H
Ligue 1,2025,2025-10-26,AJ Auxerre,Le Havre AC,0,1,A
Ligue 1,2025,2025-10-26,Angers SCO,FC Lorient,2,0,H
Ligue 1,2025,2025-10-26,Stade Rennais FC 1901,OGC Nice,1,2,A
Ligue 1,2025,2025-10-26,Olympique Lyonnais,RC Strasbourg Alsace,2,1,H
Ligue 1,2025,2025-10-29,Le Havre AC,Stade Brestois 29,1,0,H
Ligue 1,2025,2025-10-29,FC Lorient,Paris Saint-Germain FC,1,1,D
Ligue 1,2025,2025-10-29,FC Metz,Racing Club de Lens,2,0,H
Ligue 1,2025,2025-10-29,OGC Nice,Lille OSC,2,0,H
Ligue 1,2025,2025-10-29,FC Nantes,AS Monaco FC,3,5,A
Ligue 1,2025,2025-10-29,Paris FC,Olympique Lyonnais,3,3,D
Ligue 1,2025,2025-10-29,Toulouse FC,Stade Rennais FC 1901,2,2,D
Ligue 1,2025,2025-10-29,Olympique de Marseille,Angers SCO,2,2,D
Ligue 1,2025,2025-10-29,RC Strasbourg Alsace,AJ Auxerre,3,0,H
Ligue 1,2025,2025-11-01,Paris Saint-Germain FC,OGC Nice,1,0,H
Ligue 1,2025,2025-11-01,AS Monaco FC,Paris FC,0,1,A
Ligue 1,2025,2025-11-01,AJ Auxerre,Olympique de Marseille,0,1,A
Ligue 1,2025,2025-11-02,Stade Rennais FC 1901,RC Strasbourg Alsace,4,1,H
Ligue 1,2025,2025-11-02,FC Nantes,FC Metz,0,2,A
Ligue 1,2025,2025-11-02,Toulouse FC,Le Havre AC,0,0,D
Ligue 1,2025,2025-11-02,Lille OSC,Angers SCO,1,0,H
Ligue 1,2025,2025-11-02,Racing Club de Lens,FC Lorient,3,0,H
Ligue 1,2025,2025-11-02,Stade Brestois 29,Olympique Lyonnais,0,0,D
Ligue 1,2025,2025-11-07,Paris FC,Stade Rennais FC 1901,0,1,A
Ligue 1,2025,2025-11-08,Olympique de Marseille,Stade Brestois 29,3,0,H
Ligue 1,2025,2025-11-08,Le Havre AC,FC Nantes,1,1,D
Ligue 1,2025,2025-11-08,AS Monaco FC,Racing Club de Lens,1,4,A
Ligue 1,2025,2025-11-09,FC Lorient,Toulouse FC,1,1,D
Ligue 1,2025,2025-11-09,FC Metz,OGC Nice,2,1,H
Ligue 1,2025,2025-11-09,RC Strasbourg Alsace,Lille OSC,2,0,H
Ligue 1,2025,2025-11-09,Angers SCO,AJ Auxerre,2,0,H
Ligue 1,2025,2025-11-09,Olympique Lyonnais,Paris Saint-Germain FC,2,3,A
Ligue 1,2025,2025-11-21,OGC Nice,Olympique de Marseille,1,5,A
Ligue 1,2025,2025-11-22,Racing Club de Lens,RC Strasbourg Alsace,1,0,H
Ligue 1,2025,2025-11-22,Stade Rennais FC 1901,AS Monaco FC,4,1,H
Ligue 1,2025,2025-11-22,Paris Saint-Germain FC,Le Havre AC,3,0,H
Ligue 1,2025,2025-11-23,AJ Auxerre,Olympique Lyonnais,0,0,D
Ligue 1,2025,2025-11-23,FC Nantes,FC Lorient,1,1,D
Ligue 1,2025,2025-11-23,Toulouse FC,Angers SCO,0,1,A
Ligue 1,2025,2025-11-23,Stade Brestois 29,FC Metz,3,2,H
Ligue 1,2025,2025-11-23,Lille OSC,Paris FC,4,2,H
Ligue 1,2025,2025-11-28,FC Metz,Stade Rennais FC 1901,0,1,A
Ligue 1,2025,2025-11-29,AS Monaco FC,Paris Saint-Germain FC,1,0,H
Ligue 1,2025,2025-11-29,Paris FC,AJ Auxerre,1,1,D
Ligue 1,2025,2025-11-29,Olympique de Marseille,Toulouse FC,2,2,D
Ligue 1,2025,2025-11-30,RC Strasbourg Alsace,Stade Brestois 29,1,2,A
Ligue 1,2025,2025-11-30,Le Havre AC,Lille OSC,0,1,A
Ligue 1,2025,2025-11-30,FC Lorient,OGC Nice,3,1,H
Ligue 1,2025,2025-11-30,Angers SCO,Racing Club de Lens,1,2,A
Ligue 1,2025,2025-11-30,Olympique Lyonnais,FC Nantes,3,0,H
Ligue 1,2025,2025-12-05,Stade Brestois 29,AS Monaco FC,1,0,H
Ligue 1,2025,2025-12-05,Lille OSC,Olympique de Marseille,1,0,H
Ligue 1,2025,2025-12-06,FC Nantes,Racing Club de Lens,1,2,A
Ligue 1,2025,2025-12-06,Toulouse FC,RC Strasbourg Alsace,1,0,H
Ligue 1,2025,2025-12-06,Paris Saint-Germain FC,Stade Rennais FC 1901,5,0,H
Ligue 1,2025,2025-12-07,OGC Nice,Angers SCO,0,1,A
Ligue 1,2025,2025-12-07,Le Havre AC,Paris FC,0,0,D
Ligue 1,2025,2025-12-07,AJ Auxerre,FC Metz,3,1,H
Ligue 1,2025,2025-12-07,FC Lorient,Olympique Lyonnais,1,0,H
Ligue 1,2025,2025-12-12,Angers SCO,FC Nantes,4,1,H
Ligue 1,2025,2025-12-13,Stade Rennais FC 1901,Stade Brestois 29,3,1,H
Ligue 1,2025,2025-12-13,FC Metz,Paris Saint-Germain FC,2,3,A
Ligue 1,2025,2025-12-13,Paris FC,Toulouse FC,0,3,A
Ligue 1,2025,2025-12-14,Olympique Lyonnais,Le Havre AC,1,0,H
Ligue 1,2025,2025-12-14,AJ Auxerre,Lille OSC,3,4,A
Ligue 1,2025,2025-12-14,RC Strasbourg Alsace,FC Lorient,0,0,D
Ligue 1,2025,2025-12-14,Racing Club de Lens,OGC Nice,2,0,H
Ligue 1,2025,2025-12-14,Olympique de Marseille,AS Monaco FC,1,0,H
Ligue 1,2025,2026-01-02,Toulouse FC,Racing Club de Lens,0,3,A
Ligue 1,2025,2026-01-03,AS Monaco FC,Olympique Lyonnais,1,3,A
Ligue 1,2025,2026-01-03,OGC Nice,RC Strasbourg Alsace,1,1,D
Ligue 1,2025,2026-01-03,Lille OSC,Stade Rennais FC 1901,0,2,A
Ligue 1,2025,2026-01-04,Olympique de Marseille,FC Nantes,0,2,A
Ligue 1,2025,2026-01-04,Le Havre AC,Angers SCO,2,1,H
Ligue 1,2025,2026-01-04,FC Lorient,FC Metz,1,1,D
Ligue 1,2025,2026-01-04,Stade Brestois 29,AJ Auxerre,2,0,H
Ligue 1,2025,2026-01-04,Paris Saint-Germain FC,Paris FC,2,1,H
Ligue 1,2025,2026-01-16,AS Monaco FC,FC Lorient,1,3,A
Ligue 1,2025,2026-01-16,Paris Saint-Germain FC,Lille OSC,3,0,H
Ligue 1,2025,2026-01-17,Racing Club de Lens,AJ Auxerre,1,0,H
Ligue 1,2025,2026-01-17,Toulouse FC,OGC Nice,5,1,H
Ligue 1,2025,2026-01-17,Angers SCO,Olympique de Marseille,2,5,A
Ligue 1,2025,2026-01-18,RC Strasbourg Alsace,FC Metz,2,1,H
Ligue 1,2025,2026-01-18,FC Nantes,Paris FC,1,2,A
Ligue 1,2025,2026-01-18,Stade Rennais FC 1901,Le Havre AC,1,1,D
Ligue 1,2025,2026-01-18,Olympique Lyonnais,Stade Brestois 29,2,1,H
Ligue 1,2025,2026-01-23,AJ Auxerre,Paris Saint-Germain FC,0,1,A
Ligue 1,2025,2026-01-24,Stade Rennais FC 1901,FC Lorient,0,2,A
Ligue 1,2025,2026-01-24,Le Havre AC,AS Monaco FC,0,0,D
Ligue 1,2025,2026-01-24,Olympique de Marseille,Racing Club de Lens,3,1,H
Ligue 1,2025,2026-01-25,FC Nantes,OGC Nice,1,4,A
Ligue 1,2025,2026-01-25,FC Metz,Olympique Lyonnais,2,5,A
Ligue 1,2025,2026-01-25,Paris FC,Angers SCO,0,0,D
Ligue 1,2025,2026-01-25,Stade Brestois 29,Toulouse FC,0,2,A
Ligue 1,2025,2026-01-25,Lille OSC,RC Strasbourg Alsace,1,4,A
Ligue 1,2025,2026-01-30,Racing Club de Lens,Le Havre AC,1,0,H
Ligue 1,2025,2026-01-31,Paris FC,Olympique de Marseille,2,2,D
Ligue 1,2025,2026-01-31,FC Lorient,FC Nantes,2,1,H
Ligue 1,2025,2026-01-31,AS Monaco FC,Stade Rennais FC 1901,4,0,H
Ligue 1,2025,2026-02-01,Olympique Lyonnais,Lille OSC,1,0,H
Ligue 1,2025,2026-02-01,Toulouse FC,AJ Auxerre,0,0,D
Ligue 1,2025,2026-02-01,OGC Nice,Stade Brestois 29,2,2,D
Ligue 1,2025,2026-02-01,Angers SCO,FC Metz,1,0,H
Ligue 1,2025,2026-02-01,RC Strasbourg Alsace,Paris Saint-Germain FC,1,2,A
Ligue 1,2025,2026-02-06,FC Metz,Lille OSC,0,0,D
Ligue 1,2025,2026-02-07,Racing Club de Lens,Stade Rennais FC 1901,3,1,H
Ligue 1,2025,2026-02-07,Stade Brestois 29,FC Lorient,2,0,H
Ligue 1,2025,2026-02-07,FC Nantes,Olympique Lyonnais,0,1,A
Ligue 1,2025,2026-02-08,OGC Nice,AS Monaco FC,0,0,D
Ligue 1,2025,2026-02-08,Le Havre AC,RC Strasbourg Alsace,2,1,H
Ligue 1,2025,2026-02-08,AJ Auxerre,Paris FC,0,0,D
Ligue 1,2025,2026-02-08,Angers SCO,Toulouse FC,1,0,H
Ligue 1,2025,2026-02-08,Paris Saint-Germain FC,Olympique de Marseille,5,0,H
Ligue 1,2025,2026-02-13,Stade Rennais FC 1901,Paris Saint-Germain FC,3,1,H
Ligue 1,2025,2026-02-13,AS Monaco FC,FC Nantes,3,1,H
Ligue 1,2025,2026-02-14,Olympique de Marseille,RC Strasbourg Alsace,2,2,D
Ligue 1,2025,2026-02-14,Lille OSC,Stade Brestois 29,1,1,D
Ligue 1,2025,2026-02-14,Paris FC,Racing Club de Lens,0,5,A
Ligue 1,2025,2026-02-15,Le Havre AC,Toulouse FC,2,1,H
Ligue 1,2025,2026-02-15,FC Lorient,Angers SCO,2,0,H
Ligue 1,2025,2026-02-15,FC Metz,AJ Auxerre,1,3,A
Ligue 1,2025,2026-02-15,Olympique Lyonnais,OGC Nice,2,0,H
Ligue 1,2025,2026-02-20,Stade Brestois 29,Olympique de Marseille,2,0,H
Ligue 1,2025,2026-02-21,Racing Club de Lens,AS Monaco FC,2,3,A
Ligue 1,2025,2026-02-21,Toulouse FC,Paris FC,1,1,D
Ligue 1,2025,2026-02-21,Paris Saint-Germain FC,FC Metz,3,0,H
Ligue 1,2025,2026-02-22,AJ Auxerre,Stade Rennais FC 1901,0,3,A
Ligue 1,2025,2026-02-22,FC Nantes,Le Havre AC,2,0,H
Ligue 1,2025,2026-02-22,OGC Nice,FC Lorient,3,3,D
Ligue 1,2025,2026-02-22,Angers SCO,Lille OSC,0,1,A
Ligue 1,2025,2026-02-22,RC Strasbourg Alsace,Olympique Lyonnais,3,1,H
Ligue 1,2025,2026-02-27,RC Strasbourg Alsace,Racing Club de Lens,1,1,D
Ligue 1,2025,2026-02-28,Stade Rennais FC 1901,Toulouse FC,1,0,H
Ligue 1,2025,2026-02-28,AS Monaco FC,Angers SCO,2,0,H
Ligue 1,2025,2026-02-28,Le Havre AC,Paris Saint-Germain FC,0,1,A
Ligue 1,2025,2026-03-01,Paris FC,OGC Nice,1,0,H
Ligue 1,2025,2026-03-01,FC Lorient,AJ Auxerre,2,2,D
Ligue 1,2025,2026-03-01,FC Metz,Stade Brestois 29,0,1,A
Ligue 1,2025,2026-03-01,Lille OSC,FC Nantes,1,0,H
Ligue 1,2025,2026-03-01,Olympique de Marseille,Olympique Lyonnais,3,2,H
Ligue 1,2025,2026-03-06,Paris Saint-Germain FC,AS Monaco FC,1,3,A
Ligue 1,2025,2026-03-07,FC Nantes,Angers SCO,0,1,A
Ligue 1,2025,2026-03-07,AJ Auxerre,RC Strasbourg Alsace,0,0,D
Ligue 1,2025,2026-03-07,Toulouse FC,Olympique de Marseille,0,1,A
Ligue 1,2025,2026-03-08,Racing Club de Lens,FC Metz,3,0,H
Ligue 1,2025,2026-03-08,OGC Nice,Stade Rennais FC 1901,0,4,A
Ligue 1,2025,2026-03-08,Lille OSC,FC Lorient,1,1,D
Ligue 1,2025,2026-03-08,Stade Brestois 29,Le Havre AC,2,0,H
Ligue 1,2025,2026-03-08,Olympique Lyonnais,Paris FC,1,1,D
Ligue 1,2025,2026-03-13,Olympique de Marseille,AJ Auxerre,1,0,H
Ligue 1,2025,2026-03-14,FC Lorient,Racing Club de Lens,2,1,H
Ligue 1,2025,2026-03-14,Angers SCO,OGC Nice,0,2,A
Ligue 1,2025,2026-03-14,AS Monaco FC,Stade Brestois 29,2,0,H
Ligue 1,2025,2026-03-15,RC Strasbourg Alsace,Paris FC,0,0,D
Ligue 1,2025,2026-03-15,Le Havre AC,Olympique Lyonnais,0,0,D
Ligue 1,2025,2026-03-15,FC Metz,Toulouse FC,3,4,A
Ligue 1,2025,2026-03-15,Stade Rennais FC 1901,Lille OSC,1,2,A
Ligue 1,2025,2026-03-20,Racing Club de Lens,Angers SCO,5,1,H
Ligue 1,2025,2026-03-21,Toulouse FC,FC Lorient,1,0,H
Ligue 1,2025,2026-03-21,AJ Auxerre,Stade Brestois 29,3,0,H
Ligue 1,2025,2026-03-21,OGC Nice,Paris Saint-Germain FC,0,4,A
Ligue 1,2025,2026-03-22,Olympique Lyonnais,AS Monaco FC,1,2,A
Ligue 1,2025,2026-03-22,Paris FC,Le Havre AC,3,2,H
Ligue 1,2025,2026-03-22,Olympique de Marseille,Lille OSC,1,2,A
Ligue 1,2025,2026-03-22,Stade Rennais FC 1901,FC Metz,0,0,D
Ligue 1,2025,2026-03-22,FC Nantes,RC Strasbourg Alsace,2,3,A
Ligue 1,2025,2026-04-03,Paris Saint-Germain FC,Toulouse FC,3,1,H
Ligue 1,2025,2026-04-04,RC Strasbourg Alsace,OGC Nice,3,1,H
Ligue 1,2025,2026-04-04,Stade Brestois 29,Stade Rennais FC 1901,3,4,A
Ligue 1,2025,2026-04-04,Lille OSC,Racing Club de Lens,3,0,H
Ligue 1,2025,2026-04-05,Angers SCO,Olympique Lyonnais,0,0,D
Ligue 1,2025,2026-04-05,Le Havre AC,AJ Auxerre,1,1,D
Ligue 1,2025,2026-04-05,FC Lorient,Paris FC,1,1,D
Ligue 1,2025,2026-04-05,FC Metz,FC Nantes,0,0,D
Ligue 1,2025,2026-04-05,AS Monaco FC,Olympique de Marseille,2,1,H
Ligue 1,2025,2026-04-10,Paris FC,AS Monaco FC,4,1,H
Ligue 1,2025,2026-04-10,Olympique de Marseille,FC Metz,3,1,H
Ligue 1,2025,2026-04-11,AJ Auxerre,FC Nantes,0,0,D
Ligue 1,2025,2026-04-11,Stade Rennais FC 1901,Angers SCO,2,1,H
Ligue 1,2025,2026-04-12,Toulouse FC,Lille OSC,0,4,A
Ligue 1,2025,2026-04-12,OGC Nice,Le Havre AC,1,1,D
Ligue 1,2025,2026-04-12,Olympique Lyonnais,FC Lorient,2,0,H
Ligue 1,2025,2026-04-17,Racing Club de Lens,Toulouse FC,3,2,H
Ligue 1,2025,2026-04-18,FC Lorient,Olympique de Marseille,2,0,H
Ligue 1,2025,2026-04-18,Angers SCO,Le Havre AC,1,1,D
Ligue 1,2025,2026-04-18,Lille OSC,OGC Nice,0,0,D
Ligue 1,2025,2026-04-19,AS Monaco FC,AJ Auxerre,2,2,D
Ligue 1,2025,2026-04-19,FC Metz,Paris FC,1,3,A
Ligue 1,2025,2026-04-19,FC Nantes,Stade Brestois 29,1,1,D
Ligue 1,2025,2026-04-19,RC Strasbourg Alsace,Stade Rennais FC 1901,0,3,A
Ligue 1,2025,2026-04-19,Paris Saint-Germain FC,Olympique Lyonnais,1,2,A
Premier League,2023,2023-08-11,Burnley FC,Manchester City FC,0,3,A
Premier League,2023,2023-08-12,Arsenal FC,Nottingham Forest FC,2,1,H
Premier League,2023,2023-08-12,AFC Bournemouth,West Ham United FC,1,1,D
Premier League,2023,2023-08-12,Brighton & Hove Albion FC,Luton Town FC,4,1,H
Premier League,2023,2023-08-12,Everton FC,Fulham FC,0,1,A
Premier League,2023,2023-08-12,Sheffield United FC,Crystal Palace FC,0,1,A
Premier League,2023,2023-08-12,Newcastle United FC,Aston Villa FC,5,1,H
Premier League,2023,2023-08-13,Brentford FC,Tottenham Hotspur FC,2,2,D
Premier League,2023,2023-08-13,Chelsea FC,Liverpool FC,1,1,D
Premier League,2023,2023-08-14,Manchester United FC,Wolverhampton Wanderers FC,1,0,H
Premier League,2023,2023-08-18,Nottingham Forest FC,Sheffield United FC,2,1,H
Premier League,2023,2023-08-19,Fulham FC,Brentford FC,0,3,A
Premier League,2023,2023-08-19,Liverpool FC,AFC Bournemouth,3,1,H
Premier League,2023,2023-08-19,Wolverhampton Wanderers FC,Brighton & Hove Albion FC,1,4,A
Premier League,2023,2023-08-19,Tottenham Hotspur FC,Manchester United FC,2,0,H
Premier League,2023,2023-08-19,Manchester City FC,Newcastle United FC,1,0,H
Premier League,2023,2023-08-20,Aston Villa FC,Everton FC,4,0,H
Premier League,2023,2023-08-20,West Ham United FC,Chelsea FC,3,1,H
Premier League,2023,2023-08-21,Crystal Palace FC,Arsenal FC,0,1,A
Premier League,2023,2023-08-25,Chelsea FC,Luton Town FC,3,0,H
Premier League,2023,2023-08-26,AFC Bournemouth,Tottenham Hotspur FC,0,2,A
Premier League,2023,2023-08-26,Everton FC,Wolverhampton Wanderers FC,0,1,A
Premier League,2023,2023-08-26,Manchester United FC,Nottingham Forest FC,3,2,H
Premier League,2023,2023-08-26,Arsenal FC,Fulham FC,2,2,D
Premier League,2023,2023-08-26,Brentford FC,Crystal Palace FC,1,1,D
Premier League,2023,2023-08-26,Brighton & Hove Albion FC,West Ham United FC,1,3,A
Premier League,2023,2023-08-27,Sheffield United FC,Manchester City FC,1,2,A
Premier League,2023,2023-08-27,Burnley FC,Aston Villa FC,1,3,A
Premier League,2023,2023-08-27,Newcastle United FC,Liverpool FC,1,2,A
Premier League,2023,2023-09-01,Luton Town FC,West Ham United FC,1,2,A
Premier League,2023,2023-09-02,Sheffield United FC,Everton FC,2,2,D
Premier League,2023,2023-09-02,Brentford FC,AFC Bournemouth,2,2,D
Premier League,2023,2023-09-02,Burnley FC,Tottenham Hotspur FC,2,5,A
Premier League,2023,2023-09-02,Chelsea FC,Nottingham Forest FC,0,1,A
Premier League,2023,2023-09-02,Manchester City FC,Fulham FC,5,1,H
Premier League,2023,2023-09-02,Brighton & Hove Albion FC,Newcastle United FC,3,1,H
Premier League,2023,2023-09-03,Crystal Palace FC,Wolverhampton Wanderers FC,3,2,H
Premier League,2023,2023-09-03,Liverpool FC,Aston Villa FC,3,0,H
Premier League,2023,2023-09-03,Arsenal FC,Manchester United FC,3,1,H
Premier League,2023,2023-09-16,Wolverhampton Wanderers FC,Liverpool FC,1,3,A
Premier League,2023,2023-09-16,Aston Villa FC,Crystal Palace FC,3,1,H
Premier League,2023,2023-09-16,Fulham FC,Luton Town FC,1,0,H
Premier League,2023,2023-09-16,Manchester United FC,Brighton & Hove Albion FC,1,3,A
Premier League,2023,2023-09-16,Tottenham Hotspur FC,Sheffield United FC,2,1,H
Premier League,2023,2023-09-16,West Ham United FC,Manchester City FC,1,3,A
Premier League,2023,2023-09-16,Newcastle United FC,Brentford FC,1,0,H
Premier League,2023,2023-09-17,AFC Bournemouth,Chelsea FC,0,0,D
Premier League,2023,2023-09-17,Everton FC,Arsenal FC,0,1,A
Premier League,2023,2023-09-18,Nottingham Forest FC,Burnley FC,1,1,D
Premier League,2023,2023-09-23,Crystal Palace FC,Fulham FC,0,0,D
Premier League,2023,2023-09-23,Luton Town FC,Wolverhampton Wanderers FC,1,1,D
Premier League,2023,2023-09-23,Manchester City FC,Nottingham Forest FC,2,0,H
Premier League,2023,2023-09-23,Brentford FC,Everton FC,1,3,A
Premier League,2023,2023-09-23,Burnley FC,Manchester United FC,0,1,A
Premier League,2023,2023-09-24,Arsenal FC,Tottenham Hotspur FC,2,2,D
Premier League,2023,2023-09-24,Brighton & Hove Albion FC,AFC Bournemouth,3,1,H
Premier League,2023,2023-09-24,Chelsea FC,Aston Villa FC,0,1,A
Premier League,2023,2023-09-24,Liverpool FC,West Ham United FC,3,1,H
Premier League,2023,2023-09-24,Sheffield United FC,Newcastle United FC,0,8,A
Premier League,2023,2023-09-30,Aston Villa FC,Brighton & Hove Albion FC,6,1,H
Premier League,2023,2023-09-30,AFC Bournemouth,Arsenal FC,0,4,A
Premier League,2023,2023-09-30,Everton FC,Luton Town FC,1,2,A
Premier League,2023,2023-09-30,Manchester United FC,Crystal Palace FC,0,1,A
Premier League,2023,2023-09-30,Newcastle United FC,Burnley FC,2,0,H
Premier League,2023,2023-09-30,West Ham United FC,Sheffield United FC,2,0,H
Premier League,2023,2023-09-30,Wolverhampton Wanderers FC,Manchester City FC,2,1,H
Premier League,2023,2023-09-30,Tottenham Hotspur FC,Liverpool FC,2,1,H
Premier League,2023,2023-10-01,Nottingham Forest FC,Brentford FC,1,1,D
Premier League,2023,2023-10-02,Fulham FC,Chelsea FC,0,2,A
Premier League,2023,2023-10-03,Luton Town FC,Burnley FC,1,2,A
Premier League,2023,2023-10-07,Luton Town FC,Tottenham Hotspur FC,0,1,A
Premier League,2023,2023-10-07,Burnley FC,Chelsea FC,1,4,A
Premier League,2023,2023-10-07,Everton FC,AFC Bournemouth,3,0,H
Premier League,2023,2023-10-07,Fulham FC,Sheffield United FC,3,1,H
Premier League,2023,2023-10-07,Manchester United FC,Brentford FC,2,1,H
Premier League,2023,2023-10-07,Crystal Palace FC,Nottingham Forest FC,0,0,D
Premier League,2023,2023-10-08,Brighton & Hove Albion FC,Liverpool FC,2,2,D
Premier League,2023,2023-10-08,West Ham United FC,Newcastle United FC,2,2,D
Premier League,2023,2023-10-08,Wolverhampton Wanderers FC,Aston Villa FC,1,1,D
Premier League,2023,2023-10-08,Arsenal FC,Manchester City FC,1,0,H
Premier League,2023,2023-10-21,Liverpool FC,Everton FC,2,0,H
Premier League,2023,2023-10-21,AFC Bournemouth,Wolverhampton Wanderers FC,1,2,A
Premier League,2023,2023-10-21,Brentford FC,Burnley FC,3,0,H
Premier League,2023,2023-10-21,Manchester City FC,Brighton & Hove Albion FC,2,1,H
Premier League,2023,2023-10-21,Newcastle United FC,Crystal Palace FC,4,0,H
Premier League,2023,2023-10-21,Nottingham Forest FC,Luton Town FC,2,2,D
Premier League,2023,2023-10-21,Chelsea FC,Arsenal FC,2,2,D
Premier League,2023,2023-10-21,Sheffield United FC,Manchester United FC,1,2,A
Premier League,2023,2023-10-22,Aston Villa FC,West Ham United FC,4,1,H
Premier League,2023,2023-10-23,Tottenham Hotspur FC,Fulham FC,2,0,H
Premier League,2023,2023-10-27,Crystal Palace FC,Tottenham Hotspur FC,1,2,A
Premier League,2023,2023-10-28,Chelsea FC,Brentford FC,0,2,A
Premier League,2023,2023-10-28,AFC Bournemouth,Burnley FC,2,1,H
Premier League,2023,2023-10-28,Arsenal FC,Sheffield United FC,5,0,H
Premier League,2023,2023-10-28,Wolverhampton Wanderers FC,Newcastle United FC,2,2,D
Premier League,2023,2023-10-29,West Ham United FC,Everton FC,0,1,A
Premier League,2023,2023-10-29,Aston Villa FC,Luton Town FC,3,1,H
Premier League,2023,2023-10-29,Brighton & Hove Albion FC,Fulham FC,1,1,D
Premier League,2023,2023-10-29,Liverpool FC,Nottingham Forest FC,3,0,H
Premier League,2023,2023-10-29,Manchester United FC,Manchester City FC,0,3,A
Premier League,2023,2023-11-04,Fulham FC,Manchester United FC,0,1,A
Premier League,2023,2023-11-04,Brentford FC,West Ham United FC,3,2,H
Premier League,2023,2023-11-04,Burnley FC,Crystal Palace FC,0,2,A
Premier League,2023,2023-11-04,Everton FC,Brighton & Hove Albion FC,1,1,D
Premier League,2023,2023-11-04,Manchester City FC,AFC Bournemouth,6,1,H
Premier League,2023,2023-11-04,Sheffield United FC,Wolverhampton Wanderers FC,2,1,H
Premier League,2023,2023-11-04,Newcastle United FC,Arsenal FC,1,0,H
Premier League,2023,2023-11-05,Nottingham Forest FC,Aston Villa FC,2,0,H
Premier League,2023,2023-11-05,Luton Town FC,Liverpool FC,1,1,D
Premier League,2023,2023-11-06,Tottenham Hotspur FC,Chelsea FC,1,4,A
Premier League,2023,2023-11-11,Wolverhampton Wanderers FC,Tottenham Hotspur FC,2,1,H
Premier League,2023,2023-11-11,Arsenal FC,Burnley FC,3,1,H
Premier League,2023,2023-11-11,Crystal Palace FC,Everton FC,2,3,A
Premier League,2023,2023-11-11,Manchester United FC,Luton Town FC,1,0,H
Premier League,2023,2023-11-11,AFC Bournemouth,Newcastle United FC,2,0,H
Premier League,2023,2023-11-12,Aston Villa FC,Fulham FC,3,1,H
Premier League,2023,2023-11-12,Brighton & Hove Albion FC,Sheffield United FC,1,1,D
Premier League,2023,2023-11-12,Liverpool FC,Brentford FC,3,0,H
Premier League,2023,2023-11-12,West Ham United FC,Nottingham Forest FC,3,2,H
Premier League,2023,2023-11-12,Chelsea FC,Manchester City FC,4,4,D
Premier League,2023,2023-11-25,Manchester City FC,Liverpool FC,1,1,D
Premier League,2023,2023-11-25,Burnley FC,West Ham United FC,1,2,A
Premier League,2023,2023-11-25,Luton Town FC,Crystal Palace FC,2,1,H
Premier League,2023,2023-11-25,Newcastle United FC,Chelsea FC,4,1,H
Premier League,2023,2023-11-25,Nottingham Forest FC,Brighton & Hove Albion FC,2,3,A
Premier League,2023,2023-11-25,Sheffield United FC,AFC Bournemouth,1,3,A
Premier League,2023,2023-11-25,Brentford FC,Arsenal FC,0,1,A
Premier League,2023,2023-11-26,Tottenham Hotspur FC,Aston Villa FC,1,2,A
Premier League,2023,2023-11-26,Everton FC,Manchester United FC,0,3,A
Premier League,2023,2023-11-27,Fulham FC,Wolverhampton Wanderers FC,3,2,H
Premier League,2023,2023-12-02,Arsenal FC,Wolverhampton Wanderers FC,2,1,H
Premier League,2023,2023-12-02,Brentford FC,Luton Town FC,3,1,H
Premier League,2023,2023-12-02,Burnley FC,Sheffield United FC,5,0,H
Premier League,2023,2023-12-02,Nottingham Forest FC,Everton FC,0,1,A
Premier League,2023,2023-12-02,Newcastle United FC,Manchester United FC,1,0,H
Premier League,2023,2023-12-03,AFC Bournemouth,Aston Villa FC,2,2,D
Premier League,2023,2023-12-03,Chelsea FC,Brighton & Hove Albion FC,3,2,H
Premier League,2023,2023-12-03,Liverpool FC,Fulham FC,4,3,H
Premier League,2023,2023-12-03,West Ham United FC,Crystal Palace FC,1,1,D
Premier League,2023,2023-12-03,Manchester City FC,Tottenham Hotspur FC,3,3,D
Premier League,2023,2023-12-05,Wolverhampton Wanderers FC,Burnley FC,1,0,H
Premier League,2023,2023-12-05,Luton Town FC,Arsenal FC,3,4,A
Premier League,2023,2023-12-06,Brighton & Hove Albion FC,Brentford FC,2,1,H
Premier League,2023,2023-12-06,Fulham FC,Nottingham Forest FC,5,0,H
Premier League,2023,2023-12-06,Sheffield United FC,Liverpool FC,0,2,A
Premier League,2023,2023-12-06,Crystal Palace FC,AFC Bournemouth,0,2,A
Premier League,2023,2023-12-06,Aston Villa FC,Manchester City FC,1,0,H
Premier League,2023,2023-12-06,Manchester United FC,Chelsea FC,2,1,H
Premier League,2023,2023-12-07,Everton FC,Newcastle United FC,3,0,H
Premier League,2023,2023-12-07,Tottenham Hotspur FC,West Ham United FC,1,2,A
Premier League,2023,2023-12-09,Crystal Palace FC,Liverpool FC,1,2,A
Premier League,2023,2023-12-09,Brighton & Hove Albion FC,Burnley FC,1,1,D
Premier League,2023,2023-12-09,Manchester United FC,AFC Bournemouth,0,3,A
Premier League,2023,2023-12-09,Sheffield United FC,Brentford FC,1,0,H
Premier League,2023,2023-12-09,Wolverhampton Wanderers FC,Nottingham Forest FC,1,1,D
Premier League,2023,2023-12-09,Aston Villa FC,Arsenal FC,1,0,H
Premier League,2023,2023-12-10,Everton FC,Chelsea FC,2,0,H
Premier League,2023,2023-12-10,Fulham FC,West Ham United FC,5,0,H
Premier League,2023,2023-12-10,Luton Town FC,Manchester City FC,1,2,A
Premier League,2023,2023-12-10,Tottenham Hotspur FC,Newcastle United FC,4,1,H
Premier League,2023,2023-12-15,Nottingham Forest FC,Tottenham Hotspur FC,0,2,A
Premier League,2023,2023-12-16,Chelsea FC,Sheffield United FC,2,0,H
Premier League,2023,2023-12-16,Manchester City FC,Crystal Palace FC,2,2,D
Premier League,2023,2023-12-16,Newcastle United FC,Fulham FC,3,0,H
Premier League,2023,2023-12-16,Burnley FC,Everton FC,0,2,A
Premier League,2023,2023-12-17,Arsenal FC,Brighton & Hove Albion FC,2,0,H
Premier League,2023,2023-12-17,Brentford FC,Aston Villa FC,1,2,A
Premier League,2023,2023-12-17,West Ham United FC,Wolverhampton Wanderers FC,3,0,H
Premier League,2023,2023-12-17,Liverpool FC,Manchester United FC,0,0,D
Premier League,2023,2023-12-21,Crystal Palace FC,Brighton & Hove Albion FC,1,1,D
Premier League,2023,2023-12-22,Aston Villa FC,Sheffield United FC,1,1,D
Premier League,2023,2023-12-23,West Ham United FC,Manchester United FC,2,0,H
Premier League,2023,2023-12-23,Fulham FC,Burnley FC,0,2,A
Premier League,2023,2023-12-23,Luton Town FC,Newcastle United FC,1,0,H
Premier League,2023,2023-12-23,Nottingham Forest FC,AFC Bournemouth,2,3,A
Premier League,2023,2023-12-23,Tottenham Hotspur FC,Everton FC,2,1,H
Premier League,2023,2023-12-23,Liverpool FC,Arsenal FC,1,1,D
Premier League,2023,2023-12-24,Wolverhampton Wanderers FC,Chelsea FC,2,1,H
Premier League,2023,2023-12-26,Newcastle United FC,Nottingham Forest FC,1,3,A
Premier League,2023,2023-12-26,AFC Bournemouth,Fulham FC,3,0,H
Premier League,2023,2023-12-26,Sheffield United FC,Luton Town FC,2,3,A
Premier League,2023,2023-12-26,Burnley FC,Liverpool FC,0,2,A
Premier League,2023,2023-12-26,Manchester United FC,Aston Villa FC,3,2,H
Premier League,2023,2023-12-27,Brentford FC,Wolverhampton Wanderers FC,1,4,A
Premier League,2023,2023-12-27,Chelsea FC,Crystal Palace FC,2,1,H
Premier League,2023,2023-12-27,Everton FC,Manchester City FC,1,3,A
Premier League,2023,2023-12-28,Brighton & Hove Albion FC,Tottenham Hotspur FC,4,2,H
Premier League,2023,2023-12-28,Arsenal FC,West Ham United FC,0,2,A
Premier League,2023,2023-12-30,Luton Town FC,Chelsea FC,2,3,A
Premier League,2023,2023-12-30,Aston Villa FC,Burnley FC,3,2,H
Premier League,2023,2023-12-30,Crystal Palace FC,Brentford FC,3,1,H
Premier League,2023,2023-12-30,Manchester City FC,Sheffield United FC,2,0,H
Premier League,2023,2023-12-30,Wolverhampton Wanderers FC,Everton FC,3,0,H
Premier League,2023,2023-12-30,Nottingham Forest FC,Manchester United FC,2,1,H
Premier League,2023,2023-12-31,Fulham FC,Arsenal FC,2,1,H
Premier League,2023,2023-12-31,Tottenham Hotspur FC,AFC Bournemouth,3,1,H
Premier League,2023,2024-01-01,Liverpool FC,Newcastle United FC,4,2,H
Premier League,2023,2024-01-02,West Ham United FC,Brighton & Hove Albion FC,0,0,D
Premier League,2023,2024-01-12,Burnley FC,Luton Town FC,1,1,D
Premier League,2023,2024-01-13,Chelsea FC,Fulham FC,1,0,H
Premier League,2023,2024-01-13,Newcastle United FC,Manchester City FC,2,3,A
Premier League,2023,2024-01-14,Everton FC,Aston Villa FC,0,0,D
Premier League,2023,2024-01-14,Manchester United FC,Tottenham Hotspur FC,2,2,D
Premier League,2023,2024-01-20,Arsenal FC,Crystal Palace FC,5,0,H
Premier League,2023,2024-01-20,Brentford FC,Nottingham Forest FC,3,2,H
Premier League,2023,2024-01-21,Sheffield United FC,West Ham United FC,2,2,D
Premier League,2023,2024-01-21,AFC Bournemouth,Liverpool FC,0,4,A
Premier League,2023,2024-01-22,Brighton & Hove Albion FC,Wolverhampton Wanderers FC,0,0,D
Premier League,2023,2024-01-30,Nottingham Forest FC,Arsenal FC,1,2,A
Premier League,2023,2024-01-30,Luton Town FC,Brighton & Hove Albion FC,4,0,H
Premier League,2023,2024-01-30,Fulham FC,Everton FC,0,0,D
Premier League,2023,2024-01-30,Crystal Palace FC,Sheffield United FC,3,2,H
Premier League,2023,2024-01-30,Aston Villa FC,Newcastle United FC,1,3,A
Premier League,2023,2024-01-31,Tottenham Hotspur FC,Brentford FC,3,2,H
Premier League,2023,2024-01-31,Manchester City FC,Burnley FC,3,1,H
Premier League,2023,2024-01-31,Liverpool FC,Chelsea FC,4,1,H
Premier League,2023,2024-02-01,West Ham United FC,AFC Bournemouth,1,1,D
Premier League,2023,2024-02-01,Wolverhampton Wanderers FC,Manchester United FC,3,4,A
Premier League,2023,2024-02-03,Everton FC,Tottenham Hotspur FC,2,2,D
Premier League,2023,2024-02-03,Brighton & Hove Albion FC,Crystal Palace FC,4,1,H
Premier League,2023,2024-02-03,Burnley FC,Fulham FC,2,2,D
Premier League,2023,2024-02-03,Newcastle United FC,Luton Town FC,4,4,D
Premier League,2023,2024-02-03,Sheffield United FC,Aston Villa FC,0,5,A
Premier League,2023,2024-02-04,AFC Bournemouth,Nottingham Forest FC,1,1,D
Premier League,2023,2024-02-04,Chelsea FC,Wolverhampton Wanderers FC,2,4,A
Premier League,2023,2024-02-04,Manchester United FC,West Ham United FC,3,0,H
Premier League,2023,2024-02-04,Arsenal FC,Liverpool FC,3,1,H
Premier League,2023,2024-02-05,Brentford FC,Manchester City FC,1,3,A
Premier League,2023,2024-02-10,Manchester City FC,Everton FC,2,0,H
Premier League,2023,2024-02-10,Fulham FC,AFC Bournemouth,3,1,H
Premier League,2023,2024-02-10,Liverpool FC,Burnley FC,3,1,H
Premier League,2023,2024-02-10,Luton Town FC,Sheffield United FC,1,3,A
Premier League,2023,2024-02-10,Tottenham Hotspur FC,Brighton & Hove Albion FC,2,1,H
Premier League,2023,2024-02-10,Wolverhampton Wanderers FC,Brentford FC,0,2,A
Premier League,2023,2024-02-10,Nottingham Forest FC,Newcastle United FC,2,3,A
Premier League,2023,2024-02-11,West Ham United FC,Arsenal FC,0,6,A
Premier League,2023,2024-02-11,Aston Villa FC,Manchester United FC,1,2,A
Premier League,2023,2024-02-12,Crystal Palace FC,Chelsea FC,1,3,A
Premier League,2023,2024-02-17,Brentford FC,Liverpool FC,1,4,A
Premier League,2023,2024-02-17,Burnley FC,Arsenal FC,0,5,A
Premier League,2023,2024-02-17,Fulham FC,Aston Villa FC,1,2,A
Premier League,2023,2024-02-17,Newcastle United FC,AFC Bournemouth,2,2,D
Premier League,2023,2024-02-17,Nottingham Forest FC,West Ham United FC,2,0,H
Premier League,2023,2024-02-17,Tottenham Hotspur FC,Wolverhampton Wanderers FC,1,2,A
Premier League,2023,2024-02-17,Manchester City FC,Chelsea FC,1,1,D
Premier League,2023,2024-02-18,Sheffield United FC,Brighton & Hove Albion FC,0,5,A
Premier League,2023,2024-02-18,Luton Town FC,Manchester United FC,1,2,A
Premier League,2023,2024-02-19,Everton FC,Crystal Palace FC,1,1,D
Premier League,2023,2024-02-20,Manchester City FC,Brentford FC,1,0,H
Premier League,2023,2024-02-21,Liverpool FC,Luton Town FC,4,1,H
Premier League,2023,2024-02-24,Aston Villa FC,Nottingham Forest FC,4,2,H
Premier League,2023,2024-02-24,Brighton & Hove Albion FC,Everton FC,1,1,D
Premier League,2023,2024-02-24,Crystal Palace FC,Burnley FC,3,0,H
Premier League,2023,2024-02-24,Manchester United FC,Fulham FC,1,2,A
Premier League,2023,2024-02-24,AFC Bournemouth,Manchester City FC,0,1,A
Premier League,2023,2024-02-24,Arsenal FC,Newcastle United FC,4,1,H
Premier League,2023,2024-02-25,Wolverhampton Wanderers FC,Sheffield United FC,1,0,H
Premier League,2023,2024-02-26,West Ham United FC,Brentford FC,4,2,H
Premier League,2023,2024-03-02,Brentford FC,Chelsea FC,2,2,D
Premier League,2023,2024-03-02,Everton FC,West Ham United FC,1,3,A
Premier League,2023,2024-03-02,Fulham FC,Brighton & Hove Albion FC,3,0,H
Premier League,2023,2024-03-02,Newcastle United FC,Wolverhampton Wanderers FC,3,0,H
Premier League,2023,2024-03-02,Nottingham Forest FC,Liverpool FC,0,1,A
Premier League,2023,2024-03-02,Tottenham Hotspur FC,Crystal Palace FC,3,1,H
Premier League,2023,2024-03-02,Luton Town FC,Aston Villa FC,2,3,A
Premier League,2023,2024-03-03,Burnley FC,AFC Bournemouth,0,2,A
Premier League,2023,2024-03-03,Manchester City FC,Manchester United FC,3,1,H
Premier League,2023,2024-03-04,Sheffield United FC,Arsenal FC,0,6,A
Premier League,2023,2024-03-09,Manchester United FC,Everton FC,2,0,H
Premier League,2023,2024-03-09,AFC Bournemouth,Sheffield United FC,2,2,D
Premier League,2023,2024-03-09,Crystal Palace FC,Luton Town FC,1,1,D
Premier League,2023,2024-03-09,Wolverhampton Wanderers FC,Fulham FC,2,1,H
Premier League,2023,2024-03-09,Arsenal FC,Brentford FC,2,1,H
Premier League,2023,2024-03-10,Aston Villa FC,Tottenham Hotspur FC,0,4,A
Premier League,2023,2024-03-10,Brighton & Hove Albion FC,Nottingham Forest FC,1,0,H
Premier League,2023,2024-03-10,West Ham United FC,Burnley FC,2,2,D
Premier League,2023,2024-03-10,Liverpool FC,Manchester City FC,1,1,D
Premier League,2023,2024-03-11,Chelsea FC,Newcastle United FC,3,2,H
Premier League,2023,2024-03-13,AFC Bournemouth,Luton Town FC,4,3,H
Premier League,2023,2024-03-16,Burnley FC,Brentford FC,2,1,H
Premier League,2023,2024-03-16,Luton Town FC,Nottingham Forest FC,1,1,D
Premier League,2023,2024-03-16,Fulham FC,Tottenham Hotspur FC,3,0,H
Premier League,2023,2024-03-17,West Ham United FC,Aston Villa FC,1,1,D
Premier League,2023,2024-03-30,Newcastle United FC,West Ham United FC,4,3,H
Premier League,2023,2024-03-30,AFC Bournemouth,Everton FC,2,1,H
Premier League,2023,2024-03-30,Chelsea FC,Burnley FC,2,2,D
Premier League,2023,2024-03-30,Nottingham Forest FC,Crystal Palace FC,1,1,D
Premier League,2023,2024-03-30,Sheffield United FC,Fulham FC,3,3,D
Premier League,2023,2024-03-30,Tottenham Hotspur FC,Luton Town FC,2,1,H
Premier League,2023,2024-03-30,Aston Villa FC,Wolverhampton Wanderers FC,2,0,H
Premier League,2023,2024-03-30,Brentford FC,Manchester United FC,1,1,D
Premier League,2023,2024-03-31,Liverpool FC,Brighton & Hove Albion FC,2,1,H
Premier League,2023,2024-03-31,Manchester City FC,Arsenal FC,0,0,D
Premier League,2023,2024-04-02,Nottingham Forest FC,Fulham FC,3,1,H
Premier League,2023,2024-04-02,Newcastle United FC,Everton FC,1,1,D
Premier League,2023,2024-04-02,AFC Bournemouth,Crystal Palace FC,1,0,H
Premier League,2023,2024-04-02,Burnley FC,Wolverhampton Wanderers FC,1,1,D
Premier League,2023,2024-04-02,West Ham United FC,Tottenham Hotspur FC,1,1,D
Premier League,2023,2024-04-03,Arsenal FC,Luton Town FC,2,0,H
Premier League,2023,2024-04-03,Brentford FC,Brighton & Hove Albion FC,0,0,D
Premier League,2023,2024-04-03,Manchester City FC,Aston Villa FC,4,1,H
Premier League,2023,2024-04-04,Liverpool FC,Sheffield United FC,3,1,H
Premier League,2023,2024-04-04,Chelsea FC,Manchester United FC,4,3,H
Premier League,2023,2024-04-06,Crystal Palace FC,Manchester City FC,2,4,A
Premier League,2023,2024-04-06,Aston Villa FC,Brentford FC,3,3,D
Premier League,2023,2024-04-06,Everton FC,Burnley FC,1,0,H
Premier League,2023,2024-04-06,Fulham FC,Newcastle United FC,0,1,A
Premier League,2023,2024-04-06,Luton Town FC,AFC Bournemouth,2,1,H
Premier League,2023,2024-04-06,Wolverhampton Wanderers FC,West Ham United FC,1,2,A
Premier League,2023,2024-04-06,Brighton & Hove Albion FC,Arsenal FC,0,3,A
Premier League,2023,2024-04-07,Manchester United FC,Liverpool FC,2,2,D
Premier League,2023,2024-04-07,Sheffield United FC,Chelsea FC,2,2,D
Premier League,2023,2024-04-07,Tottenham Hotspur FC,Nottingham Forest FC,3,1,H
Premier League,2023,2024-04-13,Newcastle United FC,Tottenham Hotspur FC,4,0,H
Premier League,2023,2024-04-13,Brentford FC,Sheffield United FC,2,0,H
Premier League,2023,2024-04-13,Burnley FC,Brighton & Hove Albion FC,1,1,D
Premier League,2023,2024-04-13,Manchester City FC,Luton Town FC,5,1,H
Premier League,2023,2024-04-13,Nottingham Forest FC,Wolverhampton Wanderers FC,2,2,D
Premier League,2023,2024-04-13,AFC Bournemouth,Manchester United FC,2,2,D
Premier League,2023,2024-04-14,Liverpool FC,Crystal Palace FC,0,1,A
Premier League,2023,2024-04-14,West Ham United FC,Fulham FC,0,2,A
Premier League,2023,2024-04-14,Arsenal FC,Aston Villa FC,0,2,A
Premier League,2023,2024-04-15,Chelsea FC,Everton FC,6,0,H
Premier League,2023,2024-04-20,Luton Town FC,Brentford FC,1,5,A
Premier League,2023,2024-04-20,Sheffield United FC,Burnley FC,1,4,A
Premier League,2023,2024-04-20,Wolverhampton Wanderers FC,Arsenal FC,0,2,A
Premier League,2023,2024-04-21,Everton FC,Nottingham Forest FC,2,0,H
Premier League,2023,2024-04-21,Aston Villa FC,AFC Bournemouth,3,1,H
Premier League,2023,2024-04-21,Crystal Palace FC,West Ham United FC,5,2,H
Premier League,2023,2024-04-21,Fulham FC,Liverpool FC,1,3,A
Premier League,2023,2024-04-23,Arsenal FC,Chelsea FC,5,0,H
Premier League,2023,2024-04-24,Wolverhampton Wanderers FC,AFC Bournemouth,0,1,A
Premier League,2023,2024-04-24,Crystal Palace FC,Newcastle United FC,2,0,H
Premier League,2023,2024-04-24,Everton FC,Liverpool FC,2,0,H
Premier League,2023,2024-04-24,Manchester United FC,Sheffield United FC,4,2,H
Premier League,2023,2024-04-25,Brighton & Hove Albion FC,Manchester City FC,0,4,A
Premier League,2023,2024-04-27,West Ham United FC,Liverpool FC,2,2,D
Premier League,2023,2024-04-27,Fulham FC,Crystal Palace FC,1,1,D
Premier League,2023,2024-04-27,Manchester United FC,Burnley FC,1,1,D
Premier League,2023,2024-04-27,Newcastle United FC,Sheffield United FC,5,1,H
Premier League,2023,2024-04-27,Wolverhampton Wanderers FC,Luton Town FC,2,1,H
Premier League,2023,2024-04-27,Everton FC,Brentford FC,1,0,H
Premier League,2023,2024-04-27,Aston Villa FC,Chelsea FC,2,2,D
Premier League,2023,2024-04-28,AFC Bournemouth,Brighton & Hove Albion FC,3,0,H
Premier League,2023,2024-04-28,Tottenham Hotspur FC,Arsenal FC,2,3,A
Premier League,2023,2024-04-28,Nottingham Forest FC,Manchester City FC,0,2,A
Premier League,2023,2024-05-02,Chelsea FC,Tottenham Hotspur FC,2,0,H
Premier League,2023,2024-05-03,Luton Town FC,Everton FC,1,1,D
Premier League,2023,2024-05-04,Arsenal FC,AFC Bournemouth,3,0,H
Premier League,2023,2024-05-04,Brentford FC,Fulham FC,0,0,D
Premier League,2023,2024-05-04,Burnley FC,Newcastle United FC,1,4,A
Premier League,2023,2024-05-04,Sheffield United FC,Nottingham Forest FC,1,3,A
Premier League,2023,2024-05-04,Manchester City FC,Wolverhampton Wanderers FC,5,1,H
Premier League,2023,2024-05-05,Brighton & Hove Albion FC,Aston Villa FC,1,0,H
Premier League,2023,2024-05-05,Chelsea FC,West Ham United FC,5,0,H
Premier League,2023,2024-05-05,Liverpool FC,Tottenham Hotspur FC,4,2,H
Premier League,2023,2024-05-06,Crystal Palace FC,Manchester United FC,4,0,H
Premier League,2023,2024-05-11,Fulham FC,Manchester City FC,0,4,A
Premier League,2023,2024-05-11,AFC Bournemouth,Brentford FC,1,2,A
Premier League,2023,2024-05-11,Everton FC,Sheffield United FC,1,0,H
Premier League,2023,2024-05-11,Newcastle United FC,Brighton & Hove Albion FC,1,1,D
Premier League,2023,2024-05-11,Tottenham Hotspur FC,Burnley FC,2,1,H
Premier League,2023,2024-05-11,West Ham United FC,Luton Town FC,3,1,H
Premier League,2023,2024-05-11,Wolverhampton Wanderers FC,Crystal Palace FC,1,3,A
Premier League,2023,2024-05-11,Nottingham Forest FC,Chelsea FC,2,3,A
Premier League,2023,2024-05-12,Manchester United FC,Arsenal FC,0,1,A
Premier League,2023,2024-05-13,Aston Villa FC,Liverpool FC,3,3,D
Premier League,2023,2024-05-14,Tottenham Hotspur FC,Manchester City FC,0,2,A
Premier League,2023,2024-05-15,Brighton & Hove Albion FC,Chelsea FC,1,2,A
Premier League,2023,2024-05-15,Manchester United FC,Newcastle United FC,3,2,H
Premier League,2023,2024-05-19,Arsenal FC,Everton FC,2,1,H
Premier League,2023,2024-05-19,Brentford FC,Newcastle United FC,2,4,A
Premier League,2023,2024-05-19,Brighton & Hove Albion FC,Manchester United FC,0,2,A
Premier League,2023,2024-05-19,Burnley FC,Nottingham Forest FC,1,2,A
Premier League,2023,2024-05-19,Chelsea FC,AFC Bournemouth,2,1,H
Premier League,2023,2024-05-19,Crystal Palace FC,Aston Villa FC,5,0,H
Premier League,2023,2024-05-19,Liverpool FC,Wolverhampton Wanderers FC,2,0,H
Premier League,2023,2024-05-19,Luton Town FC,Fulham FC,2,4,A
Premier League,2023,2024-05-19,Manchester City FC,West Ham United FC,3,1,H
Premier League,2023,2024-05-19,Sheffield United FC,Tottenham Hotspur FC,0,3,A
Premier League,2024,2024-08-16,Manchester United FC,Fulham FC,1,0,H
Premier League,2024,2024-08-17,Ipswich Town FC,Liverpool FC,0,2,A
Premier League,2024,2024-08-17,Arsenal FC,Wolverhampton Wanderers FC,2,0,H
Premier League,2024,2024-08-17,Everton FC,Brighton & Hove Albion FC,0,3,A
Premier League,2024,2024-08-17,Newcastle United FC,Southampton FC,1,0,H
Premier League,2024,2024-08-17,Nottingham Forest FC,AFC Bournemouth,1,1,D
Premier League,2024,2024-08-17,West Ham United FC,Aston Villa FC,1,2,A
Premier League,2024,2024-08-18,Brentford FC,Crystal Palace FC,2,1,H
Premier League,2024,2024-08-18,Chelsea FC,Manchester City FC,0,2,A
Premier League,2024,2024-08-19,Leicester City FC,Tottenham Hotspur FC,1,1,D
Premier League,2024,2024-08-24,Brighton & Hove Albion FC,Manchester United FC,2,1,H
Premier League,2024,2024-08-24,Crystal Palace FC,West Ham United FC,0,2,A
Premier League,2024,2024-08-24,Fulham FC,Leicester City FC,2,1,H
Premier League,2024,2024-08-24,Manchester City FC,Ipswich Town FC,4,1,H
Premier League,2024,2024-08-24,Southampton FC,Nottingham Forest FC,0,1,A
Premier League,2024,2024-08-24,Tottenham Hotspur FC,Everton FC,4,0,H
Premier League,2024,2024-08-24,Aston Villa FC,Arsenal FC,0,2,A
Premier League,2024,2024-08-25,AFC Bournemouth,Newcastle United FC,1,1,D
Premier League,2024,2024-08-25,Wolverhampton Wanderers FC,Chelsea FC,2,6,A
Premier League,2024,2024-08-25,Liverpool FC,Brentford FC,2,0,H
Premier League,2024,2024-08-31,Arsenal FC,Brighton & Hove Albion FC,1,1,D
Premier League,2024,2024-08-31,Brentford FC,Southampton FC,3,1,H
Premier League,2024,2024-08-31,Everton FC,AFC Bournemouth,2,3,A
Premier League,2024,2024-08-31,Ipswich Town FC,Fulham FC,1,1,D
Premier League,2024,2024-08-31,Leicester City FC,Aston Villa FC,1,2,A
Premier League,2024,2024-08-31,Nottingham Forest FC,Wolverhampton Wanderers FC,1,1,D
Premier League,2024,2024-08-31,West Ham United FC,Manchester City FC,1,3,A
Premier League,2024,2024-09-01,Chelsea FC,Crystal Palace FC,1,1,D
Premier League,2024,2024-09-01,Newcastle United FC,Tottenham Hotspur FC,2,1,H
Premier League,2024,2024-09-01,Manchester United FC,Liverpool FC,0,3,A
Premier League,2024,2024-09-14,Southampton FC,Manchester United FC,0,3,A
Premier League,2024,2024-09-14,Brighton & Hove Albion FC,Ipswich Town FC,0,0,D
Premier League,2024,2024-09-14,Crystal Palace FC,Leicester City FC,2,2,D
Premier League,2024,2024-09-14,Fulham FC,West Ham United FC,1,1,D
Premier League,2024,2024-09-14,Liverpool FC,Nottingham Forest FC,0,1,A
Premier League,2024,2024-09-14,Manchester City FC,Brentford FC,2,1,H
Premier League,2024,2024-09-14,Aston Villa FC,Everton FC,3,2,H
Premier League,2024,2024-09-14,AFC Bournemouth,Chelsea FC,0,1,A
Premier League,2024,2024-09-15,Tottenham Hotspur FC,Arsenal FC,0,1,A
Premier League,2024,2024-09-15,Wolverhampton Wanderers FC,Newcastle United FC,1,2,A
Premier League,2024,2024-09-21,West Ham United FC,Chelsea FC,0,3,A
Premier League,2024,2024-09-21,Aston Villa FC,Wolverhampton Wanderers FC,3,1,H
Premier League,2024,2024-09-21,Fulham FC,Newcastle United FC,3,1,H
Premier League,2024,2024-09-21,Leicester City FC,Everton FC,1,1,D
Premier League,2024,2024-09-21,Liverpool FC,AFC Bournemouth,3,0,H
Premier League,2024,2024-09-21,Southampton FC,Ipswich Town FC,1,1,D
Premier League,2024,2024-09-21,Tottenham Hotspur FC,Brentford FC,3,1,H
Premier League,2024,2024-09-21,Crystal Palace FC,Manchester United FC,0,0,D
Premier League,2024,2024-09-22,Brighton & Hove Albion FC,Nottingham Forest FC,2,2,D
Premier League,2024,2024-09-22,Manchester City FC,Arsenal FC,2,2,D
Premier League,2024,2024-09-28,Newcastle United FC,Manchester City FC,1,1,D
Premier League,2024,2024-09-28,Arsenal FC,Leicester City FC,4,2,H
Premier League,2024,2024-09-28,Brentford FC,West Ham United FC,1,1,D
Premier League,2024,2024-09-28,Chelsea FC,Brighton & Hove Albion FC,4,2,H
Premier League,2024,2024-09-28,Everton FC,Crystal Palace FC,2,1,H
Premier League,2024,2024-09-28,Nottingham Forest FC,Fulham FC,0,1,A
Premier League,2024,2024-09-28,Wolverhampton Wanderers FC,Liverpool FC,1,2,A
Premier League,2024,2024-09-29,Ipswich Town FC,Aston Villa FC,2,2,D
Premier League,2024,2024-09-29,Manchester United FC,Tottenham Hotspur FC,0,3,A
Premier League,2024,2024-09-30,AFC Bournemouth,Southampton FC,3,1,H
Premier League,2024,2024-10-05,Crystal Palace FC,Liverpool FC,0,1,A
Premier League,2024,2024-10-05,Arsenal FC,Southampton FC,3,1,H
Premier League,2024,2024-10-05,Brentford FC,Wolverhampton Wanderers FC,5,3,H
Premier League,2024,2024-10-05,Leicester City FC,AFC Bournemouth,1,0,H
Premier League,2024,2024-10-05,Manchester City FC,Fulham FC,3,2,H
Premier League,2024,2024-10-05,West Ham United FC,Ipswich Town FC,4,1,H
Premier League,2024,2024-10-05,Everton FC,Newcastle United FC,0,0,D
Premier League,2024,2024-10-06,Aston Villa FC,Manchester United FC,0,0,D
Premier League,2024,2024-10-06,Chelsea FC,Nottingham Forest FC,1,1,D
Premier League,2024,2024-10-06,Brighton & Hove Albion FC,Tottenham Hotspur FC,3,2,H
Premier League,2024,2024-10-19,Tottenham Hotspur FC,West Ham United FC,4,1,H
Premier League,2024,2024-10-19,Fulham FC,Aston Villa FC,1,3,A
Premier League,2024,2024-10-19,Ipswich Town FC,Everton FC,0,2,A
Premier League,2024,2024-10-19,Manchester United FC,Brentford FC,2,1,H
Premier League,2024,2024-10-19,Newcastle United FC,Brighton & Hove Albion FC,0,1,A
Premier League,2024,2024-10-19,Southampton FC,Leicester City FC,2,3,A
Premier League,2024,2024-10-19,AFC Bournemouth,Arsenal FC,2,0,H
Premier League,2024,2024-10-20,Wolverhampton Wanderers FC,Manchester City FC,1,2,A
Premier League,2024,2024-10-20,Liverpool FC,Chelsea FC,2,1,H
Premier League,2024,2024-10-21,Nottingham Forest FC,Crystal Palace FC,1,0,H
Premier League,2024,2024-10-25,Leicester City FC,Nottingham Forest FC,1,3,A
Premier League,2024,2024-10-26,Aston Villa FC,AFC Bournemouth,1,1,D
Premier League,2024,2024-10-26,Brentford FC,Ipswich Town FC,4,3,H
Premier League,2024,2024-10-26,Brighton & Hove Albion FC,Wolverhampton Wanderers FC,2,2,D
Premier League,2024,2024-10-26,Manchester City FC,Southampton FC,1,0,H
Premier League,2024,2024-10-26,Everton FC,Fulham FC,1,1,D
Premier League,2024,2024-10-27,Chelsea FC,Newcastle United FC,2,1,H
Premier League,2024,2024-10-27,Crystal Palace FC,Tottenham Hotspur FC,1,0,H
Premier League,2024,2024-10-27,West Ham United FC,Manchester United FC,2,1,H
Premier League,2024,2024-10-27,Arsenal FC,Liverpool FC,2,2,D
Premier League,2024,2024-11-02,Newcastle United FC,Arsenal FC,1,0,H
Premier League,2024,2024-11-02,AFC Bournemouth,Manchester City FC,2,1,H
Premier League,2024,2024-11-02,Ipswich Town FC,Leicester City FC,1,1,D
Premier League,2024,2024-11-02,Liverpool FC,Brighton & Hove Albion FC,2,1,H
Premier League,2024,2024-11-02,Nottingham Forest FC,West Ham United FC,3,0,H
Premier League,2024,2024-11-02,Southampton FC,Everton FC,1,0,H
Premier League,2024,2024-11-02,Wolverhampton Wanderers FC,Crystal Palace FC,2,2,D
Premier League,2024,2024-11-03,Tottenham Hotspur FC,Aston Villa FC,4,1,H
Premier League,2024,2024-11-03,Manchester United FC,Chelsea FC,1,1,D
Premier League,2024,2024-11-04,Fulham FC,Brentford FC,2,1,H
Premier League,2024,2024-11-09,Brentford FC,AFC Bournemouth,3,2,H
Premier League,2024,2024-11-09,Crystal Palace FC,Fulham FC,0,2,A
Premier League,2024,2024-11-09,West Ham United FC,Everton FC,0,0,D
Premier League,2024,2024-11-09,Wolverhampton Wanderers FC,Southampton FC,2,0,H
Premier League,2024,2024-11-09,Brighton & Hove Albion FC,Manchester City FC,2,1,H
Premier League,2024,2024-11-09,Liverpool FC,Aston Villa FC,2,0,H
Premier League,2024,2024-11-10,Manchester United FC,Leicester City FC,3,0,H
Premier League,2024,2024-11-10,Nottingham Forest FC,Newcastle United FC,1,3,A
Premier League,2024,2024-11-10,Tottenham Hotspur FC,Ipswich Town FC,1,2,A
Premier League,2024,2024-11-10,Chelsea FC,Arsenal FC,1,1,D
Premier League,2024,2024-11-23,Leicester City FC,Chelsea FC,1,2,A
Premier League,2024,2024-11-23,AFC Bournemouth,Brighton & Hove Albion FC,1,2,A
Premier League,2024,2024-11-23,Arsenal FC,Nottingham Forest FC,3,0,H
Premier League,2024,2024-11-23,Aston Villa FC,Crystal Palace FC,2,2,D
Premier League,2024,2024-11-23,Everton FC,Brentford FC,0,0,D
Premier League,2024,2024-11-23,Fulham FC,Wolverhampton Wanderers FC,1,4,A
Premier League,2024,2024-11-23,Manchester City FC,Tottenham Hotspur FC,0,4,A
Premier League,2024,2024-11-24,Southampton FC,Liverpool FC,2,3,A
Premier League,2024,2024-11-24,Ipswich Town FC,Manchester United FC,1,1,D
Premier League,2024,2024-11-25,Newcastle United FC,West Ham United FC,0,2,A
Premier League,2024,2024-11-29,Brighton & Hove Albion FC,Southampton FC,1,1,D
Premier League,2024,2024-11-30,Brentford FC,Leicester City FC,4,1,H
Premier League,2024,2024-11-30,Crystal Palace FC,Newcastle United FC,1,1,D
Premier League,2024,2024-11-30,Nottingham Forest FC,Ipswich Town FC,1,0,H
Premier League,2024,2024-11-30,Wolverhampton Wanderers FC,AFC Bournemouth,2,4,A
Premier League,2024,2024-11-30,West Ham United FC,Arsenal FC,2,5,A
Premier League,2024,2024-12-01,Chelsea FC,Aston Villa FC,3,0,H
Premier League,2024,2024-12-01,Manchester United FC,Everton FC,4,0,H
Premier League,2024,2024-12-01,Tottenham Hotspur FC,Fulham FC,1,1,D
Premier League,2024,2024-12-01,Liverpool FC,Manchester City FC,2,0,H
Premier League,2024,2024-12-03,Ipswich Town FC,Crystal Palace FC,0,1,A
Premier League,2024,2024-12-03,Leicester City FC,West Ham United FC,3,1,H
Premier League,2024,2024-12-04,Everton FC,Wolverhampton Wanderers FC,4,0,H
Premier League,2024,2024-12-04,Manchester City FC,Nottingham Forest FC,3,0,H
Premier League,2024,2024-12-04,Newcastle United FC,Liverpool FC,3,3,D
Premier League,2024,2024-12-04,Southampton FC,Chelsea FC,1,5,A
Premier League,2024,2024-12-04,Arsenal FC,Manchester United FC,2,0,H
Premier League,2024,2024-12-04,Aston Villa FC,Brentford FC,3,1,H
Premier League,2024,2024-12-05,Fulham FC,Brighton & Hove Albion FC,3,1,H
Premier League,2024,2024-12-05,AFC Bournemouth,Tottenham Hotspur FC,1,0,H
Premier League,2024,2024-12-07,Aston Villa FC,Southampton FC,1,0,H
Premier League,2024,2024-12-07,Brentford FC,Newcastle United FC,4,2,H
Premier League,2024,2024-12-07,Crystal Palace FC,Manchester City FC,2,2,D
Premier League,2024,2024-12-07,Manchester United FC,Nottingham Forest FC,2,3,A
Premier League,2024,2024-12-08,Fulham FC,Arsenal FC,1,1,D
Premier League,2024,2024-12-08,Ipswich Town FC,AFC Bournemouth,1,2,A
Premier League,2024,2024-12-08,Leicester City FC,Brighton & Hove Albion FC,2,2,D
Premier League,2024,2024-12-08,Tottenham Hotspur FC,Chelsea FC,3,4,A
Premier League,2024,2024-12-09,West Ham United FC,Wolverhampton Wanderers FC,2,1,H
Premier League,2024,2024-12-14,Arsenal FC,Everton FC,0,0,D
Premier League,2024,2024-12-14,Liverpool FC,Fulham FC,2,2,D
Premier League,2024,2024-12-14,Newcastle United FC,Leicester City FC,4,0,H
Premier League,2024,2024-12-14,Wolverhampton Wanderers FC,Ipswich Town FC,1,2,A
Premier League,2024,2024-12-14,Nottingham Forest FC,Aston Villa FC,2,1,H
Premier League,2024,2024-12-15,Brighton & Hove Albion FC,Crystal Palace FC,1,3,A
Premier League,2024,2024-12-15,Manchester City FC,Manchester United FC,1,2,A
Premier League,2024,2024-12-15,Chelsea FC,Brentford FC,2,1,H
Premier League,2024,2024-12-15,Southampton FC,Tottenham Hotspur FC,0,5,A
Premier League,2024,2024-12-16,AFC Bournemouth,West Ham United FC,1,1,D
Premier League,2024,2024-12-21,Aston Villa FC,Manchester City FC,2,1,H
Premier League,2024,2024-12-21,Brentford FC,Nottingham Forest FC,0,2,A
Premier League,2024,2024-12-21,Ipswich Town FC,Newcastle United FC,0,4,A
Premier League,2024,2024-12-21,West Ham United FC,Brighton & Hove Albion FC,1,1,D
Premier League,2024,2024-12-21,Crystal Palace FC,Arsenal FC,1,5,A
Premier League,2024,2024-12-22,Everton FC,Chelsea FC,0,0,D
Premier League,2024,2024-12-22,Fulham FC,Southampton FC,0,0,D
Premier League,2024,2024-12-22,Leicester City FC,Wolverhampton Wanderers FC,0,3,A
Premier League,2024,2024-12-22,Manchester United FC,AFC Bournemouth,0,3,A
Premier League,2024,2024-12-22,Tottenham Hotspur FC,Liverpool FC,3,6,A
Premier League,2024,2024-12-26,Manchester City FC,Everton FC,1,1,D
Premier League,2024,2024-12-26,AFC Bournemouth,Crystal Palace FC,0,0,D
Premier League,2024,2024-12-26,Chelsea FC,Fulham FC,1,2,A
Premier League,2024,2024-12-26,Newcastle United FC,Aston Villa FC,3,0,H
Premier League,2024,2024-12-26,Nottingham Forest FC,Tottenham Hotspur FC,1,0,H
Premier League,2024,2024-12-26,Southampton FC,West Ham United FC,0,1,A
Premier League,2024,2024-12-26,Wolverhampton Wanderers FC,Manchester United FC,2,0,H
Premier League,2024,2024-12-26,Liverpool FC,Leicester City FC,3,1,H
Premier League,2024,2024-12-27,Brighton & Hove Albion FC,Brentford FC,0,0,D
Premier League,2024,2024-12-27,Arsenal FC,Ipswich Town FC,1,0,H
Premier League,2024,2024-12-29,Leicester City FC,Manchester City FC,0,2,A
Premier League,2024,2024-12-29,Crystal Palace FC,Southampton FC,2,1,H
Premier League,2024,2024-12-29,Everton FC,Nottingham Forest FC,0,2,A
Premier League,2024,2024-12-29,Fulham FC,AFC Bournemouth,2,2,D
Premier League,2024,2024-12-29,Tottenham Hotspur FC,Wolverhampton Wanderers FC,2,2,D
Premier League,2024,2024-12-29,West Ham United FC,Liverpool FC,0,5,A
Premier League,2024,2024-12-30,Aston Villa FC,Brighton & Hove Albion FC,2,2,D
Premier League,2024,2024-12-30,Ipswich Town FC,Chelsea FC,2,0,H
Premier League,2024,2024-12-30,Manchester United FC,Newcastle United FC,0,2,A
Premier League,2024,2025-01-01,Brentford FC,Arsenal FC,1,3,A
Premier League,2024,2025-01-04,Tottenham Hotspur FC,Newcastle United FC,1,2,A
Premier League,2024,2025-01-04,Southampton FC,Brentford FC,0,5,A
Premier League,2024,2025-01-04,Crystal Palace FC,Chelsea FC,1,1,D
Premier League,2024,2025-01-04,AFC Bournemouth,Everton FC,1,0,H
Premier League,2024,2025-01-04,Aston Villa FC,Leicester City FC,2,1,H
Premier League,2024,2025-01-04,Manchester City FC,West Ham United FC,4,1,H
Premier League,2024,2025-01-04,Brighton & Hove Albion FC,Arsenal FC,1,1,D
Premier League,2024,2025-01-05,Fulham FC,Ipswich Town FC,2,2,D
Premier League,2024,2025-01-05,Liverpool FC,Manchester United FC,2,2,D
Premier League,2024,2025-01-06,Wolverhampton Wanderers FC,Nottingham Forest FC,0,3,A
Premier League,2024,2025-01-14,West Ham United FC,Fulham FC,3,2,H
Premier League,2024,2025-01-14,Brentford FC,Manchester City FC,2,2,D
Premier League,2024,2025-01-14,Chelsea FC,AFC Bournemouth,2,2,D
Premier League,2024,2025-01-14,Nottingham Forest FC,Liverpool FC,1,1,D
Premier League,2024,2025-01-15,Everton FC,Aston Villa FC,0,1,A
Premier League,2024,2025-01-15,Leicester City FC,Crystal Palace FC,0,2,A
Premier League,2024,2025-01-15,Newcastle United FC,Wolverhampton Wanderers FC,3,0,H
Premier League,2024,2025-01-15,Arsenal FC,Tottenham Hotspur FC,2,1,H
Premier League,2024,2025-01-16,Ipswich Town FC,Brighton & Hove Albion FC,0,2,A
Premier League,2024,2025-01-16,Manchester United FC,Southampton FC,3,1,H
Premier League,2024,2025-01-18,Newcastle United FC,AFC Bournemouth,1,4,A
Premier League,2024,2025-01-18,West Ham United FC,Crystal Palace FC,0,2,A
Premier League,2024,2025-01-18,Leicester City FC,Fulham FC,0,2,A
Premier League,2024,2025-01-18,Brentford FC,Liverpool FC,0,2,A
Premier League,2024,2025-01-18,Arsenal FC,Aston Villa FC,2,2,D
Premier League,2024,2025-01-19,Manchester United FC,Brighton & Hove Albion FC,1,3,A
Premier League,2024,2025-01-19,Nottingham Forest FC,Southampton FC,3,2,H
Premier League,2024,2025-01-19,Everton FC,Tottenham Hotspur FC,3,2,H
Premier League,2024,2025-01-19,Ipswich Town FC,Manchester City FC,0,6,A
Premier League,2024,2025-01-20,Chelsea FC,Wolverhampton Wanderers FC,3,1,H
Premier League,2024,2025-01-25,Liverpool FC,Ipswich Town FC,4,1,H
Premier League,2024,2025-01-25,Wolverhampton Wanderers FC,Arsenal FC,0,1,A
Premier League,2024,2025-01-25,Brighton & Hove Albion FC,Everton FC,0,1,A
Premier League,2024,2025-01-25,Southampton FC,Newcastle United FC,1,3,A
Premier League,2024,2025-01-25,AFC Bournemouth,Nottingham Forest FC,5,0,H
Premier League,2024,2025-01-25,Manchester City FC,Chelsea FC,3,1,H
Premier League,2024,2025-01-26,Crystal Palace FC,Brentford FC,1,2,A
Premier League,2024,2025-01-26,Tottenham Hotspur FC,Leicester City FC,1,2,A
Premier League,2024,2025-01-26,Aston Villa FC,West Ham United FC,1,1,D
Premier League,2024,2025-01-26,Fulham FC,Manchester United FC,0,1,A
Premier League,2024,2025-02-01,Nottingham Forest FC,Brighton & Hove Albion FC,7,0,H
Premier League,2024,2025-02-01,Newcastle United FC,Fulham FC,1,2,A
Premier League,2024,2025-02-01,Everton FC,Leicester City FC,4,0,H
Premier League,2024,2025-02-01,AFC Bournemouth,Liverpool FC,0,2,A
Premier League,2024,2025-02-01,Ipswich Town FC,Southampton FC,1,2,A
Premier League,2024,2025-02-01,Wolverhampton Wanderers FC,Aston Villa FC,2,0,H
Premier League,2024,2025-02-02,Manchester United FC,Crystal Palace FC,0,2,A
Premier League,2024,2025-02-02,Brentford FC,Tottenham Hotspur FC,0,2,A
Premier League,2024,2025-02-02,Arsenal FC,Manchester City FC,5,1,H
Premier League,2024,2025-02-03,Chelsea FC,West Ham United FC,2,1,H
Premier League,2024,2025-02-12,Everton FC,Liverpool FC,2,2,D
Premier League,2024,2025-02-14,Brighton & Hove Albion FC,Chelsea FC,3,0,H
Premier League,2024,2025-02-15,Leicester City FC,Arsenal FC,0,2,A
Premier League,2024,2025-02-15,Southampton FC,AFC Bournemouth,1,3,A
Premier League,2024,2025-02-15,West Ham United FC,Brentford FC,0,1,A
Premier League,2024,2025-02-15,Aston Villa FC,Ipswich Town FC,1,1,D
Premier League,2024,2025-02-15,Manchester City FC,Newcastle United FC,4,0,H
Premier League,2024,2025-02-15,Fulham FC,Nottingham Forest FC,2,1,H
Premier League,2024,2025-02-15,Crystal Palace FC,Everton FC,1,2,A
Premier League,2024,2025-02-16,Liverpool FC,Wolverhampton Wanderers FC,2,1,H
Premier League,2024,2025-02-16,Tottenham Hotspur FC,Manchester United FC,1,0,H
Premier League,2024,2025-02-19,Aston Villa FC,Liverpool FC,2,2,D
Premier League,2024,2025-02-21,Leicester City FC,Brentford FC,0,4,A
Premier League,2024,2025-02-22,Everton FC,Manchester United FC,2,2,D
Premier League,2024,2025-02-22,Ipswich Town FC,Tottenham Hotspur FC,1,4,A
Premier League,2024,2025-02-22,Fulham FC,Crystal Palace FC,0,2,A
Premier League,2024,2025-02-22,Arsenal FC,West Ham United FC,0,1,A
Premier League,2024,2025-02-22,AFC Bournemouth,Wolverhampton Wanderers FC,0,1,A
Premier League,2024,2025-02-22,Southampton FC,Brighton & Hove Albion FC,0,4,A
Premier League,2024,2025-02-22,Aston Villa FC,Chelsea FC,2,1,H
Premier League,2024,2025-02-23,Newcastle United FC,Nottingham Forest FC,4,3,H
Premier League,2024,2025-02-23,Manchester City FC,Liverpool FC,0,2,A
Premier League,2024,2025-02-25,Brighton & Hove Albion FC,AFC Bournemouth,2,1,H
Premier League,2024,2025-02-25,Crystal Palace FC,Aston Villa FC,4,1,H
Premier League,2024,2025-02-25,Wolverhampton Wanderers FC,Fulham FC,1,2,A
Premier League,2024,2025-02-25,Chelsea FC,Southampton FC,4,0,H
Premier League,2024,2025-02-26,Nottingham Forest FC,Arsenal FC,0,0,D
Premier League,2024,2025-02-26,Brentford FC,Everton FC,1,1,D
Premier League,2024,2025-02-26,Tottenham Hotspur FC,Manchester City FC,0,1,A
Premier League,2024,2025-02-26,Manchester United FC,Ipswich Town FC,3,2,H
Premier League,2024,2025-02-26,Liverpool FC,Newcastle United FC,2,0,H
Premier League,2024,2025-02-27,West Ham United FC,Leicester City FC,2,0,H
Premier League,2024,2025-03-08,Nottingham Forest FC,Manchester City FC,1,0,H
Premier League,2024,2025-03-08,Brighton & Hove Albion FC,Fulham FC,2,1,H
Premier League,2024,2025-03-08,Crystal Palace FC,Ipswich Town FC,1,0,H
Premier League,2024,2025-03-08,Liverpool FC,Southampton FC,3,1,H
Premier League,2024,2025-03-08,Brentford FC,Aston Villa FC,0,1,A
Premier League,2024,2025-03-08,Wolverhampton Wanderers FC,Everton FC,1,1,D
Premier League,2024,2025-03-09,Tottenham Hotspur FC,AFC Bournemouth,2,2,D
Premier League,2024,2025-03-09,Chelsea FC,Leicester City FC,1,0,H
Premier League,2024,2025-03-09,Manchester United FC,Arsenal FC,1,1,D
Premier League,2024,2025-03-10,West Ham United FC,Newcastle United FC,0,1,A
Premier League,2024,2025-03-15,Everton FC,West Ham United FC,1,1,D
Premier League,2024,2025-03-15,Ipswich Town FC,Nottingham Forest FC,2,4,A
Premier League,2024,2025-03-15,Manchester City FC,Brighton & Hove Albion FC,2,2,D
Premier League,2024,2025-03-15,Southampton FC,Wolverhampton Wanderers FC,1,2,A
Premier League,2024,2025-03-15,AFC Bournemouth,Brentford FC,1,2,A
Premier League,2024,2025-03-16,Arsenal FC,Chelsea FC,1,0,H
Premier League,2024,2025-03-16,Fulham FC,Tottenham Hotspur FC,2,0,H
Premier League,2024,2025-03-16,Leicester City FC,Manchester United FC,0,3,A
Premier League,2024,2025-04-01,Arsenal FC,Fulham FC,2,1,H
Premier League,2024,2025-04-01,Wolverhampton Wanderers FC,West Ham United FC,1,0,H
Premier League,2024,2025-04-01,Nottingham Forest FC,Manchester United FC,1,0,H
Premier League,2024,2025-04-02,AFC Bournemouth,Ipswich Town FC,1,2,A
Premier League,2024,2025-04-02,Brighton & Hove Albion FC,Aston Villa FC,0,3,A
Premier League,2024,2025-04-02,Manchester City FC,Leicester City FC,2,0,H
Premier League,2024,2025-04-02,Newcastle United FC,Brentford FC,2,1,H
Premier League,2024,2025-04-02,Southampton FC,Crystal Palace FC,1,1,D
Premier League,2024,2025-04-02,Liverpool FC,Everton FC,1,0,H
Premier League,2024,2025-04-03,Chelsea FC,Tottenham Hotspur FC,1,0,H
Premier League,2024,2025-04-05,Everton FC,Arsenal FC,1,1,D
Premier League,2024,2025-04-05,Crystal Palace FC,Brighton & Hove Albion FC,2,1,H
Premier League,2024,2025-04-05,Ipswich Town FC,Wolverhampton Wanderers FC,1,2,A
Premier League,2024,2025-04-05,West Ham United FC,AFC Bournemouth,2,2,D
Premier League,2024,2025-04-05,Aston Villa FC,Nottingham Forest FC,2,1,H
Premier League,2024,2025-04-06,Brentford FC,Chelsea FC,0,0,D
Premier League,2024,2025-04-06,Fulham FC,Liverpool FC,3,2,H
Premier League,2024,2025-04-06,Tottenham Hotspur FC,Southampton FC,3,1,H
Premier League,2024,2025-04-06,Manchester United FC,Manchester City FC,0,0,D
Premier League,2024,2025-04-07,Leicester City FC,Newcastle United FC,0,3,A
Premier League,2024,2025-04-12,Manchester City FC,Crystal Palace FC,5,2,H
Premier League,2024,2025-04-12,Brighton & Hove Albion FC,Leicester City FC,2,2,D
Premier League,2024,2025-04-12,Nottingham Forest FC,Everton FC,0,1,A
Premier League,2024,2025-04-12,Southampton FC,Aston Villa FC,0,3,A
Premier League,2024,2025-04-12,Arsenal FC,Brentford FC,1,1,D
Premier League,2024,2025-04-13,Chelsea FC,Ipswich Town FC,2,2,D
Premier League,2024,2025-04-13,Liverpool FC,West Ham United FC,2,1,H
Premier League,2024,2025-04-13,Wolverhampton Wanderers FC,Tottenham Hotspur FC,4,2,H
Premier League,2024,2025-04-13,Newcastle United FC,Manchester United FC,4,1,H
Premier League,2024,2025-04-14,AFC Bournemouth,Fulham FC,1,0,H
Premier League,2024,2025-04-16,Newcastle United FC,Crystal Palace FC,5,0,H
Premier League,2024,2025-04-19,Brentford FC,Brighton & Hove Albion FC,4,2,H
Premier League,2024,2025-04-19,Crystal Palace FC,AFC Bournemouth,0,0,D
Premier League,2024,2025-04-19,Everton FC,Manchester City FC,0,2,A
Premier League,2024,2025-04-19,West Ham United FC,Southampton FC,1,1,D
Premier League,2024,2025-04-19,Aston Villa FC,Newcastle United FC,4,1,H
Premier League,2024,2025-04-20,Fulham FC,Chelsea FC,1,2,A
Premier League,2024,2025-04-20,Ipswich Town FC,Arsenal FC,0,4,A
Premier League,2024,2025-04-20,Manchester United FC,Wolverhampton Wanderers FC,0,1,A
Premier League,2024,2025-04-20,Leicester City FC,Liverpool FC,0,1,A
Premier League,2024,2025-04-21,Tottenham Hotspur FC,Nottingham Forest FC,1,2,A
Premier League,2024,2025-04-22,Manchester City FC,Aston Villa FC,2,1,H
Premier League,2024,2025-04-23,Arsenal FC,Crystal Palace FC,2,2,D
Premier League,2024,2025-04-26,Chelsea FC,Everton FC,1,0,H
Premier League,2024,2025-04-26,Brighton & Hove Albion FC,West Ham United FC,3,2,H
Premier League,2024,2025-04-26,Newcastle United FC,Ipswich Town FC,3,0,H
Premier League,2024,2025-04-26,Southampton FC,Fulham FC,1,2,A
Premier League,2024,2025-04-26,Wolverhampton Wanderers FC,Leicester City FC,3,0,H
Premier League,2024,2025-04-27,AFC Bournemouth,Manchester United FC,1,1,D
Premier League,2024,2025-04-27,Liverpool FC,Tottenham Hotspur FC,5,1,H
Premier League,2024,2025-05-01,Nottingham Forest FC,Brentford FC,0,2,A
Premier League,2024,2025-05-02,Manchester City FC,Wolverhampton Wanderers FC,1,0,H
Premier League,2024,2025-05-03,Aston Villa FC,Fulham FC,1,0,H
Premier League,2024,2025-05-03,Everton FC,Ipswich Town FC,2,2,D
Premier League,2024,2025-05-03,Leicester City FC,Southampton FC,2,0,H
Premier League,2024,2025-05-03,Arsenal FC,AFC Bournemouth,1,2,A
Premier League,2024,2025-05-04,Brentford FC,Manchester United FC,4,3,H
Premier League,2024,2025-05-04,Brighton & Hove Albion FC,Newcastle United FC,1,1,D
Premier League,2024,2025-05-04,West Ham United FC,Tottenham Hotspur FC,1,1,D
Premier League,2024,2025-05-04,Chelsea FC,Liverpool FC,3,1,H
Premier League,2024,2025-05-05,Crystal Palace FC,Nottingham Forest FC,1,1,D
Premier League,2024,2025-05-10,Fulham FC,Everton FC,1,3,A
Premier League,2024,2025-05-10,Ipswich Town FC,Brentford FC,0,1,A
Premier League,2024,2025-05-10,Southampton FC,Manchester City FC,0,0,D
Premier League,2024,2025-05-10,Wolverhampton Wanderers FC,Brighton & Hove Albion FC,0,2,A
Premier League,2024,2025-05-10,AFC Bournemouth,Aston Villa FC,0,1,A
Premier League,2024,2025-05-11,Newcastle United FC,Chelsea FC,2,0,H
Premier League,2024,2025-05-11,Manchester United FC,West Ham United FC,0,2,A
Premier League,2024,2025-05-11,Nottingham Forest FC,Leicester City FC,2,2,D
Premier League,2024,2025-05-11,Tottenham Hotspur FC,Crystal Palace FC,0,2,A
Premier League,2024,2025-05-11,Liverpool FC,Arsenal FC,2,2,D
Premier League,2024,2025-05-16,Aston Villa FC,Tottenham Hotspur FC,2,0,H
Premier League,2024,2025-05-16,Chelsea FC,Manchester United FC,1,0,H
Premier League,2024,2025-05-18,Everton FC,Southampton FC,2,0,H
Premier League,2024,2025-05-18,West Ham United FC,Nottingham Forest FC,1,2,A
Premier League,2024,2025-05-18,Brentford FC,Fulham FC,2,3,A
Premier League,2024,2025-05-18,Leicester City FC,Ipswich Town FC,2,0,H
Premier League,2024,2025-05-18,Arsenal FC,Newcastle United FC,1,0,H
Premier League,2024,2025-05-19,Brighton & Hove Albion FC,Liverpool FC,3,2,H
Premier League,2024,2025-05-20,Crystal Palace FC,Wolverhampton Wanderers FC,4,2,H
Premier League,2024,2025-05-20,Manchester City FC,AFC Bournemouth,3,1,H
Premier League,2024,2025-05-25,AFC Bournemouth,Leicester City FC,2,0,H
Premier League,2024,2025-05-25,Fulham FC,Manchester City FC,0,2,A
Premier League,2024,2025-05-25,Ipswich Town FC,West Ham United FC,1,3,A
Premier League,2024,2025-05-25,Liverpool FC,Crystal Palace FC,1,1,D
Premier League,2024,2025-05-25,Manchester United FC,Aston Villa FC,2,0,H
Premier League,2024,2025-05-25,Newcastle United FC,Everton FC,0,1,A
Premier League,2024,2025-05-25,Nottingham Forest FC,Chelsea FC,0,1,A
Premier League,2024,2025-05-25,Southampton FC,Arsenal FC,1,2,A
Premier League,2024,2025-05-25,Tottenham Hotspur FC,Brighton & Hove Albion FC,1,4,A
Premier League,2024,2025-05-25,Wolverhampton Wanderers FC,Brentford FC,1,1,D
Premier League,2025,2025-08-15,Liverpool FC,AFC Bournemouth,4,2,H
Premier League,2025,2025-08-16,Aston Villa FC,Newcastle United FC,0,0,D
Premier League,2025,2025-08-16,Brighton & Hove Albion FC,Fulham FC,1,1,D
Premier League,2025,2025-08-16,Sunderland AFC,West Ham United FC,3,0,H
Premier League,2025,2025-08-16,Tottenham Hotspur FC,Burnley FC,3,0,H
Premier League,2025,2025-08-16,Wolverhampton Wanderers FC,Manchester City FC,0,4,A
Premier League,2025,2025-08-17,Nottingham Forest FC,Brentford FC,3,1,H
Premier League,2025,2025-08-17,Chelsea FC,Crystal Palace FC,0,0,D
Premier League,2025,2025-08-17,Manchester United FC,Arsenal FC,0,1,A
Premier League,2025,2025-08-18,Leeds United FC,Everton FC,1,0,H
Premier League,2025,2025-08-22,West Ham United FC,Chelsea FC,1,5,A
Premier League,2025,2025-08-23,Manchester City FC,Tottenham Hotspur FC,0,2,A
Premier League,2025,2025-08-23,AFC Bournemouth,Wolverhampton Wanderers FC,1,0,H
Premier League,2025,2025-08-23,Brentford FC,Aston Villa FC,1,0,H
Premier League,2025,2025-08-23,Burnley FC,Sunderland AFC,2,0,H
Premier League,2025,2025-08-23,Arsenal FC,Leeds United FC,5,0,H
Premier League,2025,2025-08-24,Crystal Palace FC,Nottingham Forest FC,1,1,D
Premier League,2025,2025-08-24,Everton FC,Brighton & Hove Albion FC,2,0,H
Premier League,2025,2025-08-24,Fulham FC,Manchester United FC,1,1,D
Premier League,2025,2025-08-25,Newcastle United FC,Liverpool FC,2,3,A
Premier League,2025,2025-08-30,Chelsea FC,Fulham FC,2,0,H
Premier League,2025,2025-08-30,Sunderland AFC,Brentford FC,2,1,H
Premier League,2025,2025-08-30,Manchester United FC,Burnley FC,3,2,H
Premier League,2025,2025-08-30,Tottenham Hotspur FC,AFC Bournemouth,0,1,A
Premier League,2025,2025-08-30,Wolverhampton Wanderers FC,Everton FC,2,3,A
Premier League,2025,2025-08-30,Leeds United FC,Newcastle United FC,0,0,D
Premier League,2025,2025-08-31,Brighton & Hove Albion FC,Manchester City FC,2,1,H
Premier League,2025,2025-08-31,Nottingham Forest FC,West Ham United FC,0,3,A
Premier League,2025,2025-08-31,Liverpool FC,Arsenal FC,1,0,H
Premier League,2025,2025-08-31,Aston Villa FC,Crystal Palace FC,0,3,A
Premier League,2025,2025-09-13,Arsenal FC,Nottingham Forest FC,3,0,H
Premier League,2025,2025-09-13,AFC Bournemouth,Brighton & Hove Albion FC,2,1,H
Premier League,2025,2025-09-13,Crystal Palace FC,Sunderland AFC,0,0,D
Premier League,2025,2025-09-13,Everton FC,Aston Villa FC,0,0,D
Premier League,2025,2025-09-13,Fulham FC,Leeds United FC,1,0,H
Premier League,2025,2025-09-13,Newcastle United FC,Wolverhampton Wanderers FC,1,0,H
Premier League,2025,2025-09-13,West Ham United FC,Tottenham Hotspur FC,0,3,A
Premier League,2025,2025-09-13,Brentford FC,Chelsea FC,2,2,D
Premier League,2025,2025-09-14,Burnley FC,Liverpool FC,0,1,A
Premier League,2025,2025-09-14,Manchester City FC,Manchester United FC,3,0,H
Premier League,2025,2025-09-20,Liverpool FC,Everton FC,2,1,H
Premier League,2025,2025-09-20,Brighton & Hove Albion FC,Tottenham Hotspur FC,2,2,D
Premier League,2025,2025-09-20,Burnley FC,Nottingham Forest FC,1,1,D
Premier League,2025,2025-09-20,West Ham United FC,Crystal Palace FC,1,2,A
Premier League,2025,2025-09-20,Wolverhampton Wanderers FC,Leeds United FC,1,3,A
Premier League,2025,2025-09-20,Manchester United FC,Chelsea FC,2,1,H
Premier League,2025,2025-09-20,Fulham FC,Brentford FC,3,1,H
Premier League,2025,2025-09-21,AFC Bournemouth,Newcastle United FC,0,0,D
Premier League,2025,2025-09-21,Sunderland AFC,Aston Villa FC,1,1,D
Premier League,2025,2025-09-21,Arsenal FC,Manchester City FC,1,1,D
Premier League,2025,2025-09-27,Brentford FC,Manchester United FC,3,1,H
Premier League,2025,2025-09-27,Crystal Palace FC,Liverpool FC,2,1,H
Premier League,2025,2025-09-27,Chelsea FC,Brighton & Hove Albion FC,1,3,A
Premier League,2025,2025-09-27,Leeds United FC,AFC Bournemouth,2,2,D
Premier League,2025,2025-09-27,Manchester City FC,Burnley FC,5,1,H
Premier League,2025,2025-09-27,Nottingham Forest FC,Sunderland AFC,0,1,A
Premier League,2025,2025-09-27,Tottenham Hotspur FC,Wolverhampton Wanderers FC,1,1,D
Premier League,2025,2025-09-28,Aston Villa FC,Fulham FC,3,1,H
Premier League,2025,2025-09-28,Newcastle United FC,Arsenal FC,1,2,A
Premier League,2025,2025-09-29,Everton FC,West Ham United FC,1,1,D
Premier League,2025,2025-10-03,AFC Bournemouth,Fulham FC,3,1,H
Premier League,2025,2025-10-04,Leeds United FC,Tottenham Hotspur FC,1,2,A
Premier League,2025,2025-10-04,Arsenal FC,West Ham United FC,2,0,H
Premier League,2025,2025-10-04,Manchester United FC,Sunderland AFC,2,0,H
Premier League,2025,2025-10-04,Chelsea FC,Liverpool FC,2,1,H
Premier League,2025,2025-10-05,Aston Villa FC,Burnley FC,2,1,H
Premier League,2025,2025-10-05,Everton FC,Crystal Palace FC,2,1,H
Premier League,2025,2025-10-05,Newcastle United FC,Nottingham Forest FC,2,0,H
Premier League,2025,2025-10-05,Wolverhampton Wanderers FC,Brighton & Hove Albion FC,1,1,D
Premier League,2025,2025-10-05,Brentford FC,Manchester City FC,0,1,A
Premier League,2025,2025-10-18,Nottingham Forest FC,Chelsea FC,0,3,A
Premier League,2025,2025-10-18,Brighton & Hove Albion FC,Newcastle United FC,2,1,H
Premier League,2025,2025-10-18,Crystal Palace FC,AFC Bournemouth,3,3,D
Premier League,2025,2025-10-18,Burnley FC,Leeds United FC,2,0,H
Premier League,2025,2025-10-18,Manchester City FC,Everton FC,2,0,H
Premier League,2025,2025-10-18,Sunderland AFC,Wolverhampton Wanderers FC,2,0,H
Premier League,2025,2025-10-18,Fulham FC,Arsenal FC,0,1,A
Premier League,2025,2025-10-19,Tottenham Hotspur FC,Aston Villa FC,1,2,A
Premier League,2025,2025-10-19,Liverpool FC,Manchester United FC,1,2,A
Premier League,2025,2025-10-20,West Ham United FC,Brentford FC,0,2,A
Premier League,2025,2025-10-24,Leeds United FC,West Ham United FC,2,1,H
Premier League,2025,2025-10-25,Chelsea FC,Sunderland AFC,1,2,A
Premier League,2025,2025-10-25,Newcastle United FC,Fulham FC,2,1,H
Premier League,2025,2025-10-25,Manchester United FC,Brighton & Hove Albion FC,4,2,H
Premier League,2025,2025-10-25,Brentford FC,Liverpool FC,3,2,H
Premier League,2025,2025-10-26,AFC Bournemouth,Nottingham Forest FC,2,0,H
Premier League,2025,2025-10-26,Aston Villa FC,Manchester City FC,1,0,H
Premier League,2025,2025-10-26,Arsenal FC,Crystal Palace FC,1,0,H
Premier League,2025,2025-10-26,Wolverhampton Wanderers FC,Burnley FC,2,3,A
Premier League,2025,2025-10-26,Everton FC,Tottenham Hotspur FC,0,3,A
Premier League,2025,2025-11-01,Brighton & Hove Albion FC,Leeds United FC,3,0,H
Premier League,2025,2025-11-01,Crystal Palace FC,Brentford FC,2,0,H
Premier League,2025,2025-11-01,Burnley FC,Arsenal FC,0,2,A
Premier League,2025,2025-11-01,Fulham FC,Wolverhampton Wanderers FC,3,0,H
Premier League,2025,2025-11-01,Nottingham Forest FC,Manchester United FC,2,2,D
Premier League,2025,2025-11-01,Tottenham Hotspur FC,Chelsea FC,0,1,A
Premier League,2025,2025-11-01,Liverpool FC,Aston Villa FC,2,0,H
Premier League,2025,2025-11-02,West Ham United FC,Newcastle United FC,3,1,H
Premier League,2025,2025-11-02,Manchester City FC,AFC Bournemouth,3,1,H
Premier League,2025,2025-11-03,Sunderland AFC,Everton FC,1,1,D
Premier League,2025,2025-11-08,Tottenham Hotspur FC,Manchester United FC,2,2,D
Premier League,2025,2025-11-08,Everton FC,Fulham FC,2,0,H
Premier League,2025,2025-11-08,West Ham United FC,Burnley FC,3,2,H
Premier League,2025,2025-11-08,Sunderland AFC,Arsenal FC,2,2,D
Premier League,2025,2025-11-08,Chelsea FC,Wolverhampton Wanderers FC,3,0,H
Premier League,2025,2025-11-09,Aston Villa FC,AFC Bournemouth,4,0,H
Premier League,2025,2025-11-09,Crystal Palace FC,Brighton & Hove Albion FC,0,0,D
Premier League,2025,2025-11-09,Brentford FC,Newcastle United FC,3,1,H
Premier League,2025,2025-11-09,Nottingham Forest FC,Leeds United FC,3,1,H
Premier League,2025,2025-11-09,Manchester City FC,Liverpool FC,3,0,H
Premier League,2025,2025-11-22,Burnley FC,Chelsea FC,0,2,A
Premier League,2025,2025-11-22,AFC Bournemouth,West Ham United FC,2,2,D
Premier League,2025,2025-11-22,Brighton & Hove Albion FC,Brentford FC,2,1,H
Premier League,2025,2025-11-22,Fulham FC,Sunderland AFC,1,0,H
Premier League,2025,2025-11-22,Liverpool FC,Nottingham Forest FC,0,3,A
Premier League,2025,2025-11-22,Wolverhampton Wanderers FC,Crystal Palace FC,0,2,A
Premier League,2025,2025-11-22,Newcastle United FC,Manchester City FC,2,1,H
Premier League,2025,2025-11-23,Leeds United FC,Aston Villa FC,1,2,A
Premier League,2025,2025-11-23,Arsenal FC,Tottenham Hotspur FC,4,1,H
Premier League,2025,2025-11-24,Manchester United FC,Everton FC,0,1,A
Premier League,2025,2025-11-29,Sunderland AFC,AFC Bournemouth,3,2,H
Premier League,2025,2025-11-29,Brentford FC,Burnley FC,3,1,H
Premier League,2025,2025-11-29,Manchester City FC,Leeds United FC,3,2,H
Premier League,2025,2025-11-29,Everton FC,Newcastle United FC,1,4,A
Premier League,2025,2025-11-29,Tottenham Hotspur FC,Fulham FC,1,2,A
Premier League,2025,2025-11-30,Crystal Palace FC,Manchester United FC,1,2,A
Premier League,2025,2025-11-30,Aston Villa FC,Wolverhampton Wanderers FC,1,0,H
Premier League,2025,2025-11-30,Nottingham Forest FC,Brighton & Hove Albion FC,0,2,A
Premier League,2025,2025-11-30,West Ham United FC,Liverpool FC,0,2,A
Premier League,2025,2025-11-30,Chelsea FC,Arsenal FC,1,1,D
Premier League,2025,2025-12-02,AFC Bournemouth,Everton FC,0,1,A
Premier League,2025,2025-12-02,Fulham FC,Manchester City FC,4,5,A
Premier League,2025,2025-12-02,Newcastle United FC,Tottenham Hotspur FC,2,2,D
Premier League,2025,2025-12-03,Brighton & Hove Albion FC,Aston Villa FC,3,4,A
Premier League,2025,2025-12-03,Arsenal FC,Brentford FC,2,0,H
Premier League,2025,2025-12-03,Burnley FC,Crystal Palace FC,0,1,A
Premier League,2025,2025-12-03,Wolverhampton Wanderers FC,Nottingham Forest FC,0,1,A
Premier League,2025,2025-12-03,Liverpool FC,Sunderland AFC,1,1,D
Premier League,2025,2025-12-03,Leeds United FC,Chelsea FC,3,1,H
Premier League,2025,2025-12-04,Manchester United FC,West Ham United FC,1,1,D
Premier League,2025,2025-12-06,Aston Villa FC,Arsenal FC,2,1,H
Premier League,2025,2025-12-06,AFC Bournemouth,Chelsea FC,0,0,D
Premier League,2025,2025-12-06,Everton FC,Nottingham Forest FC,3,0,H
Premier League,2025,2025-12-06,Manchester City FC,Sunderland AFC,3,0,H
Premier League,2025,2025-12-06,Newcastle United FC,Burnley FC,2,1,H
Premier League,2025,2025-12-06,Tottenham Hotspur FC,Brentford FC,2,0,H
Premier League,2025,2025-12-06,Leeds United FC,Liverpool FC,3,3,D
Premier League,2025,2025-12-07,Brighton & Hove Albion FC,West Ham United FC,1,1,D
Premier League,2025,2025-12-07,Fulham FC,Crystal Palace FC,1,2,A
Premier League,2025,2025-12-08,Wolverhampton Wanderers FC,Manchester United FC,1,4,A
Premier League,2025,2025-12-13,Chelsea FC,Everton FC,2,0,H
Premier League,2025,2025-12-13,Liverpool FC,Brighton & Hove Albion FC,2,0,H
Premier League,2025,2025-12-13,Burnley FC,Fulham FC,2,3,A
Premier League,2025,2025-12-13,Arsenal FC,Wolverhampton Wanderers FC,2,1,H
Premier League,2025,2025-12-14,Sunderland AFC,Newcastle United FC,1,0,H
Premier League,2025,2025-12-14,Crystal Palace FC,Manchester City FC,0,3,A
Premier League,2025,2025-12-14,Nottingham Forest FC,Tottenham Hotspur FC,3,0,H
Premier League,2025,2025-12-14,West Ham United FC,Aston Villa FC,2,3,A
Premier League,2025,2025-12-14,Brentford FC,Leeds United FC,1,1,D
Premier League,2025,2025-12-15,Manchester United FC,AFC Bournemouth,4,4,D
Premier League,2025,2025-12-20,Newcastle United FC,Chelsea FC,2,2,D
Premier League,2025,2025-12-20,AFC Bournemouth,Burnley FC,1,1,D
Premier League,2025,2025-12-20,Brighton & Hove Albion FC,Sunderland AFC,0,0,D
Premier League,2025,2025-12-20,Manchester City FC,West Ham United FC,3,0,H
Premier League,2025,2025-12-20,Wolverhampton Wanderers FC,Brentford FC,0,2,A
Premier League,2025,2025-12-20,Tottenham Hotspur FC,Liverpool FC,1,2,A
Premier League,2025,2025-12-20,Everton FC,Arsenal FC,0,1,A
Premier League,2025,2025-12-20,Leeds United FC,Crystal Palace FC,4,1,H
Premier League,2025,2025-12-21,Aston Villa FC,Manchester United FC,2,1,H
Premier League,2025,2025-12-22,Fulham FC,Nottingham Forest FC,1,0,H
Premier League,2025,2025-12-26,Manchester United FC,Newcastle United FC,1,0,H
Premier League,2025,2025-12-27,Nottingham Forest FC,Manchester City FC,1,2,A
Premier League,2025,2025-12-27,Arsenal FC,Brighton & Hove Albion FC,2,1,H
Premier League,2025,2025-12-27,Brentford FC,AFC Bournemouth,4,1,H
Premier League,2025,2025-12-27,Burnley FC,Everton FC,0,0,D
Premier League,2025,2025-12-27,Liverpool FC,Wolverhampton Wanderers FC,2,1,H
Premier League,2025,2025-12-27,West Ham United FC,Fulham FC,0,1,A
Premier League,2025,2025-12-27,Chelsea FC,Aston Villa FC,1,2,A
Premier League,2025,2025-12-28,Sunderland AFC,Leeds United FC,1,1,D
Premier League,2025,2025-12-28,Crystal Palace FC,Tottenham Hotspur FC,0,1,A
Premier League,2025,2025-12-30,Burnley FC,Newcastle United FC,1,3,A
Premier League,2025,2025-12-30,Chelsea FC,AFC Bournemouth,2,2,D
Premier League,2025,2025-12-30,Nottingham Forest FC,Everton FC,0,2,A
Premier League,2025,2025-12-30,West Ham United FC,Brighton & Hove Albion FC,2,2,D
Premier League,2025,2025-12-30,Arsenal FC,Aston Villa FC,4,1,H
Premier League,2025,2025-12-30,Manchester United FC,Wolverhampton Wanderers FC,1,1,D
Premier League,2025,2026-01-01,Crystal Palace FC,Fulham FC,1,1,D
Premier League,2025,2026-01-01,Liverpool FC,Leeds United FC,0,0,D
Premier League,2025,2026-01-01,Sunderland AFC,Manchester City FC,0,0,D
Premier League,2025,2026-01-01,Brentford FC,Tottenham Hotspur FC,0,0,D
Premier League,2025,2026-01-03,Aston Villa FC,Nottingham Forest FC,3,1,H
Premier League,2025,2026-01-03,Brighton & Hove Albion FC,Burnley FC,2,0,H
Premier League,2025,2026-01-03,Wolverhampton Wanderers FC,West Ham United FC,3,0,H
Premier League,2025,2026-01-03,AFC Bournemouth,Arsenal FC,2,3,A
Premier League,2025,2026-01-04,Leeds United FC,Manchester United FC,1,1,D
Premier League,2025,2026-01-04,Everton FC,Brentford FC,2,4,A
Premier League,2025,2026-01-04,Newcastle United FC,Crystal Palace FC,2,0,H
Premier League,2025,2026-01-04,Tottenham Hotspur FC,Sunderland AFC,1,1,D
Premier League,2025,2026-01-04,Fulham FC,Liverpool FC,2,2,D
Premier League,2025,2026-01-04,Manchester City FC,Chelsea FC,1,1,D
Premier League,2025,2026-01-06,West Ham United FC,Nottingham Forest FC,1,2,A
Premier League,2025,2026-01-07,AFC Bournemouth,Tottenham Hotspur FC,3,2,H
Premier League,2025,2026-01-07,Crystal Palace FC,Aston Villa FC,0,0,D
Premier League,2025,2026-01-07,Brentford FC,Sunderland AFC,3,0,H
Premier League,2025,2026-01-07,Everton FC,Wolverhampton Wanderers FC,1,1,D
Premier League,2025,2026-01-07,Fulham FC,Chelsea FC,2,1,H
Premier League,2025,2026-01-07,Manchester City FC,Brighton & Hove Albion FC,1,1,D
Premier League,2025,2026-01-07,Burnley FC,Manchester United FC,2,2,D
Premier League,2025,2026-01-07,Newcastle United FC,Leeds United FC,4,3,H
Premier League,2025,2026-01-08,Arsenal FC,Liverpool FC,0,0,D
Premier League,2025,2026-01-17,Manchester United FC,Manchester City FC,2,0,H
Premier League,2025,2026-01-17,Sunderland AFC,Crystal Palace FC,2,1,H
Premier League,2025,2026-01-17,Chelsea FC,Brentford FC,2,0,H
Premier League,2025,2026-01-17,Liverpool FC,Burnley FC,1,1,D
Premier League,2025,2026-01-17,Leeds United FC,Fulham FC,1,0,H
Premier League,2025,2026-01-17,Tottenham Hotspur FC,West Ham United FC,1,2,A
Premier League,2025,2026-01-17,Nottingham Forest FC,Arsenal FC,0,0,D
Premier League,2025,2026-01-18,Wolverhampton Wanderers FC,Newcastle United FC,0,0,D
Premier League,2025,2026-01-18,Aston Villa FC,Everton FC,0,1,A
Premier League,2025,2026-01-19,Brighton & Hove Albion FC,AFC Bournemouth,1,1,D
Premier League,2025,2026-01-24,West Ham United FC,Sunderland AFC,3,1,H
Premier League,2025,2026-01-24,Burnley FC,Tottenham Hotspur FC,2,2,D
Premier League,2025,2026-01-24,Fulham FC,Brighton & Hove Albion FC,2,1,H
Premier League,2025,2026-01-24,Manchester City FC,Wolverhampton Wanderers FC,2,0,H
Premier League,2025,2026-01-24,AFC Bournemouth,Liverpool FC,3,2,H
Premier League,2025,2026-01-25,Crystal Palace FC,Chelsea FC,1,3,A
Premier League,2025,2026-01-25,Brentford FC,Nottingham Forest FC,0,2,A
Premier League,2025,2026-01-25,Newcastle United FC,Aston Villa FC,0,2,A
Premier League,2025,2026-01-25,Arsenal FC,Manchester United FC,2,3,A
Premier League,2025,2026-01-26,Everton FC,Leeds United FC,1,1,D
Premier League,2025,2026-01-31,Brighton & Hove Albion FC,Everton FC,1,1,D
Premier League,2025,2026-01-31,Leeds United FC,Arsenal FC,0,4,A
Premier League,2025,2026-01-31,Wolverhampton Wanderers FC,AFC Bournemouth,0,2,A
Premier League,2025,2026-01-31,Chelsea FC,West Ham United FC,3,2,H
Premier League,2025,2026-01-31,Liverpool FC,Newcastle United FC,4,1,H
Premier League,2025,2026-02-01,Aston Villa FC,Brentford FC,0,1,A
Premier League,2025,2026-02-01,Manchester United FC,Fulham FC,3,2,H
Premier League,2025,2026-02-01,Nottingham Forest FC,Crystal Palace FC,1,1,D
Premier League,2025,2026-02-01,Tottenham Hotspur FC,Manchester City FC,2,2,D
Premier League,2025,2026-02-02,Sunderland AFC,Burnley FC,3,0,H
Premier League,2025,2026-02-06,Leeds United FC,Nottingham Forest FC,3,1,H
Premier League,2025,2026-02-07,Manchester United FC,Tottenham Hotspur FC,2,0,H
Premier League,2025,2026-02-07,AFC Bournemouth,Aston Villa FC,1,1,D
Premier League,2025,2026-02-07,Arsenal FC,Sunderland AFC,3,0,H
Premier League,2025,2026-02-07,Burnley FC,West Ham United FC,0,2,A
Premier League,2025,2026-02-07,Fulham FC,Everton FC,1,2,A
Premier League,2025,2026-02-07,Wolverhampton Wanderers FC,Chelsea FC,1,3,A
Premier League,2025,2026-02-07,Newcastle United FC,Brentford FC,2,3,A
Premier League,2025,2026-02-08,Brighton & Hove Albion FC,Crystal Palace FC,0,1,A
Premier League,2025,2026-02-08,Liverpool FC,Manchester City FC,1,2,A
Premier League,2025,2026-02-10,Chelsea FC,Leeds United FC,2,2,D
Premier League,2025,2026-02-10,Everton FC,AFC Bournemouth,1,2,A
Premier League,2025,2026-02-10,Tottenham Hotspur FC,Newcastle United FC,1,2,A
Premier League,2025,2026-02-10,West Ham United FC,Manchester United FC,1,1,D
Premier League,2025,2026-02-11,Aston Villa FC,Brighton & Hove Albion FC,1,0,H
Premier League,2025,2026-02-11,Manchester City FC,Fulham FC,3,0,H
Premier League,2025,2026-02-11,Nottingham Forest FC,Wolverhampton Wanderers FC,0,0,D
Premier League,2025,2026-02-11,Crystal Palace FC,Burnley FC,2,3,A
Premier League,2025,2026-02-11,Sunderland AFC,Liverpool FC,0,1,A
Premier League,2025,2026-02-12,Brentford FC,Arsenal FC,1,1,D
Premier League,2025,2026-02-18,Wolverhampton Wanderers FC,Arsenal FC,2,2,D
Premier League,2025,2026-02-21,Aston Villa FC,Leeds United FC,1,1,D
Premier League,2025,2026-02-21,Brentford FC,Brighton & Hove Albion FC,0,2,A
Premier League,2025,2026-02-21,Chelsea FC,Burnley FC,1,1,D
Premier League,2025,2026-02-21,West Ham United FC,AFC Bournemouth,0,0,D
Premier League,2025,2026-02-21,Manchester City FC,Newcastle United FC,2,1,H
Premier League,2025,2026-02-22,Sunderland AFC,Fulham FC,1,3,A
Premier League,2025,2026-02-22,Crystal Palace FC,Wolverhampton Wanderers FC,1,0,H
Premier League,2025,2026-02-22,Nottingham Forest FC,Liverpool FC,0,1,A
Premier League,2025,2026-02-22,Tottenham Hotspur FC,Arsenal FC,1,4,A
Premier League,2025,2026-02-23,Everton FC,Manchester United FC,0,1,A
Premier League,2025,2026-02-27,Wolverhampton Wanderers FC,Aston Villa FC,2,0,H
Premier League,2025,2026-02-28,AFC Bournemouth,Sunderland AFC,1,1,D
Premier League,2025,2026-02-28,Burnley FC,Brentford FC,3,4,A
Premier League,2025,2026-02-28,Liverpool FC,West Ham United FC,5,2,H
Premier League,2025,2026-02-28,Newcastle United FC,Everton FC,2,3,A
Premier League,2025,2026-02-28,Leeds United FC,Manchester City FC,0,1,A
Premier League,2025,2026-03-01,Brighton & Hove Albion FC,Nottingham Forest FC,2,1,H
Premier League,2025,2026-03-01,Fulham FC,Tottenham Hotspur FC,2,1,H
Premier League,2025,2026-03-01,Manchester United FC,Crystal Palace FC,2,1,H
Premier League,2025,2026-03-01,Arsenal FC,Chelsea FC,2,1,H
Premier League,2025,2026-03-03,AFC Bournemouth,Brentford FC,0,0,D
Premier League,2025,2026-03-03,Everton FC,Burnley FC,2,0,H
Premier League,2025,2026-03-03,Leeds United FC,Sunderland AFC,0,1,A
Premier League,2025,2026-03-03,Wolverhampton Wanderers FC,Liverpool FC,2,1,H
Premier League,2025,2026-03-04,Aston Villa FC,Chelsea FC,1,4,A
Premier League,2025,2026-03-04,Brighton & Hove Albion FC,Arsenal FC,0,1,A
Premier League,2025,2026-03-04,Fulham FC,West Ham United FC,0,1,A
Premier League,2025,2026-03-04,Manchester City FC,Nottingham Forest FC,2,2,D
Premier League,2025,2026-03-04,Newcastle United FC,Manchester United FC,2,1,H
Premier League,2025,2026-03-05,Tottenham Hotspur FC,Crystal Palace FC,1,3,A
Premier League,2025,2026-03-14,Sunderland AFC,Brighton & Hove Albion FC,0,1,A
Premier League,2025,2026-03-14,Burnley FC,AFC Bournemouth,0,0,D
Premier League,2025,2026-03-14,Arsenal FC,Everton FC,2,0,H
Premier League,2025,2026-03-14,Chelsea FC,Newcastle United FC,0,1,A
Premier League,2025,2026-03-14,West Ham United FC,Manchester City FC,1,1,D
Premier League,2025,2026-03-15,Crystal Palace FC,Leeds United FC,0,0,D
Premier League,2025,2026-03-15,Manchester United FC,Aston Villa FC,3,1,H
Premier League,2025,2026-03-15,Nottingham Forest FC,Fulham FC,0,0,D
Premier League,2025,2026-03-15,Liverpool FC,Tottenham Hotspur FC,1,1,D
Premier League,2025,2026-03-16,Brentford FC,Wolverhampton Wanderers FC,2,2,D
Premier League,2025,2026-03-20,AFC Bournemouth,Manchester United FC,2,2,D
Premier League,2025,2026-03-21,Brighton & Hove Albion FC,Liverpool FC,2,1,H
Premier League,2025,2026-03-21,Fulham FC,Burnley FC,3,1,H
Premier League,2025,2026-03-21,Everton FC,Chelsea FC,3,0,H
Premier League,2025,2026-03-21,Leeds United FC,Brentford FC,0,0,D
Premier League,2025,2026-03-22,Newcastle United FC,Sunderland AFC,1,2,A
Premier League,2025,2026-03-22,Aston Villa FC,West Ham United FC,2,0,H
Premier League,2025,2026-03-22,Tottenham Hotspur FC,Nottingham Forest FC,0,3,A
Premier League,2025,2026-04-10,West Ham United FC,Wolverhampton Wanderers FC,4,0,H
Premier League,2025,2026-04-11,Arsenal FC,AFC Bournemouth,1,2,A
Premier League,2025,2026-04-11,Brentford FC,Everton FC,2,2,D
Premier League,2025,2026-04-11,Burnley FC,Brighton & Hove Albion FC,0,2,A
Premier League,2025,2026-04-11,Liverpool FC,Fulham FC,2,0,H
Premier League,2025,2026-04-12,Sunderland AFC,Tottenham Hotspur FC,1,0,H
Premier League,2025,2026-04-12,Crystal Palace FC,Newcastle United FC,2,1,H
Premier League,2025,2026-04-12,Nottingham Forest FC,Aston Villa FC,1,1,D
Premier League,2025,2026-04-12,Chelsea FC,Manchester City FC,0,3,A
Premier League,2025,2026-04-13,Manchester United FC,Leeds United FC,1,2,A
Premier League,2025,2026-04-18,Brentford FC,Fulham FC,0,0,D
Premier League,2025,2026-04-18,Newcastle United FC,AFC Bournemouth,1,2,A
Premier League,2025,2026-04-18,Leeds United FC,Wolverhampton Wanderers FC,3,0,H
Premier League,2025,2026-04-18,Tottenham Hotspur FC,Brighton & Hove Albion FC,2,2,D
Premier League,2025,2026-04-18,Chelsea FC,Manchester United FC,0,1,A
Premier League,2025,2026-04-19,Nottingham Forest FC,Burnley FC,4,1,H
Premier League,2025,2026-04-19,Aston Villa FC,Sunderland AFC,4,3,H
Premier League,2025,2026-04-19,Everton FC,Liverpool FC,1,2,A
Premier League,2025,2026-04-19,Manchester City FC,Arsenal FC,2,1,H
Premier League,2025,2026-04-20,Crystal Palace FC,West Ham United FC,0,0,D
Premier League,2025,2026-04-21,Brighton & Hove Albion FC,Chelsea FC,3,0,H
La Liga,2023,2023-08-11,UD Almería,Rayo Vallecano de Madrid,0,2,A
La Liga,2023,2023-08-11,Sevilla FC,Valencia CF,1,2,A
La Liga,2023,2023-08-12,Real Sociedad de Fútbol,Girona FC,1,1,D
La Liga,2023,2023-08-12,UD Las Palmas,RCD Mallorca,1,1,D
La Liga,2023,2023-08-12,Athletic Club,Real Madrid CF,0,2,A
La Liga,2023,2023-08-13,RC Celta de Vigo,CA Osasuna,0,2,A
La Liga,2023,2023-08-13,Villarreal CF,Real Betis Balompié,1,2,A
La Liga,2023,2023-08-13,Getafe CF,FC Barcelona,0,0,D
La Liga,2023,2023-08-14,Cádiz CF,Deportivo Alavés,1,0,H
La Liga,2023,2023-08-14,Club Atlético de Madrid,Granada CF,3,1,H
La Liga,2023,2023-08-18,RCD Mallorca,Villarreal CF,0,1,A
La Liga,2023,2023-08-18,Valencia CF,UD Las Palmas,1,0,H
La Liga,2023,2023-08-19,Real Sociedad de Fútbol,RC Celta de Vigo,1,1,D
La Liga,2023,2023-08-19,UD Almería,Real Madrid CF,1,3,A
La Liga,2023,2023-08-19,CA Osasuna,Athletic Club,0,2,A
La Liga,2023,2023-08-20,Girona FC,Getafe CF,3,0,H
La Liga,2023,2023-08-20,FC Barcelona,Cádiz CF,2,0,H
La Liga,2023,2023-08-20,Real Betis Balompié,Club Atlético de Madrid,0,0,D
La Liga,2023,2023-08-21,Deportivo Alavés,Sevilla FC,4,3,H
La Liga,2023,2023-08-21,Granada CF,Rayo Vallecano de Madrid,0,2,A
La Liga,2023,2023-08-25,UD Las Palmas,Real Sociedad de Fútbol,0,0,D
La Liga,2023,2023-08-25,RC Celta de Vigo,Real Madrid CF,0,1,A
La Liga,2023,2023-08-26,Cádiz CF,UD Almería,1,1,D
La Liga,2023,2023-08-26,Granada CF,RCD Mallorca,3,2,H
La Liga,2023,2023-08-26,Sevilla FC,Girona FC,1,2,A
La Liga,2023,2023-08-27,Villarreal CF,FC Barcelona,3,4,A
La Liga,2023,2023-08-27,Valencia CF,CA Osasuna,1,2,A
La Liga,2023,2023-08-27,Athletic Club,Real Betis Balompié,4,2,H
La Liga,2023,2023-08-28,Getafe CF,Deportivo Alavés,1,0,H
La Liga,2023,2023-08-28,Rayo Vallecano de Madrid,Club Atlético de Madrid,0,7,A
La Liga,2023,2023-09-01,Cádiz CF,Villarreal CF,3,1,H
La Liga,2023,2023-09-01,UD Almería,RC Celta de Vigo,2,3,A
La Liga,2023,2023-09-02,Real Sociedad de Fútbol,Granada CF,5,3,H
La Liga,2023,2023-09-02,Real Madrid CF,Getafe CF,2,1,H
La Liga,2023,2023-09-02,Deportivo Alavés,Valencia CF,1,0,H
La Liga,2023,2023-09-02,Real Betis Balompié,Rayo Vallecano de Madrid,1,0,H
La Liga,2023,2023-09-03,Girona FC,UD Las Palmas,1,0,H
La Liga,2023,2023-09-03,RCD Mallorca,Athletic Club,0,0,D
La Liga,2023,2023-09-03,CA Osasuna,FC Barcelona,1,2,A
La Liga,2023,2023-09-15,Rayo Vallecano de Madrid,Deportivo Alavés,2,0,H
La Liga,2023,2023-09-16,Athletic Club,Cádiz CF,3,0,H
La Liga,2023,2023-09-16,Valencia CF,Club Atlético de Madrid,3,0,H
La Liga,2023,2023-09-16,RC Celta de Vigo,RCD Mallorca,0,1,A
La Liga,2023,2023-09-16,FC Barcelona,Real Betis Balompié,5,0,H
La Liga,2023,2023-09-17,Getafe CF,CA Osasuna,3,2,H
La Liga,2023,2023-09-17,Villarreal CF,UD Almería,2,1,H
La Liga,2023,2023-09-17,Sevilla FC,UD Las Palmas,1,0,H
La Liga,2023,2023-09-17,Real Madrid CF,Real Sociedad de Fútbol,2,1,H
La Liga,2023,2023-09-18,Granada CF,Girona FC,2,4,A
La Liga,2023,2023-09-22,Deportivo Alavés,Athletic Club,0,2,A
La Liga,2023,2023-09-23,Girona FC,RCD Mallorca,5,3,H
La Liga,2023,2023-09-23,CA Osasuna,Sevilla FC,0,0,D
La Liga,2023,2023-09-23,FC Barcelona,RC Celta de Vigo,3,2,H
La Liga,2023,2023-09-23,UD Almería,Valencia CF,2,2,D
La Liga,2023,2023-09-24,Real Sociedad de Fútbol,Getafe CF,4,3,H
La Liga,2023,2023-09-24,Rayo Vallecano de Madrid,Villarreal CF,1,1,D
La Liga,2023,2023-09-24,UD Las Palmas,Granada CF,1,0,H
La Liga,2023,2023-09-24,Real Betis Balompié,Cádiz CF,1,1,D
La Liga,2023,2023-09-24,Club Atlético de Madrid,Real Madrid CF,3,1,H
La Liga,2023,2023-09-26,Sevilla FC,UD Almería,5,1,H
La Liga,2023,2023-09-26,RCD Mallorca,FC Barcelona,2,2,D
La Liga,2023,2023-09-27,Athletic Club,Getafe CF,2,2,D
La Liga,2023,2023-09-27,Villarreal CF,Girona FC,1,2,A
La Liga,2023,2023-09-27,Real Madrid CF,UD Las Palmas,2,0,H
La Liga,2023,2023-09-27,Cádiz CF,Rayo Vallecano de Madrid,0,0,D
La Liga,2023,2023-09-27,Valencia CF,Real Sociedad de Fútbol,0,1,A
La Liga,2023,2023-09-28,RC Celta de Vigo,Deportivo Alavés,1,1,D
La Liga,2023,2023-09-28,Granada CF,Real Betis Balompié,1,1,D
La Liga,2023,2023-09-28,CA Osasuna,Club Atlético de Madrid,0,2,A
La Liga,2023,2023-09-29,FC Barcelona,Sevilla FC,1,0,H
La Liga,2023,2023-09-30,Getafe CF,Villarreal CF,0,0,D
La Liga,2023,2023-09-30,Rayo Vallecano de Madrid,RCD Mallorca,2,2,D
La Liga,2023,2023-09-30,Girona FC,Real Madrid CF,0,3,A
La Liga,2023,2023-09-30,Real Sociedad de Fútbol,Athletic Club,3,0,H
La Liga,2023,2023-10-01,UD Almería,Granada CF,3,3,D
La Liga,2023,2023-10-01,Deportivo Alavés,CA Osasuna,0,2,A
La Liga,2023,2023-10-01,Club Atlético de Madrid,Cádiz CF,3,2,H
La Liga,2023,2023-10-01,Real Betis Balompié,Valencia CF,3,0,H
La Liga,2023,2023-10-02,UD Las Palmas,RC Celta de Vigo,2,1,H
La Liga,2023,2023-10-06,Athletic Club,UD Almería,3,0,H
La Liga,2023,2023-10-07,Cádiz CF,Girona FC,0,1,A
La Liga,2023,2023-10-07,Real Madrid CF,CA Osasuna,4,0,H
La Liga,2023,2023-10-07,RCD Mallorca,Valencia CF,1,1,D
La Liga,2023,2023-10-07,Sevilla FC,Rayo Vallecano de Madrid,2,2,D
La Liga,2023,2023-10-08,Villarreal CF,UD Las Palmas,1,2,A
La Liga,2023,2023-10-08,Club Atlético de Madrid,Real Sociedad de Fútbol,2,1,H
La Liga,2023,2023-10-08,RC Celta de Vigo,Getafe CF,2,2,D
La Liga,2023,2023-10-08,Deportivo Alavés,Real Betis Balompié,1,1,D
La Liga,2023,2023-10-08,Granada CF,FC Barcelona,2,2,D
La Liga,2023,2023-10-20,CA Osasuna,Granada CF,2,0,H
La Liga,2023,2023-10-21,Real Sociedad de Fútbol,RCD Mallorca,1,0,H
La Liga,2023,2023-10-21,Getafe CF,Real Betis Balompié,1,1,D
La Liga,2023,2023-10-21,Sevilla FC,Real Madrid CF,1,1,D
La Liga,2023,2023-10-21,RC Celta de Vigo,Club Atlético de Madrid,0,3,A
La Liga,2023,2023-10-22,UD Las Palmas,Rayo Vallecano de Madrid,0,1,A
La Liga,2023,2023-10-22,Girona FC,UD Almería,5,2,H
La Liga,2023,2023-10-22,Villarreal CF,Deportivo Alavés,1,1,D
La Liga,2023,2023-10-22,FC Barcelona,Athletic Club,1,0,H
La Liga,2023,2023-10-23,Valencia CF,Cádiz CF,2,0,H
La Liga,2023,2023-10-27,Girona FC,RC Celta de Vigo,1,0,H
La Liga,2023,2023-10-28,UD Almería,UD Las Palmas,1,2,A
La Liga,2023,2023-10-28,FC Barcelona,Real Madrid CF,1,2,A
La Liga,2023,2023-10-28,RCD Mallorca,Getafe CF,0,0,D
La Liga,2023,2023-10-28,Cádiz CF,Sevilla FC,2,2,D
La Liga,2023,2023-10-29,Real Betis Balompié,CA Osasuna,2,1,H
La Liga,2023,2023-10-29,Rayo Vallecano de Madrid,Real Sociedad de Fútbol,2,2,D
La Liga,2023,2023-10-29,Athletic Club,Valencia CF,2,2,D
La Liga,2023,2023-10-29,Club Atlético de Madrid,Deportivo Alavés,2,1,H
La Liga,2023,2023-10-30,Granada CF,Villarreal CF,2,3,A
La Liga,2023,2023-11-03,UD Las Palmas,Club Atlético de Madrid,2,1,H
La Liga,2023,2023-11-04,CA Osasuna,Girona FC,2,4,A
La Liga,2023,2023-11-04,Real Betis Balompié,RCD Mallorca,2,0,H
La Liga,2023,2023-11-04,RC Celta de Vigo,Sevilla FC,1,1,D
La Liga,2023,2023-11-04,Real Sociedad de Fútbol,FC Barcelona,0,1,A
La Liga,2023,2023-11-05,Deportivo Alavés,UD Almería,1,0,H
La Liga,2023,2023-11-05,Valencia CF,Granada CF,1,0,H
La Liga,2023,2023-11-05,Villarreal CF,Athletic Club,2,3,A
La Liga,2023,2023-11-05,Real Madrid CF,Rayo Vallecano de Madrid,0,0,D
La Liga,2023,2023-11-06,Getafe CF,Cádiz CF,1,0,H
La Liga,2023,2023-11-10,Athletic Club,RC Celta de Vigo,4,3,H
La Liga,2023,2023-11-11,Rayo Vallecano de Madrid,Girona FC,1,2,A
La Liga,2023,2023-11-11,UD Almería,Real Sociedad de Fútbol,1,3,A
La Liga,2023,2023-11-11,CA Osasuna,UD Las Palmas,1,1,D
La Liga,2023,2023-11-11,Granada CF,Getafe CF,1,1,D
La Liga,2023,2023-11-11,Real Madrid CF,Valencia CF,5,1,H
La Liga,2023,2023-11-12,FC Barcelona,Deportivo Alavés,2,1,H
La Liga,2023,2023-11-12,Sevilla FC,Real Betis Balompié,1,1,D
La Liga,2023,2023-11-12,Club Atlético de Madrid,Villarreal CF,3,1,H
La Liga,2023,2023-11-24,Deportivo Alavés,Granada CF,3,1,H
La Liga,2023,2023-11-25,Rayo Vallecano de Madrid,FC Barcelona,1,1,D
La Liga,2023,2023-11-25,Valencia CF,RC Celta de Vigo,0,0,D
La Liga,2023,2023-11-25,Getafe CF,UD Almería,2,1,H
La Liga,2023,2023-11-25,Club Atlético de Madrid,RCD Mallorca,1,0,H
La Liga,2023,2023-11-26,Villarreal CF,CA Osasuna,3,1,H
La Liga,2023,2023-11-26,Real Sociedad de Fútbol,Sevilla FC,2,1,H
La Liga,2023,2023-11-26,Cádiz CF,Real Madrid CF,0,3,A
La Liga,2023,2023-11-26,Real Betis Balompié,UD Las Palmas,1,0,H
La Liga,2023,2023-11-27,Girona FC,Athletic Club,1,1,D
La Liga,2023,2023-11-29,RCD Mallorca,Cádiz CF,1,1,D
La Liga,2023,2023-12-01,UD Las Palmas,Getafe CF,2,0,H
La Liga,2023,2023-12-02,Girona FC,Valencia CF,2,1,H
La Liga,2023,2023-12-02,Athletic Club,Rayo Vallecano de Madrid,4,0,H
La Liga,2023,2023-12-02,Real Madrid CF,Granada CF,2,0,H
La Liga,2023,2023-12-02,CA Osasuna,Real Sociedad de Fútbol,1,1,D
La Liga,2023,2023-12-03,RCD Mallorca,Deportivo Alavés,0,0,D
La Liga,2023,2023-12-03,UD Almería,Real Betis Balompié,0,0,D
La Liga,2023,2023-12-03,Sevilla FC,Villarreal CF,1,1,D
La Liga,2023,2023-12-03,FC Barcelona,Club Atlético de Madrid,1,0,H
La Liga,2023,2023-12-04,RC Celta de Vigo,Cádiz CF,1,1,D
La Liga,2023,2023-12-08,Getafe CF,Valencia CF,1,0,H
La Liga,2023,2023-12-09,Deportivo Alavés,UD Las Palmas,0,1,A
La Liga,2023,2023-12-09,Real Betis Balompié,Real Madrid CF,1,1,D
La Liga,2023,2023-12-09,Villarreal CF,Real Sociedad de Fútbol,0,3,A
La Liga,2023,2023-12-09,RCD Mallorca,Sevilla FC,1,0,H
La Liga,2023,2023-12-10,Club Atlético de Madrid,UD Almería,2,1,H
La Liga,2023,2023-12-10,Cádiz CF,CA Osasuna,1,1,D
La Liga,2023,2023-12-10,FC Barcelona,Girona FC,2,4,A
La Liga,2023,2023-12-11,Granada CF,Athletic Club,1,1,D
La Liga,2023,2023-12-11,Rayo Vallecano de Madrid,RC Celta de Vigo,0,0,D
La Liga,2023,2023-12-15,CA Osasuna,Rayo Vallecano de Madrid,1,0,H
La Liga,2023,2023-12-16,RC Celta de Vigo,Granada CF,1,0,H
La Liga,2023,2023-12-16,Athletic Club,Club Atlético de Madrid,2,0,H
La Liga,2023,2023-12-16,Sevilla FC,Getafe CF,0,3,A
La Liga,2023,2023-12-16,Valencia CF,FC Barcelona,1,1,D
La Liga,2023,2023-12-17,UD Almería,RCD Mallorca,0,0,D
La Liga,2023,2023-12-17,Real Sociedad de Fútbol,Real Betis Balompié,0,0,D
La Liga,2023,2023-12-17,UD Las Palmas,Cádiz CF,1,1,D
La Liga,2023,2023-12-17,Real Madrid CF,Villarreal CF,4,1,H
La Liga,2023,2023-12-18,Girona FC,Deportivo Alavés,3,0,H
La Liga,2023,2023-12-19,Rayo Vallecano de Madrid,Valencia CF,0,1,A
La Liga,2023,2023-12-19,Club Atlético de Madrid,Getafe CF,3,3,D
La Liga,2023,2023-12-19,Granada CF,Sevilla FC,0,3,A
La Liga,2023,2023-12-20,FC Barcelona,UD Almería,3,2,H
La Liga,2023,2023-12-20,Athletic Club,UD Las Palmas,1,0,H
La Liga,2023,2023-12-20,Villarreal CF,RC Celta de Vigo,3,2,H
La Liga,2023,2023-12-21,Real Betis Balompié,Girona FC,1,1,D
La Liga,2023,2023-12-21,Cádiz CF,Real Sociedad de Fútbol,0,0,D
La Liga,2023,2023-12-21,Deportivo Alavés,Real Madrid CF,0,1,A
La Liga,2023,2023-12-21,RCD Mallorca,CA Osasuna,3,2,H
La Liga,2023,2023-12-23,Club Atlético de Madrid,Sevilla FC,1,0,H
La Liga,2023,2024-01-02,Getafe CF,Rayo Vallecano de Madrid,0,2,A
La Liga,2023,2024-01-02,Real Sociedad de Fútbol,Deportivo Alavés,1,1,D
La Liga,2023,2024-01-02,Valencia CF,Villarreal CF,3,1,H
La Liga,2023,2024-01-03,Granada CF,Cádiz CF,2,0,H
La Liga,2023,2024-01-03,RC Celta de Vigo,Real Betis Balompié,2,1,H
La Liga,2023,2024-01-03,Real Madrid CF,RCD Mallorca,1,0,H
La Liga,2023,2024-01-03,Girona FC,Club Atlético de Madrid,4,3,H
La Liga,2023,2024-01-04,CA Osasuna,UD Almería,1,0,H
La Liga,2023,2024-01-04,Sevilla FC,Athletic Club,0,2,A
La Liga,2023,2024-01-04,UD Las Palmas,FC Barcelona,1,2,A
La Liga,2023,2024-01-12,Sevilla FC,Deportivo Alavés,2,3,A
La Liga,2023,2024-01-13,UD Las Palmas,Villarreal CF,3,0,H
La Liga,2023,2024-01-13,RCD Mallorca,RC Celta de Vigo,1,1,D
La Liga,2023,2024-01-13,Athletic Club,Real Sociedad de Fútbol,2,1,H
La Liga,2023,2024-01-13,Real Betis Balompié,Granada CF,1,0,H
La Liga,2023,2024-01-14,UD Almería,Girona FC,0,0,D
La Liga,2023,2024-01-14,Cádiz CF,Valencia CF,1,4,A
La Liga,2023,2024-01-19,Deportivo Alavés,Cádiz CF,1,0,H
La Liga,2023,2024-01-20,Rayo Vallecano de Madrid,UD Las Palmas,0,2,A
La Liga,2023,2024-01-20,Villarreal CF,RCD Mallorca,1,1,D
La Liga,2023,2024-01-20,Valencia CF,Athletic Club,1,0,H
La Liga,2023,2024-01-20,RC Celta de Vigo,Real Sociedad de Fútbol,0,1,A
La Liga,2023,2024-01-21,CA Osasuna,Getafe CF,3,2,H
La Liga,2023,2024-01-21,Real Madrid CF,UD Almería,3,2,H
La Liga,2023,2024-01-21,Real Betis Balompié,FC Barcelona,2,4,A
La Liga,2023,2024-01-21,Girona FC,Sevilla FC,5,1,H
La Liga,2023,2024-01-22,Granada CF,Club Atlético de Madrid,0,1,A
La Liga,2023,2024-01-26,UD Almería,Deportivo Alavés,0,3,A
La Liga,2023,2024-01-27,Real Sociedad de Fútbol,Rayo Vallecano de Madrid,0,0,D
La Liga,2023,2024-01-27,UD Las Palmas,Real Madrid CF,1,2,A
La Liga,2023,2024-01-27,FC Barcelona,Villarreal CF,3,5,A
La Liga,2023,2024-01-27,RCD Mallorca,Real Betis Balompié,0,1,A
La Liga,2023,2024-01-28,RC Celta de Vigo,Girona FC,0,1,A
La Liga,2023,2024-01-28,Cádiz CF,Athletic Club,0,0,D
La Liga,2023,2024-01-28,Sevilla FC,CA Osasuna,1,1,D
La Liga,2023,2024-01-28,Club Atlético de Madrid,Valencia CF,2,0,H
La Liga,2023,2024-01-29,Getafe CF,Granada CF,2,0,H
La Liga,2023,2024-01-31,FC Barcelona,CA Osasuna,1,0,H
La Liga,2023,2024-01-31,Club Atlético de Madrid,Rayo Vallecano de Madrid,2,1,H
La Liga,2023,2024-02-01,Getafe CF,Real Madrid CF,0,2,A
La Liga,2023,2024-02-02,Athletic Club,RCD Mallorca,4,0,H
La Liga,2023,2024-02-03,Valencia CF,UD Almería,2,1,H
La Liga,2023,2024-02-03,Granada CF,UD Las Palmas,1,1,D
La Liga,2023,2024-02-03,Deportivo Alavés,FC Barcelona,1,3,A
La Liga,2023,2024-02-03,Girona FC,Real Sociedad de Fútbol,0,0,D
La Liga,2023,2024-02-04,Villarreal CF,Cádiz CF,0,0,D
La Liga,2023,2024-02-04,CA Osasuna,RC Celta de Vigo,0,3,A
La Liga,2023,2024-02-04,Real Betis Balompié,Getafe CF,1,1,D
La Liga,2023,2024-02-04,Real Madrid CF,Club Atlético de Madrid,1,1,D
La Liga,2023,2024-02-05,Rayo Vallecano de Madrid,Sevilla FC,1,2,A
La Liga,2023,2024-02-09,Cádiz CF,Real Betis Balompié,0,2,A
La Liga,2023,2024-02-10,Deportivo Alavés,Villarreal CF,1,1,D
La Liga,2023,2024-02-10,Real Sociedad de Fútbol,CA Osasuna,0,1,A
La Liga,2023,2024-02-10,Real Madrid CF,Girona FC,4,0,H
La Liga,2023,2024-02-10,UD Las Palmas,Valencia CF,2,0,H
La Liga,2023,2024-02-11,Getafe CF,RC Celta de Vigo,3,2,H
La Liga,2023,2024-02-11,RCD Mallorca,Rayo Vallecano de Madrid,2,1,H
La Liga,2023,2024-02-11,Sevilla FC,Club Atlético de Madrid,1,0,H
La Liga,2023,2024-02-11,FC Barcelona,Granada CF,3,3,D
La Liga,2023,2024-02-12,UD Almería,Athletic Club,0,0,D
La Liga,2023,2024-02-16,Villarreal CF,Getafe CF,1,1,D
La Liga,2023,2024-02-17,Club Atlético de Madrid,UD Las Palmas,5,0,H
La Liga,2023,2024-02-17,CA Osasuna,Cádiz CF,2,0,H
La Liga,2023,2024-02-17,RC Celta de Vigo,FC Barcelona,1,2,A
La Liga,2023,2024-02-17,Valencia CF,Sevilla FC,0,0,D
La Liga,2023,2024-02-18,Rayo Vallecano de Madrid,Real Madrid CF,1,1,D
La Liga,2023,2024-02-18,Granada CF,UD Almería,1,1,D
La Liga,2023,2024-02-18,RCD Mallorca,Real Sociedad de Fútbol,1,2,A
La Liga,2023,2024-02-18,Real Betis Balompié,Deportivo Alavés,0,0,D
La Liga,2023,2024-02-19,Athletic Club,Girona FC,3,2,H
La Liga,2023,2024-02-23,Real Sociedad de Fútbol,Villarreal CF,1,3,A
La Liga,2023,2024-02-24,FC Barcelona,Getafe CF,4,0,H
La Liga,2023,2024-02-24,Deportivo Alavés,RCD Mallorca,1,1,D
La Liga,2023,2024-02-24,UD Almería,Club Atlético de Madrid,2,2,D
La Liga,2023,2024-02-25,Cádiz CF,RC Celta de Vigo,2,2,D
La Liga,2023,2024-02-25,Real Betis Balompié,Athletic Club,3,1,H
La Liga,2023,2024-02-25,UD Las Palmas,CA Osasuna,1,1,D
La Liga,2023,2024-02-25,Real Madrid CF,Sevilla FC,1,0,H
La Liga,2023,2024-02-26,Girona FC,Rayo Vallecano de Madrid,3,0,H
La Liga,2023,2024-03-01,RC Celta de Vigo,UD Almería,1,0,H
La Liga,2023,2024-03-02,Sevilla FC,Real Sociedad de Fútbol,3,2,H
La Liga,2023,2024-03-02,Rayo Vallecano de Madrid,Cádiz CF,1,1,D
La Liga,2023,2024-03-02,Getafe CF,UD Las Palmas,3,3,D
La Liga,2023,2024-03-02,Valencia CF,Real Madrid CF,2,2,D
La Liga,2023,2024-03-03,Villarreal CF,Granada CF,5,1,H
La Liga,2023,2024-03-03,Club Atlético de Madrid,Real Betis Balompié,2,1,H
La Liga,2023,2024-03-03,RCD Mallorca,Girona FC,1,0,H
La Liga,2023,2024-03-03,Athletic Club,FC Barcelona,0,0,D
La Liga,2023,2024-03-04,CA Osasuna,Deportivo Alavés,1,0,H
La Liga,2023,2024-03-08,FC Barcelona,RCD Mallorca,1,0,H
La Liga,2023,2024-03-09,Valencia CF,Getafe CF,1,0,H
La Liga,2023,2024-03-09,Cádiz CF,Club Atlético de Madrid,2,0,H
La Liga,2023,2024-03-09,Granada CF,Real Sociedad de Fútbol,2,3,A
La Liga,2023,2024-03-09,Girona FC,CA Osasuna,2,0,H
La Liga,2023,2024-03-10,Deportivo Alavés,Rayo Vallecano de Madrid,1,0,H
La Liga,2023,2024-03-10,UD Las Palmas,Athletic Club,0,2,A
La Liga,2023,2024-03-10,Real Madrid CF,RC Celta de Vigo,4,0,H
La Liga,2023,2024-03-10,Real Betis Balompié,Villarreal CF,2,3,A
La Liga,2023,2024-03-11,UD Almería,Sevilla FC,2,2,D
La Liga,2023,2024-03-15,Real Sociedad de Fútbol,Cádiz CF,2,0,H
La Liga,2023,2024-03-16,RCD Mallorca,Granada CF,1,0,H
La Liga,2023,2024-03-16,CA Osasuna,Real Madrid CF,2,4,A
La Liga,2023,2024-03-16,Getafe CF,Girona FC,1,0,H
La Liga,2023,2024-03-16,Athletic Club,Deportivo Alavés,2,0,H
La Liga,2023,2024-03-17,Sevilla FC,RC Celta de Vigo,1,2,A
La Liga,2023,2024-03-17,Villarreal CF,Valencia CF,1,0,H
La Liga,2023,2024-03-17,UD Las Palmas,UD Almería,0,1,A
La Liga,2023,2024-03-17,Rayo Vallecano de Madrid,Real Betis Balompié,2,0,H
La Liga,2023,2024-03-17,Club Atlético de Madrid,FC Barcelona,0,3,A
La Liga,2023,2024-03-29,Cádiz CF,Granada CF,1,0,H
La Liga,2023,2024-03-30,Getafe CF,Sevilla FC,0,1,A
La Liga,2023,2024-03-30,UD Almería,CA Osasuna,0,3,A
La Liga,2023,2024-03-30,Valencia CF,RCD Mallorca,0,0,D
La Liga,2023,2024-03-30,FC Barcelona,UD Las Palmas,1,0,H
La Liga,2023,2024-03-31,RC Celta de Vigo,Rayo Vallecano de Madrid,0,0,D
La Liga,2023,2024-03-31,Girona FC,Real Betis Balompié,3,2,H
La Liga,2023,2024-03-31,Deportivo Alavés,Real Sociedad de Fútbol,0,1,A
La Liga,2023,2024-03-31,Real Madrid CF,Athletic Club,2,0,H
La Liga,2023,2024-04-01,Villarreal CF,Club Atlético de Madrid,1,2,A
La Liga,2023,2024-04-04,Granada CF,Valencia CF,0,1,A
La Liga,2023,2024-04-12,Real Betis Balompié,RC Celta de Vigo,2,1,H
La Liga,2023,2024-04-13,Club Atlético de Madrid,Girona FC,3,1,H
La Liga,2023,2024-04-13,Rayo Vallecano de Madrid,Getafe CF,0,0,D
La Liga,2023,2024-04-13,RCD Mallorca,Real Madrid CF,0,1,A
La Liga,2023,2024-04-13,Cádiz CF,FC Barcelona,0,1,A
La Liga,2023,2024-04-14,UD Las Palmas,Sevilla FC,0,2,A
La Liga,2023,2024-04-14,Granada CF,Deportivo Alavés,2,0,H
La Liga,2023,2024-04-14,Athletic Club,Villarreal CF,1,1,D
La Liga,2023,2024-04-14,Real Sociedad de Fútbol,UD Almería,2,2,D
La Liga,2023,2024-04-15,CA Osasuna,Valencia CF,0,1,A
La Liga,2023,2024-04-19,Athletic Club,Granada CF,1,1,D
La Liga,2023,2024-04-20,RC Celta de Vigo,UD Las Palmas,4,1,H
La Liga,2023,2024-04-20,Rayo Vallecano de Madrid,CA Osasuna,2,1,H
La Liga,2023,2024-04-20,Valencia CF,Real Betis Balompié,1,2,A
La Liga,2023,2024-04-20,Girona FC,Cádiz CF,4,1,H
La Liga,2023,2024-04-21,Getafe CF,Real Sociedad de Fútbol,1,1,D
La Liga,2023,2024-04-21,UD Almería,Villarreal CF,1,2,A
La Liga,2023,2024-04-21,Deportivo Alavés,Club Atlético de Madrid,2,0,H
La Liga,2023,2024-04-21,Real Madrid CF,FC Barcelona,3,2,H
La Liga,2023,2024-04-22,Sevilla FC,RCD Mallorca,2,1,H
La Liga,2023,2024-04-26,Real Sociedad de Fútbol,Real Madrid CF,0,1,A
La Liga,2023,2024-04-27,UD Las Palmas,Girona FC,0,2,A
La Liga,2023,2024-04-27,UD Almería,Getafe CF,1,3,A
La Liga,2023,2024-04-27,Deportivo Alavés,RC Celta de Vigo,3,0,H
La Liga,2023,2024-04-27,Club Atlético de Madrid,Athletic Club,3,1,H
La Liga,2023,2024-04-28,Cádiz CF,RCD Mallorca,1,1,D
La Liga,2023,2024-04-28,Granada CF,CA Osasuna,3,0,H
La Liga,2023,2024-04-28,Villarreal CF,Rayo Vallecano de Madrid,3,0,H
La Liga,2023,2024-04-28,Real Betis Balompié,Sevilla FC,1,1,D
La Liga,2023,2024-04-29,FC Barcelona,Valencia CF,4,2,H
La Liga,2023,2024-05-03,Getafe CF,Athletic Club,0,2,A
La Liga,2023,2024-05-04,Real Sociedad de Fútbol,UD Las Palmas,2,0,H
La Liga,2023,2024-05-04,Real Madrid CF,Cádiz CF,3,0,H
La Liga,2023,2024-05-04,Girona FC,FC Barcelona,4,2,H
La Liga,2023,2024-05-04,RCD Mallorca,Club Atlético de Madrid,0,1,A
La Liga,2023,2024-05-05,CA Osasuna,Real Betis Balompié,0,2,A
La Liga,2023,2024-05-05,RC Celta de Vigo,Villarreal CF,3,2,H
La Liga,2023,2024-05-05,Valencia CF,Deportivo Alavés,0,1,A
La Liga,2023,2024-05-05,Sevilla FC,Granada CF,3,0,H
La Liga,2023,2024-05-05,Rayo Vallecano de Madrid,UD Almería,0,1,A
La Liga,2023,2024-05-10,Deportivo Alavés,Girona FC,2,2,D
La Liga,2023,2024-05-11,RCD Mallorca,UD Las Palmas,1,0,H
La Liga,2023,2024-05-11,Villarreal CF,Sevilla FC,3,2,H
La Liga,2023,2024-05-11,Granada CF,Real Madrid CF,0,4,A
La Liga,2023,2024-05-11,Athletic Club,CA Osasuna,2,2,D
La Liga,2023,2024-05-12,Cádiz CF,Getafe CF,1,0,H
La Liga,2023,2024-05-12,Club Atlético de Madrid,RC Celta de Vigo,1,0,H
La Liga,2023,2024-05-12,Valencia CF,Rayo Vallecano de Madrid,0,0,D
La Liga,2023,2024-05-12,Real Betis Balompié,UD Almería,3,2,H
La Liga,2023,2024-05-13,FC Barcelona,Real Sociedad de Fútbol,2,0,H
La Liga,2023,2024-05-14,CA Osasuna,RCD Mallorca,1,1,D
La Liga,2023,2024-05-14,Real Madrid CF,Deportivo Alavés,5,0,H
La Liga,2023,2024-05-14,Girona FC,Villarreal CF,0,1,A
La Liga,2023,2024-05-15,Sevilla FC,Cádiz CF,0,1,A
La Liga,2023,2024-05-15,Rayo Vallecano de Madrid,Granada CF,2,1,H
La Liga,2023,2024-05-15,RC Celta de Vigo,Athletic Club,2,1,H
La Liga,2023,2024-05-15,Getafe CF,Club Atlético de Madrid,0,3,A
La Liga,2023,2024-05-16,UD Las Palmas,Real Betis Balompié,2,2,D
La Liga,2023,2024-05-16,UD Almería,FC Barcelona,0,2,A
La Liga,2023,2024-05-16,Real Sociedad de Fútbol,Valencia CF,1,0,H
La Liga,2023,2024-05-18,Deportivo Alavés,Getafe CF,1,0,H
La Liga,2023,2024-05-19,Athletic Club,Sevilla FC,2,0,H
La Liga,2023,2024-05-19,Club Atlético de Madrid,CA Osasuna,1,4,A
La Liga,2023,2024-05-19,Real Betis Balompié,Real Sociedad de Fútbol,0,2,A
La Liga,2023,2024-05-19,FC Barcelona,Rayo Vallecano de Madrid,3,0,H
La Liga,2023,2024-05-19,Cádiz CF,UD Las Palmas,0,0,D
La Liga,2023,2024-05-19,Granada CF,RC Celta de Vigo,1,2,A
La Liga,2023,2024-05-19,Valencia CF,Girona FC,1,3,A
La Liga,2023,2024-05-19,Villarreal CF,Real Madrid CF,4,4,D
La Liga,2023,2024-05-19,RCD Mallorca,UD Almería,2,2,D
La Liga,2023,2024-05-24,Girona FC,Granada CF,7,0,H
La Liga,2023,2024-05-25,CA Osasuna,Villarreal CF,1,1,D
La Liga,2023,2024-05-25,Real Sociedad de Fútbol,Club Atlético de Madrid,0,2,A
La Liga,2023,2024-05-25,Rayo Vallecano de Madrid,Athletic Club,0,1,A
La Liga,2023,2024-05-25,UD Almería,Cádiz CF,6,1,H
La Liga,2023,2024-05-25,Real Madrid CF,Real Betis Balompié,0,0,D
La Liga,2023,2024-05-26,Getafe CF,RCD Mallorca,1,2,A
La Liga,2023,2024-05-26,RC Celta de Vigo,Valencia CF,2,2,D
La Liga,2023,2024-05-26,UD Las Palmas,Deportivo Alavés,1,1,D
La Liga,2023,2024-05-26,Sevilla FC,FC Barcelona,1,2,A
La Liga,2024,2024-08-15,Athletic Club,Getafe CF,1,1,D
La Liga,2024,2024-08-15,Real Betis Balompié,Girona FC,1,1,D
La Liga,2024,2024-08-16,RC Celta de Vigo,Deportivo Alavés,2,1,H
La Liga,2024,2024-08-16,UD Las Palmas,Sevilla FC,2,2,D
La Liga,2024,2024-08-17,CA Osasuna,CD Leganés,1,1,D
La Liga,2024,2024-08-17,Valencia CF,FC Barcelona,1,2,A
La Liga,2024,2024-08-18,Real Sociedad de Fútbol,Rayo Vallecano de Madrid,1,2,A
La Liga,2024,2024-08-18,RCD Mallorca,Real Madrid CF,1,1,D
La Liga,2024,2024-08-19,Real Valladolid CF,RCD Espanyol de Barcelona,1,0,H
La Liga,2024,2024-08-19,Villarreal CF,Club Atlético de Madrid,2,2,D
La Liga,2024,2024-08-23,RC Celta de Vigo,Valencia CF,3,1,H
La Liga,2024,2024-08-23,Sevilla FC,Villarreal CF,1,2,A
La Liga,2024,2024-08-24,CA Osasuna,RCD Mallorca,1,0,H
La Liga,2024,2024-08-24,FC Barcelona,Athletic Club,2,1,H
La Liga,2024,2024-08-24,Getafe CF,Rayo Vallecano de Madrid,0,0,D
La Liga,2024,2024-08-24,RCD Espanyol de Barcelona,Real Sociedad de Fútbol,0,1,A
La Liga,2024,2024-08-25,Real Madrid CF,Real Valladolid CF,3,0,H
La Liga,2024,2024-08-25,CD Leganés,UD Las Palmas,2,1,H
La Liga,2024,2024-08-25,Deportivo Alavés,Real Betis Balompié,0,0,D
La Liga,2024,2024-08-25,Club Atlético de Madrid,Girona FC,3,0,H
La Liga,2024,2024-08-26,Villarreal CF,RC Celta de Vigo,4,3,H
La Liga,2024,2024-08-27,RCD Mallorca,Sevilla FC,0,0,D
La Liga,2024,2024-08-27,Rayo Vallecano de Madrid,FC Barcelona,1,2,A
La Liga,2024,2024-08-28,Athletic Club,Valencia CF,1,0,H
La Liga,2024,2024-08-28,Real Valladolid CF,CD Leganés,0,0,D
La Liga,2024,2024-08-28,Real Sociedad de Fútbol,Deportivo Alavés,1,2,A
La Liga,2024,2024-08-28,Club Atlético de Madrid,RCD Espanyol de Barcelona,0,0,D
La Liga,2024,2024-08-29,Girona FC,CA Osasuna,4,0,H
La Liga,2024,2024-08-29,UD Las Palmas,Real Madrid CF,1,1,D
La Liga,2024,2024-08-31,FC Barcelona,Real Valladolid CF,7,0,H
La Liga,2024,2024-08-31,Athletic Club,Club Atlético de Madrid,0,1,A
La Liga,2024,2024-08-31,RCD Espanyol de Barcelona,Rayo Vallecano de Madrid,2,1,H
La Liga,2024,2024-08-31,CD Leganés,RCD Mallorca,0,1,A
La Liga,2024,2024-08-31,Valencia CF,Villarreal CF,1,1,D
La Liga,2024,2024-09-01,CA Osasuna,RC Celta de Vigo,3,2,H
La Liga,2024,2024-09-01,Deportivo Alavés,UD Las Palmas,2,0,H
La Liga,2024,2024-09-01,Sevilla FC,Girona FC,0,2,A
La Liga,2024,2024-09-01,Getafe CF,Real Sociedad de Fútbol,0,0,D
La Liga,2024,2024-09-01,Real Madrid CF,Real Betis Balompié,2,0,H
La Liga,2024,2024-09-13,Real Betis Balompié,CD Leganés,2,0,H
La Liga,2024,2024-09-14,RCD Mallorca,Villarreal CF,1,2,A
La Liga,2024,2024-09-14,RCD Espanyol de Barcelona,Deportivo Alavés,3,2,H
La Liga,2024,2024-09-14,Sevilla FC,Getafe CF,1,0,H
La Liga,2024,2024-09-14,Real Sociedad de Fútbol,Real Madrid CF,0,2,A
La Liga,2024,2024-09-15,RC Celta de Vigo,Real Valladolid CF,3,1,H
La Liga,2024,2024-09-15,Girona FC,FC Barcelona,1,4,A
La Liga,2024,2024-09-15,UD Las Palmas,Athletic Club,2,3,A
La Liga,2024,2024-09-15,Club Atlético de Madrid,Valencia CF,3,0,H
La Liga,2024,2024-09-16,Rayo Vallecano de Madrid,CA Osasuna,3,1,H
La Liga,2024,2024-09-17,RCD Mallorca,Real Sociedad de Fútbol,1,0,H
La Liga,2024,2024-09-18,Real Betis Balompié,Getafe CF,2,1,H
La Liga,2024,2024-09-19,CD Leganés,Athletic Club,0,2,A
La Liga,2024,2024-09-20,Deportivo Alavés,Sevilla FC,2,1,H
La Liga,2024,2024-09-21,Real Valladolid CF,Real Sociedad de Fútbol,0,0,D
La Liga,2024,2024-09-21,CA Osasuna,UD Las Palmas,2,1,H
La Liga,2024,2024-09-21,Valencia CF,Girona FC,2,0,H
La Liga,2024,2024-09-21,Real Madrid CF,RCD Espanyol de Barcelona,4,1,H
La Liga,2024,2024-09-22,Getafe CF,CD Leganés,1,1,D
La Liga,2024,2024-09-22,Athletic Club,RC Celta de Vigo,3,1,H
La Liga,2024,2024-09-22,Villarreal CF,FC Barcelona,1,5,A
La Liga,2024,2024-09-22,Rayo Vallecano de Madrid,Club Atlético de Madrid,1,1,D
La Liga,2024,2024-09-23,Real Betis Balompié,RCD Mallorca,1,2,A
La Liga,2024,2024-09-24,Sevilla FC,Real Valladolid CF,2,1,H
La Liga,2024,2024-09-24,Valencia CF,CA Osasuna,0,0,D
La Liga,2024,2024-09-24,Real Madrid CF,Deportivo Alavés,3,2,H
La Liga,2024,2024-09-25,Girona FC,Rayo Vallecano de Madrid,0,0,D
La Liga,2024,2024-09-25,FC Barcelona,Getafe CF,1,0,H
La Liga,2024,2024-09-26,UD Las Palmas,Real Betis Balompié,1,1,D
La Liga,2024,2024-09-26,RCD Espanyol de Barcelona,Villarreal CF,1,2,A
La Liga,2024,2024-09-26,RC Celta de Vigo,Club Atlético de Madrid,0,1,A
La Liga,2024,2024-09-27,Real Valladolid CF,RCD Mallorca,1,2,A
La Liga,2024,2024-09-28,Getafe CF,Deportivo Alavés,2,0,H
La Liga,2024,2024-09-28,Rayo Vallecano de Madrid,CD Leganés,1,1,D
La Liga,2024,2024-09-28,Real Sociedad de Fútbol,Valencia CF,3,0,H
La Liga,2024,2024-09-28,CA Osasuna,FC Barcelona,4,2,H
La Liga,2024,2024-09-29,RC Celta de Vigo,Girona FC,1,1,D
La Liga,2024,2024-09-29,Athletic Club,Sevilla FC,1,1,D
La Liga,2024,2024-09-29,Real Betis Balompié,RCD Espanyol de Barcelona,1,0,H
La Liga,2024,2024-09-29,Club Atlético de Madrid,Real Madrid CF,1,1,D
La Liga,2024,2024-09-30,Villarreal CF,UD Las Palmas,3,1,H
La Liga,2024,2024-10-04,CD Leganés,Valencia CF,0,0,D
La Liga,2024,2024-10-05,RCD Espanyol de Barcelona,RCD Mallorca,2,1,H
La Liga,2024,2024-10-05,Getafe CF,CA Osasuna,1,1,D
La Liga,2024,2024-10-05,Real Valladolid CF,Rayo Vallecano de Madrid,1,2,A
La Liga,2024,2024-10-05,UD Las Palmas,RC Celta de Vigo,0,1,A
La Liga,2024,2024-10-05,Real Madrid CF,Villarreal CF,2,0,H
La Liga,2024,2024-10-06,Girona FC,Athletic Club,2,1,H
La Liga,2024,2024-10-06,Deportivo Alavés,FC Barcelona,0,3,A
La Liga,2024,2024-10-06,Sevilla FC,Real Betis Balompié,1,0,H
La Liga,2024,2024-10-06,Real Sociedad de Fútbol,Club Atlético de Madrid,1,1,D
La Liga,2024,2024-10-18,Deportivo Alavés,Real Valladolid CF,2,3,A
La Liga,2024,2024-10-19,Athletic Club,RCD Espanyol de Barcelona,4,1,H
La Liga,2024,2024-10-19,CA Osasuna,Real Betis Balompié,1,2,A
La Liga,2024,2024-10-19,Girona FC,Real Sociedad de Fútbol,0,1,A
La Liga,2024,2024-10-19,RC Celta de Vigo,Real Madrid CF,1,2,A
La Liga,2024,2024-10-20,RCD Mallorca,Rayo Vallecano de Madrid,1,0,H
La Liga,2024,2024-10-20,Club Atlético de Madrid,CD Leganés,3,1,H
La Liga,2024,2024-10-20,Villarreal CF,Getafe CF,1,1,D
La Liga,2024,2024-10-20,FC Barcelona,Sevilla FC,5,1,H
La Liga,2024,2024-10-21,Valencia CF,UD Las Palmas,2,3,A
La Liga,2024,2024-10-25,RCD Espanyol de Barcelona,Sevilla FC,0,2,A
La Liga,2024,2024-10-26,Real Valladolid CF,Villarreal CF,1,2,A
La Liga,2024,2024-10-26,Rayo Vallecano de Madrid,Deportivo Alavés,1,0,H
La Liga,2024,2024-10-26,UD Las Palmas,Girona FC,1,0,H
La Liga,2024,2024-10-26,Real Madrid CF,FC Barcelona,0,4,A
La Liga,2024,2024-10-27,CD Leganés,RC Celta de Vigo,3,0,H
La Liga,2024,2024-10-27,Getafe CF,Valencia CF,1,1,D
La Liga,2024,2024-10-27,Real Betis Balompié,Club Atlético de Madrid,1,0,H
La Liga,2024,2024-10-27,Real Sociedad de Fútbol,CA Osasuna,0,2,A
La Liga,2024,2024-10-28,RCD Mallorca,Athletic Club,0,0,D
La Liga,2024,2024-11-01,Deportivo Alavés,RCD Mallorca,1,0,H
La Liga,2024,2024-11-02,CA Osasuna,Real Valladolid CF,1,0,H
La Liga,2024,2024-11-02,Girona FC,CD Leganés,4,3,H
La Liga,2024,2024-11-03,Club Atlético de Madrid,UD Las Palmas,2,0,H
La Liga,2024,2024-11-03,FC Barcelona,RCD Espanyol de Barcelona,3,1,H
La Liga,2024,2024-11-03,Sevilla FC,Real Sociedad de Fútbol,0,2,A
La Liga,2024,2024-11-03,Athletic Club,Real Betis Balompié,1,1,D
La Liga,2024,2024-11-04,RC Celta de Vigo,Getafe CF,1,0,H
La Liga,2024,2024-11-08,Rayo Vallecano de Madrid,UD Las Palmas,1,3,A
La Liga,2024,2024-11-09,Real Madrid CF,CA Osasuna,4,0,H
La Liga,2024,2024-11-09,Villarreal CF,Deportivo Alavés,3,0,H
La Liga,2024,2024-11-09,CD Leganés,Sevilla FC,1,0,H
La Liga,2024,2024-11-10,Real Betis Balompié,RC Celta de Vigo,2,2,D
La Liga,2024,2024-11-10,RCD Mallorca,Club Atlético de Madrid,0,1,A
La Liga,2024,2024-11-10,Getafe CF,Girona FC,0,1,A
La Liga,2024,2024-11-10,Real Valladolid CF,Athletic Club,1,1,D
La Liga,2024,2024-11-10,Real Sociedad de Fútbol,FC Barcelona,1,0,H
La Liga,2024,2024-11-22,Getafe CF,Real Valladolid CF,2,0,H
La Liga,2024,2024-11-23,Valencia CF,Real Betis Balompié,4,2,H
La Liga,2024,2024-11-23,Club Atlético de Madrid,Deportivo Alavés,2,1,H
La Liga,2024,2024-11-23,UD Las Palmas,RCD Mallorca,2,3,A
La Liga,2024,2024-11-23,Girona FC,RCD Espanyol de Barcelona,4,1,H
La Liga,2024,2024-11-23,RC Celta de Vigo,FC Barcelona,2,2,D
La Liga,2024,2024-11-24,CA Osasuna,Villarreal CF,2,2,D
La Liga,2024,2024-11-24,Sevilla FC,Rayo Vallecano de Madrid,1,0,H
La Liga,2024,2024-11-24,CD Leganés,Real Madrid CF,0,3,A
La Liga,2024,2024-11-24,Athletic Club,Real Sociedad de Fútbol,1,0,H
La Liga,2024,2024-11-29,RCD Mallorca,Valencia CF,2,1,H
La Liga,2024,2024-11-30,FC Barcelona,UD Las Palmas,1,2,A
La Liga,2024,2024-11-30,Deportivo Alavés,CD Leganés,1,1,D
La Liga,2024,2024-11-30,RCD Espanyol de Barcelona,RC Celta de Vigo,3,1,H
La Liga,2024,2024-11-30,Real Valladolid CF,Club Atlético de Madrid,0,5,A
La Liga,2024,2024-12-01,Villarreal CF,Girona FC,2,2,D
La Liga,2024,2024-12-01,Real Madrid CF,Getafe CF,2,0,H
La Liga,2024,2024-12-01,Rayo Vallecano de Madrid,Athletic Club,1,2,A
La Liga,2024,2024-12-01,Real Sociedad de Fútbol,Real Betis Balompié,2,0,H
La Liga,2024,2024-12-02,Sevilla FC,CA Osasuna,1,1,D
La Liga,2024,2024-12-03,RCD Mallorca,FC Barcelona,1,5,A
La Liga,2024,2024-12-04,Athletic Club,Real Madrid CF,2,1,H
La Liga,2024,2024-12-06,RC Celta de Vigo,RCD Mallorca,2,0,H
La Liga,2024,2024-12-07,UD Las Palmas,Real Valladolid CF,2,1,H
La Liga,2024,2024-12-07,Real Betis Balompié,FC Barcelona,2,2,D
La Liga,2024,2024-12-07,Valencia CF,Rayo Vallecano de Madrid,0,1,A
La Liga,2024,2024-12-07,Girona FC,Real Madrid CF,0,3,A
La Liga,2024,2024-12-08,CD Leganés,Real Sociedad de Fútbol,0,3,A
La Liga,2024,2024-12-08,Athletic Club,Villarreal CF,2,0,H
La Liga,2024,2024-12-08,CA Osasuna,Deportivo Alavés,2,2,D
La Liga,2024,2024-12-08,Club Atlético de Madrid,Sevilla FC,4,3,H
La Liga,2024,2024-12-09,Getafe CF,RCD Espanyol de Barcelona,1,0,H
La Liga,2024,2024-12-13,Real Valladolid CF,Valencia CF,1,0,H
La Liga,2024,2024-12-14,RCD Espanyol de Barcelona,CA Osasuna,0,0,D
La Liga,2024,2024-12-14,RCD Mallorca,Girona FC,2,1,H
La Liga,2024,2024-12-14,Sevilla FC,RC Celta de Vigo,1,0,H
La Liga,2024,2024-12-14,Rayo Vallecano de Madrid,Real Madrid CF,3,3,D
La Liga,2024,2024-12-15,Club Atlético de Madrid,Getafe CF,1,0,H
La Liga,2024,2024-12-15,Deportivo Alavés,Athletic Club,1,1,D
La Liga,2024,2024-12-15,Villarreal CF,Real Betis Balompié,1,2,A
La Liga,2024,2024-12-15,Real Sociedad de Fútbol,UD Las Palmas,0,0,D
La Liga,2024,2024-12-15,FC Barcelona,CD Leganés,0,1,A
La Liga,2024,2024-12-18,Villarreal CF,Rayo Vallecano de Madrid,1,1,D
La Liga,2024,2024-12-18,RCD Espanyol de Barcelona,Valencia CF,1,1,D
La Liga,2024,2024-12-20,Girona FC,Real Valladolid CF,3,0,H
La Liga,2024,2024-12-21,Getafe CF,RCD Mallorca,0,1,A
La Liga,2024,2024-12-21,RC Celta de Vigo,Real Sociedad de Fútbol,2,0,H
La Liga,2024,2024-12-21,CA Osasuna,Athletic Club,1,2,A
La Liga,2024,2024-12-21,FC Barcelona,Club Atlético de Madrid,1,2,A
La Liga,2024,2024-12-22,Valencia CF,Deportivo Alavés,2,2,D
La Liga,2024,2024-12-22,Real Madrid CF,Sevilla FC,4,2,H
La Liga,2024,2024-12-22,CD Leganés,Villarreal CF,2,5,A
La Liga,2024,2024-12-22,UD Las Palmas,RCD Espanyol de Barcelona,1,0,H
La Liga,2024,2024-12-22,Real Betis Balompié,Rayo Vallecano de Madrid,1,1,D
La Liga,2024,2025-01-03,Valencia CF,Real Madrid CF,1,2,A
La Liga,2024,2025-01-10,Rayo Vallecano de Madrid,RC Celta de Vigo,2,1,H
La Liga,2024,2025-01-11,Deportivo Alavés,Girona FC,0,1,A
La Liga,2024,2025-01-11,Real Valladolid CF,Real Betis Balompié,1,0,H
La Liga,2024,2025-01-11,RCD Espanyol de Barcelona,CD Leganés,1,1,D
La Liga,2024,2025-01-11,Sevilla FC,Valencia CF,1,1,D
La Liga,2024,2025-01-12,UD Las Palmas,Getafe CF,1,2,A
La Liga,2024,2025-01-12,Club Atlético de Madrid,CA Osasuna,1,0,H
La Liga,2024,2025-01-13,Real Sociedad de Fútbol,Villarreal CF,1,0,H
La Liga,2024,2025-01-17,RCD Espanyol de Barcelona,Real Valladolid CF,2,1,H
La Liga,2024,2025-01-18,Girona FC,Sevilla FC,1,2,A
La Liga,2024,2025-01-18,CD Leganés,Club Atlético de Madrid,1,0,H
La Liga,2024,2025-01-18,Real Betis Balompié,Deportivo Alavés,1,3,A
La Liga,2024,2025-01-18,Getafe CF,FC Barcelona,1,1,D
La Liga,2024,2025-01-19,RC Celta de Vigo,Athletic Club,1,2,A
La Liga,2024,2025-01-19,Real Madrid CF,UD Las Palmas,4,1,H
La Liga,2024,2025-01-19,CA Osasuna,Rayo Vallecano de Madrid,1,1,D
La Liga,2024,2025-01-19,Valencia CF,Real Sociedad de Fútbol,1,0,H
La Liga,2024,2025-01-20,Villarreal CF,RCD Mallorca,4,0,H
La Liga,2024,2025-01-24,UD Las Palmas,CA Osasuna,1,1,D
La Liga,2024,2025-01-25,RCD Mallorca,Real Betis Balompié,0,1,A
La Liga,2024,2025-01-25,Club Atlético de Madrid,Villarreal CF,1,1,D
La Liga,2024,2025-01-25,Sevilla FC,RCD Espanyol de Barcelona,1,1,D
La Liga,2024,2025-01-25,Real Valladolid CF,Real Madrid CF,0,3,A
La Liga,2024,2025-01-26,Rayo Vallecano de Madrid,Girona FC,2,1,H
La Liga,2024,2025-01-26,Real Sociedad de Fútbol,Getafe CF,0,3,A
La Liga,2024,2025-01-26,Athletic Club,CD Leganés,0,0,D
La Liga,2024,2025-01-26,FC Barcelona,Valencia CF,7,1,H
La Liga,2024,2025-01-27,Deportivo Alavés,RC Celta de Vigo,1,1,D
La Liga,2024,2025-01-31,CD Leganés,Rayo Vallecano de Madrid,0,1,A
La Liga,2024,2025-02-01,Getafe CF,Sevilla FC,0,0,D
La Liga,2024,2025-02-01,Villarreal CF,Real Valladolid CF,5,1,H
La Liga,2024,2025-02-01,Club Atlético de Madrid,RCD Mallorca,2,0,H
La Liga,2024,2025-02-01,RCD Espanyol de Barcelona,Real Madrid CF,1,0,H
La Liga,2024,2025-02-02,FC Barcelona,Deportivo Alavés,1,0,H
La Liga,2024,2025-02-02,Valencia CF,RC Celta de Vigo,2,1,H
La Liga,2024,2025-02-02,CA Osasuna,Real Sociedad de Fútbol,2,1,H
La Liga,2024,2025-02-02,Real Betis Balompié,Athletic Club,2,2,D
La Liga,2024,2025-02-03,Girona FC,UD Las Palmas,2,1,H
La Liga,2024,2025-02-07,Rayo Vallecano de Madrid,Real Valladolid CF,1,0,H
La Liga,2024,2025-02-08,RC Celta de Vigo,Real Betis Balompié,3,2,H
La Liga,2024,2025-02-08,Athletic Club,Girona FC,3,0,H
La Liga,2024,2025-02-08,UD Las Palmas,Villarreal CF,1,2,A
La Liga,2024,2025-02-08,Real Madrid CF,Club Atlético de Madrid,1,1,D
La Liga,2024,2025-02-09,Deportivo Alavés,Getafe CF,0,1,A
La Liga,2024,2025-02-09,Valencia CF,CD Leganés,2,0,H
La Liga,2024,2025-02-09,Real Sociedad de Fútbol,RCD Espanyol de Barcelona,2,1,H
La Liga,2024,2025-02-09,Sevilla FC,FC Barcelona,1,4,A
La Liga,2024,2025-02-10,RCD Mallorca,CA Osasuna,1,1,D
La Liga,2024,2025-02-14,Girona FC,Getafe CF,1,2,A
La Liga,2024,2025-02-15,CD Leganés,Deportivo Alavés,3,3,D
La Liga,2024,2025-02-15,CA Osasuna,Real Madrid CF,1,1,D
La Liga,2024,2025-02-15,Club Atlético de Madrid,RC Celta de Vigo,1,1,D
La Liga,2024,2025-02-15,Villarreal CF,Valencia CF,1,1,D
La Liga,2024,2025-02-16,RCD Espanyol de Barcelona,Athletic Club,1,1,D
La Liga,2024,2025-02-16,Real Valladolid CF,Sevilla FC,0,4,A
La Liga,2024,2025-02-16,RCD Mallorca,UD Las Palmas,3,1,H
La Liga,2024,2025-02-16,Real Betis Balompié,Real Sociedad de Fútbol,3,0,H
La Liga,2024,2025-02-17,FC Barcelona,Rayo Vallecano de Madrid,1,0,H
La Liga,2024,2025-02-21,RC Celta de Vigo,CA Osasuna,1,0,H
La Liga,2024,2025-02-22,Deportivo Alavés,RCD Espanyol de Barcelona,0,1,A
La Liga,2024,2025-02-22,Rayo Vallecano de Madrid,Villarreal CF,0,1,A
La Liga,2024,2025-02-22,Valencia CF,Club Atlético de Madrid,0,3,A
La Liga,2024,2025-02-22,UD Las Palmas,FC Barcelona,0,2,A
La Liga,2024,2025-02-23,Athletic Club,Real Valladolid CF,7,1,H
La Liga,2024,2025-02-23,Real Madrid CF,Girona FC,2,0,H
La Liga,2024,2025-02-23,Getafe CF,Real Betis Balompié,1,2,A
La Liga,2024,2025-02-23,Real Sociedad de Fútbol,CD Leganés,3,0,H
La Liga,2024,2025-02-24,Sevilla FC,RCD Mallorca,1,1,D
La Liga,2024,2025-02-28,Real Valladolid CF,UD Las Palmas,1,1,D
La Liga,2024,2025-03-01,Girona FC,RC Celta de Vigo,2,2,D
La Liga,2024,2025-03-01,Rayo Vallecano de Madrid,Sevilla FC,1,1,D
La Liga,2024,2025-03-01,Real Betis Balompié,Real Madrid CF,2,1,H
La Liga,2024,2025-03-01,Club Atlético de Madrid,Athletic Club,1,0,H
La Liga,2024,2025-03-02,CD Leganés,Getafe CF,1,0,H
La Liga,2024,2025-03-02,FC Barcelona,Real Sociedad de Fútbol,4,0,H
La Liga,2024,2025-03-02,RCD Mallorca,Deportivo Alavés,1,1,D
La Liga,2024,2025-03-02,CA Osasuna,Valencia CF,3,3,D
La Liga,2024,2025-03-08,RC Celta de Vigo,CD Leganés,2,1,H
La Liga,2024,2025-03-08,Deportivo Alavés,Villarreal CF,1,0,H
La Liga,2024,2025-03-08,Valencia CF,Real Valladolid CF,2,1,H
La Liga,2024,2025-03-09,Getafe CF,Club Atlético de Madrid,2,1,H
La Liga,2024,2025-03-09,Real Madrid CF,Rayo Vallecano de Madrid,2,1,H
La Liga,2024,2025-03-09,Athletic Club,RCD Mallorca,1,1,D
La Liga,2024,2025-03-09,Real Betis Balompié,UD Las Palmas,1,0,H
La Liga,2024,2025-03-09,Real Sociedad de Fútbol,Sevilla FC,0,1,A
La Liga,2024,2025-03-10,RCD Espanyol de Barcelona,Girona FC,1,1,D
La Liga,2024,2025-03-14,UD Las Palmas,Deportivo Alavés,2,2,D
La Liga,2024,2025-03-15,Real Valladolid CF,RC Celta de Vigo,0,1,A
La Liga,2024,2025-03-15,RCD Mallorca,RCD Espanyol de Barcelona,2,1,H
La Liga,2024,2025-03-15,Villarreal CF,Real Madrid CF,1,2,A
La Liga,2024,2025-03-15,Girona FC,Valencia CF,1,1,D
La Liga,2024,2025-03-16,CD Leganés,Real Betis Balompié,2,3,A
La Liga,2024,2025-03-16,Sevilla FC,Athletic Club,0,1,A
La Liga,2024,2025-03-16,CA Osasuna,Getafe CF,1,2,A
La Liga,2024,2025-03-16,Rayo Vallecano de Madrid,Real Sociedad de Fútbol,2,2,D
La Liga,2024,2025-03-16,Club Atlético de Madrid,FC Barcelona,2,4,A
La Liga,2024,2025-03-27,FC Barcelona,CA Osasuna,3,0,H
La Liga,2024,2025-03-29,Real Sociedad de Fútbol,Real Valladolid CF,2,1,H
La Liga,2024,2025-03-29,RCD Espanyol de Barcelona,Club Atlético de Madrid,1,1,D
La Liga,2024,2025-03-29,Deportivo Alavés,Rayo Vallecano de Madrid,0,2,A
La Liga,2024,2025-03-29,Real Madrid CF,CD Leganés,3,2,H
La Liga,2024,2025-03-30,Getafe CF,Villarreal CF,1,2,A
La Liga,2024,2025-03-30,FC Barcelona,Girona FC,4,1,H
La Liga,2024,2025-03-30,Athletic Club,CA Osasuna,0,0,D
La Liga,2024,2025-03-30,Valencia CF,RCD Mallorca,1,0,H
La Liga,2024,2025-03-30,Real Betis Balompié,Sevilla FC,2,1,H
La Liga,2024,2025-03-31,RC Celta de Vigo,UD Las Palmas,1,1,D
La Liga,2024,2025-04-04,Rayo Vallecano de Madrid,RCD Espanyol de Barcelona,0,4,A
La Liga,2024,2025-04-05,Girona FC,Deportivo Alavés,0,1,A
La Liga,2024,2025-04-05,Real Madrid CF,Valencia CF,1,2,A
La Liga,2024,2025-04-05,RCD Mallorca,RC Celta de Vigo,1,2,A
La Liga,2024,2025-04-05,FC Barcelona,Real Betis Balompié,1,1,D
La Liga,2024,2025-04-06,UD Las Palmas,Real Sociedad de Fútbol,1,3,A
La Liga,2024,2025-04-06,Sevilla FC,Club Atlético de Madrid,1,2,A
La Liga,2024,2025-04-06,Real Valladolid CF,Getafe CF,0,4,A
La Liga,2024,2025-04-06,Villarreal CF,Athletic Club,0,0,D
La Liga,2024,2025-04-07,CD Leganés,CA Osasuna,1,1,D
La Liga,2024,2025-04-11,Valencia CF,Sevilla FC,1,0,H
La Liga,2024,2025-04-12,Real Sociedad de Fútbol,RCD Mallorca,0,2,A
La Liga,2024,2025-04-12,Getafe CF,UD Las Palmas,1,3,A
La Liga,2024,2025-04-12,RC Celta de Vigo,RCD Espanyol de Barcelona,0,2,A
La Liga,2024,2025-04-12,CD Leganés,FC Barcelona,0,1,A
La Liga,2024,2025-04-13,CA Osasuna,Girona FC,2,1,H
La Liga,2024,2025-04-13,Deportivo Alavés,Real Madrid CF,0,1,A
La Liga,2024,2025-04-13,Real Betis Balompié,Villarreal CF,1,2,A
La Liga,2024,2025-04-13,Athletic Club,Rayo Vallecano de Madrid,3,1,H
La Liga,2024,2025-04-14,Club Atlético de Madrid,Real Valladolid CF,4,2,H
La Liga,2024,2025-04-18,RCD Espanyol de Barcelona,Getafe CF,1,0,H
La Liga,2024,2025-04-19,Rayo Vallecano de Madrid,Valencia CF,1,1,D
La Liga,2024,2025-04-19,FC Barcelona,RC Celta de Vigo,4,3,H
La Liga,2024,2025-04-19,RCD Mallorca,CD Leganés,0,0,D
La Liga,2024,2025-04-19,UD Las Palmas,Club Atlético de Madrid,1,0,H
La Liga,2024,2025-04-20,Real Valladolid CF,CA Osasuna,2,3,A
La Liga,2024,2025-04-20,Villarreal CF,Real Sociedad de Fútbol,2,2,D
La Liga,2024,2025-04-20,Sevilla FC,Deportivo Alavés,1,1,D
La Liga,2024,2025-04-20,Real Madrid CF,Athletic Club,1,0,H
La Liga,2024,2025-04-21,Girona FC,Real Betis Balompié,1,3,A
La Liga,2024,2025-04-22,Valencia CF,RCD Espanyol de Barcelona,1,1,D
La Liga,2024,2025-04-22,FC Barcelona,RCD Mallorca,1,0,H
La Liga,2024,2025-04-23,Athletic Club,UD Las Palmas,1,0,H
La Liga,2024,2025-04-23,RC Celta de Vigo,Villarreal CF,3,0,H
La Liga,2024,2025-04-23,Deportivo Alavés,Real Sociedad de Fútbol,1,0,H
La Liga,2024,2025-04-23,Getafe CF,Real Madrid CF,0,1,A
La Liga,2024,2025-04-24,CA Osasuna,Sevilla FC,1,0,H
La Liga,2024,2025-04-24,CD Leganés,Girona FC,1,1,D
La Liga,2024,2025-04-24,Club Atlético de Madrid,Rayo Vallecano de Madrid,3,0,H
La Liga,2024,2025-04-24,Real Betis Balompié,Real Valladolid CF,5,1,H
La Liga,2024,2025-04-27,Villarreal CF,RCD Espanyol de Barcelona,1,0,H
La Liga,2024,2025-05-02,Rayo Vallecano de Madrid,Getafe CF,1,0,H
La Liga,2024,2025-05-03,Deportivo Alavés,Club Atlético de Madrid,0,0,D
La Liga,2024,2025-05-03,Villarreal CF,CA Osasuna,4,2,H
La Liga,2024,2025-05-03,UD Las Palmas,Valencia CF,2,3,A
La Liga,2024,2025-05-03,Real Valladolid CF,FC Barcelona,1,2,A
La Liga,2024,2025-05-04,Real Madrid CF,RC Celta de Vigo,3,2,H
La Liga,2024,2025-05-04,Sevilla FC,CD Leganés,2,2,D
La Liga,2024,2025-05-04,RCD Espanyol de Barcelona,Real Betis Balompié,1,2,A
La Liga,2024,2025-05-04,Real Sociedad de Fútbol,Athletic Club,0,0,D
La Liga,2024,2025-05-05,Girona FC,RCD Mallorca,1,0,H
La Liga,2024,2025-05-09,UD Las Palmas,Rayo Vallecano de Madrid,0,1,A
La Liga,2024,2025-05-10,Valencia CF,Getafe CF,3,0,H
La Liga,2024,2025-05-10,RC Celta de Vigo,Sevilla FC,3,2,H
La Liga,2024,2025-05-10,Girona FC,Villarreal CF,0,1,A
La Liga,2024,2025-05-10,RCD Mallorca,Real Valladolid CF,2,1,H
La Liga,2024,2025-05-10,Club Atlético de Madrid,Real Sociedad de Fútbol,4,0,H
La Liga,2024,2025-05-11,CD Leganés,RCD Espanyol de Barcelona,3,2,H
La Liga,2024,2025-05-11,FC Barcelona,Real Madrid CF,4,3,H
La Liga,2024,2025-05-11,Athletic Club,Deportivo Alavés,1,0,H
La Liga,2024,2025-05-11,Real Betis Balompié,CA Osasuna,1,1,D
La Liga,2024,2025-05-13,Real Valladolid CF,Girona FC,0,1,A
La Liga,2024,2025-05-13,Real Sociedad de Fútbol,RC Celta de Vigo,0,1,A
La Liga,2024,2025-05-13,Sevilla FC,UD Las Palmas,1,0,H
La Liga,2024,2025-05-14,Deportivo Alavés,Valencia CF,1,0,H
La Liga,2024,2025-05-14,Villarreal CF,CD Leganés,3,0,H
La Liga,2024,2025-05-14,Real Madrid CF,RCD Mallorca,2,1,H
La Liga,2024,2025-05-15,CA Osasuna,Club Atlético de Madrid,2,0,H
La Liga,2024,2025-05-15,Rayo Vallecano de Madrid,Real Betis Balompié,2,2,D
La Liga,2024,2025-05-15,Getafe CF,Athletic Club,0,2,A
La Liga,2024,2025-05-15,RCD Espanyol de Barcelona,FC Barcelona,0,2,A
La Liga,2024,2025-05-18,Club Atlético de Madrid,Real Betis Balompié,4,1,H
La Liga,2024,2025-05-18,RC Celta de Vigo,Rayo Vallecano de Madrid,1,2,A
La Liga,2024,2025-05-18,FC Barcelona,Villarreal CF,2,3,A
La Liga,2024,2025-05-18,Sevilla FC,Real Madrid CF,0,2,A
La Liga,2024,2025-05-18,Valencia CF,Athletic Club,0,1,A
La Liga,2024,2025-05-18,RCD Mallorca,Getafe CF,1,2,A
La Liga,2024,2025-05-18,Real Sociedad de Fútbol,Girona FC,3,2,H
La Liga,2024,2025-05-18,Real Valladolid CF,Deportivo Alavés,0,1,A
La Liga,2024,2025-05-18,UD Las Palmas,CD Leganés,0,1,A
La Liga,2024,2025-05-18,CA Osasuna,RCD Espanyol de Barcelona,2,0,H
La Liga,2024,2025-05-23,Real Betis Balompié,Valencia CF,1,1,D
La Liga,2024,2025-05-24,Real Madrid CF,Real Sociedad de Fútbol,2,0,H
La Liga,2024,2025-05-24,CD Leganés,Real Valladolid CF,3,0,H
La Liga,2024,2025-05-24,RCD Espanyol de Barcelona,UD Las Palmas,2,0,H
La Liga,2024,2025-05-24,Deportivo Alavés,CA Osasuna,1,1,D
La Liga,2024,2025-05-24,Getafe CF,RC Celta de Vigo,1,2,A
La Liga,2024,2025-05-24,Rayo Vallecano de Madrid,RCD Mallorca,0,0,D
La Liga,2024,2025-05-25,Girona FC,Club Atlético de Madrid,0,4,A
La Liga,2024,2025-05-25,Villarreal CF,Sevilla FC,4,2,H
La Liga,2024,2025-05-25,Athletic Club,FC Barcelona,0,3,A
La Liga,2025,2025-08-15,Girona FC,Rayo Vallecano de Madrid,1,3,A
La Liga,2025,2025-08-15,Villarreal CF,Real Oviedo,2,0,H
La Liga,2025,2025-08-16,RCD Mallorca,FC Barcelona,0,3,A
La Liga,2025,2025-08-16,Deportivo Alavés,Levante UD,2,1,H
La Liga,2025,2025-08-16,Valencia CF,Real Sociedad de Fútbol,1,1,D
La Liga,2025,2025-08-17,RC Celta de Vigo,Getafe CF,0,2,A
La Liga,2025,2025-08-17,Athletic Club,Sevilla FC,3,2,H
La Liga,2025,2025-08-17,RCD Espanyol de Barcelona,Club Atlético de Madrid,2,1,H
La Liga,2025,2025-08-18,Elche CF,Real Betis Balompié,1,1,D
La Liga,2025,2025-08-19,Real Madrid CF,CA Osasuna,1,0,H
La Liga,2025,2025-08-22,Real Betis Balompié,Deportivo Alavés,1,0,H
La Liga,2025,2025-08-23,RCD Mallorca,RC Celta de Vigo,1,1,D
La Liga,2025,2025-08-23,Club Atlético de Madrid,Elche CF,1,1,D
La Liga,2025,2025-08-23,Levante UD,FC Barcelona,2,3,A
La Liga,2025,2025-08-24,CA Osasuna,Valencia CF,1,0,H
La Liga,2025,2025-08-24,Real Sociedad de Fútbol,RCD Espanyol de Barcelona,2,2,D
La Liga,2025,2025-08-24,Villarreal CF,Girona FC,5,0,H
La Liga,2025,2025-08-24,Real Oviedo,Real Madrid CF,0,3,A
La Liga,2025,2025-08-25,Athletic Club,Rayo Vallecano de Madrid,1,0,H
La Liga,2025,2025-08-25,Sevilla FC,Getafe CF,1,2,A
La Liga,2025,2025-08-27,RC Celta de Vigo,Real Betis Balompié,1,1,D
La Liga,2025,2025-08-29,Elche CF,Levante UD,2,0,H
La Liga,2025,2025-08-29,Valencia CF,Getafe CF,3,0,H
La Liga,2025,2025-08-30,Deportivo Alavés,Club Atlético de Madrid,1,1,D
La Liga,2025,2025-08-30,Real Oviedo,Real Sociedad de Fútbol,1,0,H
La Liga,2025,2025-08-30,Girona FC,Sevilla FC,0,2,A
La Liga,2025,2025-08-30,Real Madrid CF,RCD Mallorca,2,1,H
La Liga,2025,2025-08-31,RC Celta de Vigo,Villarreal CF,1,1,D
La Liga,2025,2025-08-31,Real Betis Balompié,Athletic Club,1,2,A
La Liga,2025,2025-08-31,RCD Espanyol de Barcelona,CA Osasuna,1,0,H
La Liga,2025,2025-08-31,Rayo Vallecano de Madrid,FC Barcelona,1,1,D
La Liga,2025,2025-09-12,Sevilla FC,Elche CF,2,2,D
La Liga,2025,2025-09-13,Getafe CF,Real Oviedo,2,0,H
La Liga,2025,2025-09-13,Real Sociedad de Fútbol,Real Madrid CF,1,2,A
La Liga,2025,2025-09-13,Athletic Club,Deportivo Alavés,0,1,A
La Liga,2025,2025-09-13,Club Atlético de Madrid,Villarreal CF,2,0,H
La Liga,2025,2025-09-14,RC Celta de Vigo,Girona FC,1,1,D
La Liga,2025,2025-09-14,Levante UD,Real Betis Balompié,2,2,D
La Liga,2025,2025-09-14,CA Osasuna,Rayo Vallecano de Madrid,2,0,H
La Liga,2025,2025-09-14,FC Barcelona,Valencia CF,6,0,H
La Liga,2025,2025-09-15,RCD Espanyol de Barcelona,RCD Mallorca,3,2,H
La Liga,2025,2025-09-19,Real Betis Balompié,Real Sociedad de Fútbol,3,1,H
La Liga,2025,2025-09-20,Girona FC,Levante UD,0,4,A
La Liga,2025,2025-09-20,Real Madrid CF,RCD Espanyol de Barcelona,2,0,H
La Liga,2025,2025-09-20,Villarreal CF,CA Osasuna,2,1,H
La Liga,2025,2025-09-20,Deportivo Alavés,Sevilla FC,1,2,A
La Liga,2025,2025-09-20,Valencia CF,Athletic Club,2,0,H
La Liga,2025,2025-09-21,Rayo Vallecano de Madrid,RC Celta de Vigo,1,1,D
La Liga,2025,2025-09-21,RCD Mallorca,Club Atlético de Madrid,1,1,D
La Liga,2025,2025-09-21,Elche CF,Real Oviedo,1,0,H
La Liga,2025,2025-09-21,FC Barcelona,Getafe CF,3,0,H
La Liga,2025,2025-09-23,Athletic Club,Girona FC,1,1,D
La Liga,2025,2025-09-23,RCD Espanyol de Barcelona,Valencia CF,2,2,D
La Liga,2025,2025-09-23,Levante UD,Real Madrid CF,1,4,A
La Liga,2025,2025-09-23,Sevilla FC,Villarreal CF,1,2,A
La Liga,2025,2025-09-24,Getafe CF,Deportivo Alavés,1,1,D
La Liga,2025,2025-09-24,Club Atlético de Madrid,Rayo Vallecano de Madrid,3,2,H
La Liga,2025,2025-09-24,Real Sociedad de Fútbol,RCD Mallorca,1,0,H
La Liga,2025,2025-09-25,CA Osasuna,Elche CF,1,1,D
La Liga,2025,2025-09-25,Real Oviedo,FC Barcelona,1,3,A
La Liga,2025,2025-09-26,Girona FC,RCD Espanyol de Barcelona,0,0,D
La Liga,2025,2025-09-27,Getafe CF,Levante UD,1,1,D
La Liga,2025,2025-09-27,Club Atlético de Madrid,Real Madrid CF,5,2,H
La Liga,2025,2025-09-27,RCD Mallorca,Deportivo Alavés,1,0,H
La Liga,2025,2025-09-27,Villarreal CF,Athletic Club,1,0,H
La Liga,2025,2025-09-28,Rayo Vallecano de Madrid,Sevilla FC,0,1,A
La Liga,2025,2025-09-28,Elche CF,RC Celta de Vigo,2,1,H
La Liga,2025,2025-09-28,FC Barcelona,Real Sociedad de Fútbol,2,1,H
La Liga,2025,2025-09-28,Real Betis Balompié,CA Osasuna,2,0,H
La Liga,2025,2025-09-30,Valencia CF,Real Oviedo,1,2,A
La Liga,2025,2025-10-03,CA Osasuna,Getafe CF,2,1,H
La Liga,2025,2025-10-04,Real Oviedo,Levante UD,0,2,A
La Liga,2025,2025-10-04,Girona FC,Valencia CF,2,1,H
La Liga,2025,2025-10-04,Athletic Club,RCD Mallorca,2,1,H
La Liga,2025,2025-10-04,Real Madrid CF,Villarreal CF,3,1,H
La Liga,2025,2025-10-05,Deportivo Alavés,Elche CF,3,1,H
La Liga,2025,2025-10-05,Sevilla FC,FC Barcelona,4,1,H
La Liga,2025,2025-10-05,RCD Espanyol de Barcelona,Real Betis Balompié,1,2,A
La Liga,2025,2025-10-05,Real Sociedad de Fútbol,Rayo Vallecano de Madrid,0,1,A
La Liga,2025,2025-10-05,RC Celta de Vigo,Club Atlético de Madrid,1,1,D
La Liga,2025,2025-10-17,Real Oviedo,RCD Espanyol de Barcelona,0,2,A
La Liga,2025,2025-10-18,Sevilla FC,RCD Mallorca,1,3,A
La Liga,2025,2025-10-18,FC Barcelona,Girona FC,2,1,H
La Liga,2025,2025-10-18,Villarreal CF,Real Betis Balompié,2,2,D
La Liga,2025,2025-10-18,Club Atlético de Madrid,CA Osasuna,1,0,H
La Liga,2025,2025-10-19,Elche CF,Athletic Club,0,0,D
La Liga,2025,2025-10-19,RC Celta de Vigo,Real Sociedad de Fútbol,1,1,D
La Liga,2025,2025-10-19,Levante UD,Rayo Vallecano de Madrid,0,3,A
La Liga,2025,2025-10-19,Getafe CF,Real Madrid CF,0,1,A
La Liga,2025,2025-10-20,Deportivo Alavés,Valencia CF,0,0,D
La Liga,2025,2025-10-24,Real Sociedad de Fútbol,Sevilla FC,2,1,H
La Liga,2025,2025-10-25,Girona FC,Real Oviedo,3,3,D
La Liga,2025,2025-10-25,RCD Espanyol de Barcelona,Elche CF,1,0,H
La Liga,2025,2025-10-25,Athletic Club,Getafe CF,0,1,A
La Liga,2025,2025-10-25,Valencia CF,Villarreal CF,0,2,A
La Liga,2025,2025-10-26,RCD Mallorca,Levante UD,1,1,D
La Liga,2025,2025-10-26,Real Madrid CF,FC Barcelona,2,1,H
La Liga,2025,2025-10-26,CA Osasuna,RC Celta de Vigo,2,3,A
La Liga,2025,2025-10-26,Rayo Vallecano de Madrid,Deportivo Alavés,1,0,H
La Liga,2025,2025-10-27,Real Betis Balompié,Club Atlético de Madrid,0,2,A
La Liga,2025,2025-10-31,Getafe CF,Girona FC,2,1,H
La Liga,2025,2025-11-01,Villarreal CF,Rayo Vallecano de Madrid,4,0,H
La Liga,2025,2025-11-01,Club Atlético de Madrid,Sevilla FC,3,0,H
La Liga,2025,2025-11-01,Real Sociedad de Fútbol,Athletic Club,3,2,H
La Liga,2025,2025-11-01,Real Madrid CF,Valencia CF,4,0,H
La Liga,2025,2025-11-02,Levante UD,RC Celta de Vigo,1,2,A
La Liga,2025,2025-11-02,Deportivo Alavés,RCD Espanyol de Barcelona,2,1,H
La Liga,2025,2025-11-02,FC Barcelona,Elche CF,3,1,H
La Liga,2025,2025-11-02,Real Betis Balompié,RCD Mallorca,3,0,H
La Liga,2025,2025-11-03,Real Oviedo,CA Osasuna,0,0,D
La Liga,2025,2025-11-07,Elche CF,Real Sociedad de Fútbol,1,1,D
La Liga,2025,2025-11-08,Girona FC,Deportivo Alavés,1,0,H
La Liga,2025,2025-11-08,Sevilla FC,CA Osasuna,1,0,H
La Liga,2025,2025-11-08,Club Atlético de Madrid,Levante UD,3,1,H
La Liga,2025,2025-11-08,RCD Espanyol de Barcelona,Villarreal CF,0,2,A
La Liga,2025,2025-11-09,Athletic Club,Real Oviedo,1,0,H
La Liga,2025,2025-11-09,Rayo Vallecano de Madrid,Real Madrid CF,0,0,D
La Liga,2025,2025-11-09,Valencia CF,Real Betis Balompié,1,1,D
La Liga,2025,2025-11-09,RCD Mallorca,Getafe CF,1,0,H
La Liga,2025,2025-11-09,RC Celta de Vigo,FC Barcelona,2,4,A
La Liga,2025,2025-11-21,Valencia CF,Levante UD,1,0,H
La Liga,2025,2025-11-22,Deportivo Alavés,RC Celta de Vigo,0,1,A
La Liga,2025,2025-11-22,FC Barcelona,Athletic Club,4,0,H
La Liga,2025,2025-11-22,CA Osasuna,Real Sociedad de Fútbol,1,3,A
La Liga,2025,2025-11-22,Villarreal CF,RCD Mallorca,2,1,H
La Liga,2025,2025-11-23,Real Oviedo,Rayo Vallecano de Madrid,0,0,D
La Liga,2025,2025-11-23,Real Betis Balompié,Girona FC,1,1,D
La Liga,2025,2025-11-23,Getafe CF,Club Atlético de Madrid,0,1,A
La Liga,2025,2025-11-23,Elche CF,Real Madrid CF,2,2,D
La Liga,2025,2025-11-24,RCD Espanyol de Barcelona,Sevilla FC,2,1,H
La Liga,2025,2025-11-28,Getafe CF,Elche CF,1,0,H
La Liga,2025,2025-11-29,RCD Mallorca,CA Osasuna,2,2,D
La Liga,2025,2025-11-29,FC Barcelona,Deportivo Alavés,3,1,H
La Liga,2025,2025-11-29,Levante UD,Athletic Club,0,2,A
La Liga,2025,2025-11-29,Club Atlético de Madrid,Real Oviedo,2,0,H
La Liga,2025,2025-11-30,Real Sociedad de Fútbol,Villarreal CF,2,3,A
La Liga,2025,2025-11-30,Sevilla FC,Real Betis Balompié,0,2,A
La Liga,2025,2025-11-30,RC Celta de Vigo,RCD Espanyol de Barcelona,0,1,A
La Liga,2025,2025-11-30,Girona FC,Real Madrid CF,1,1,D
La Liga,2025,2025-12-01,Rayo Vallecano de Madrid,Valencia CF,1,1,D
La Liga,2025,2025-12-02,FC Barcelona,Club Atlético de Madrid,3,1,H
La Liga,2025,2025-12-03,Athletic Club,Real Madrid CF,0,3,A
La Liga,2025,2025-12-05,Real Oviedo,RCD Mallorca,0,0,D
La Liga,2025,2025-12-06,Villarreal CF,Getafe CF,2,0,H
La Liga,2025,2025-12-06,Deportivo Alavés,Real Sociedad de Fútbol,1,0,H
La Liga,2025,2025-12-06,Real Betis Balompié,FC Barcelona,3,5,A
La Liga,2025,2025-12-06,Athletic Club,Club Atlético de Madrid,1,0,H
La Liga,2025,2025-12-07,Elche CF,Girona FC,3,0,H
La Liga,2025,2025-12-07,Valencia CF,Sevilla FC,1,1,D
La Liga,2025,2025-12-07,RCD Espanyol de Barcelona,Rayo Vallecano de Madrid,1,0,H
La Liga,2025,2025-12-07,Real Madrid CF,RC Celta de Vigo,0,2,A
La Liga,2025,2025-12-08,CA Osasuna,Levante UD,2,0,H
La Liga,2025,2025-12-12,Real Sociedad de Fútbol,Girona FC,1,2,A
La Liga,2025,2025-12-13,Club Atlético de Madrid,Valencia CF,2,1,H
La Liga,2025,2025-12-13,RCD Mallorca,Elche CF,3,1,H
La Liga,2025,2025-12-13,FC Barcelona,CA Osasuna,2,0,H
La Liga,2025,2025-12-13,Getafe CF,RCD Espanyol de Barcelona,0,1,A
La Liga,2025,2025-12-14,Sevilla FC,Real Oviedo,4,0,H
La Liga,2025,2025-12-14,RC Celta de Vigo,Athletic Club,2,0,H
La Liga,2025,2025-12-14,Deportivo Alavés,Real Madrid CF,1,2,A
La Liga,2025,2025-12-15,Rayo Vallecano de Madrid,Real Betis Balompié,0,0,D
La Liga,2025,2025-12-19,Valencia CF,RCD Mallorca,1,1,D
La Liga,2025,2025-12-20,Real Oviedo,RC Celta de Vigo,0,0,D
La Liga,2025,2025-12-20,Levante UD,Real Sociedad de Fútbol,1,1,D
La Liga,2025,2025-12-20,CA Osasuna,Deportivo Alavés,3,0,H
La Liga,2025,2025-12-20,Real Madrid CF,Sevilla FC,2,0,H
La Liga,2025,2025-12-21,Girona FC,Club Atlético de Madrid,0,3,A
La Liga,2025,2025-12-21,Villarreal CF,FC Barcelona,0,2,A
La Liga,2025,2025-12-21,Elche CF,Rayo Vallecano de Madrid,4,0,H
La Liga,2025,2025-12-21,Real Betis Balompié,Getafe CF,4,0,H
La Liga,2025,2025-12-22,Athletic Club,RCD Espanyol de Barcelona,1,2,A
La Liga,2025,2026-01-02,Rayo Vallecano de Madrid,Getafe CF,1,1,D
La Liga,2025,2026-01-03,RC Celta de Vigo,Valencia CF,4,1,H
La Liga,2025,2026-01-03,CA Osasuna,Athletic Club,1,1,D
La Liga,2025,2026-01-03,Elche CF,Villarreal CF,1,3,A
La Liga,2025,2026-01-03,RCD Espanyol de Barcelona,FC Barcelona,0,2,A
La Liga,2025,2026-01-04,Sevilla FC,Levante UD,0,3,A
La Liga,2025,2026-01-04,Real Madrid CF,Real Betis Balompié,5,1,H
La Liga,2025,2026-01-04,Deportivo Alavés,Real Oviedo,1,1,D
La Liga,2025,2026-01-04,RCD Mallorca,Girona FC,1,2,A
La Liga,2025,2026-01-04,Real Sociedad de Fútbol,Club Atlético de Madrid,1,1,D
La Liga,2025,2026-01-09,Getafe CF,Real Sociedad de Fútbol,1,2,A
La Liga,2025,2026-01-10,Real Oviedo,Real Betis Balompié,1,1,D
La Liga,2025,2026-01-10,Villarreal CF,Deportivo Alavés,3,1,H
La Liga,2025,2026-01-10,Girona FC,CA Osasuna,1,0,H
La Liga,2025,2026-01-10,Valencia CF,Elche CF,1,1,D
La Liga,2025,2026-01-11,Rayo Vallecano de Madrid,RCD Mallorca,2,1,H
La Liga,2025,2026-01-11,Levante UD,RCD Espanyol de Barcelona,1,1,D
La Liga,2025,2026-01-12,Sevilla FC,RC Celta de Vigo,0,1,A
La Liga,2025,2026-01-16,RCD Espanyol de Barcelona,Girona FC,0,2,A
La Liga,2025,2026-01-17,Real Madrid CF,Levante UD,2,0,H
La Liga,2025,2026-01-17,RCD Mallorca,Athletic Club,3,2,H
La Liga,2025,2026-01-17,CA Osasuna,Real Oviedo,3,2,H
La Liga,2025,2026-01-17,Real Betis Balompié,Villarreal CF,2,0,H
La Liga,2025,2026-01-18,Getafe CF,Valencia CF,0,1,A
La Liga,2025,2026-01-18,Club Atlético de Madrid,Deportivo Alavés,1,0,H
La Liga,2025,2026-01-18,RC Celta de Vigo,Rayo Vallecano de Madrid,3,0,H
La Liga,2025,2026-01-18,Real Sociedad de Fútbol,FC Barcelona,2,1,H
La Liga,2025,2026-01-19,Elche CF,Sevilla FC,2,2,D
La Liga,2025,2026-01-23,Levante UD,Elche CF,3,2,H
La Liga,2025,2026-01-24,Rayo Vallecano de Madrid,CA Osasuna,1,3,A
La Liga,2025,2026-01-24,Valencia CF,RCD Espanyol de Barcelona,3,2,H
La Liga,2025,2026-01-24,Sevilla FC,Athletic Club,2,1,H
La Liga,2025,2026-01-24,Villarreal CF,Real Madrid CF,0,2,A
La Liga,2025,2026-01-25,Club Atlético de Madrid,RCD Mallorca,3,0,H
La Liga,2025,2026-01-25,FC Barcelona,Real Oviedo,3,0,H
La Liga,2025,2026-01-25,Real Sociedad de Fútbol,RC Celta de Vigo,3,1,H
La Liga,2025,2026-01-25,Deportivo Alavés,Real Betis Balompié,2,1,H
La Liga,2025,2026-01-26,Girona FC,Getafe CF,1,1,D
La Liga,2025,2026-01-30,RCD Espanyol de Barcelona,Deportivo Alavés,1,2,A
La Liga,2025,2026-01-31,Real Oviedo,Girona FC,1,0,H
La Liga,2025,2026-01-31,CA Osasuna,Villarreal CF,2,2,D
La Liga,2025,2026-01-31,Levante UD,Club Atlético de Madrid,0,0,D
La Liga,2025,2026-01-31,Elche CF,FC Barcelona,1,3,A
La Liga,2025,2026-02-01,Real Madrid CF,Rayo Vallecano de Madrid,2,1,H
La Liga,2025,2026-02-01,Real Betis Balompié,Valencia CF,2,1,H
La Liga,2025,2026-02-01,Getafe CF,RC Celta de Vigo,0,0,D
La Liga,2025,2026-02-01,Athletic Club,Real Sociedad de Fútbol,1,1,D
La Liga,2025,2026-02-02,RCD Mallorca,Sevilla FC,4,1,H
La Liga,2025,2026-02-06,RC Celta de Vigo,CA Osasuna,1,2,A
La Liga,2025,2026-02-07,FC Barcelona,RCD Mallorca,3,0,H
La Liga,2025,2026-02-07,Real Sociedad de Fútbol,Elche CF,3,1,H
La Liga,2025,2026-02-08,Deportivo Alavés,Getafe CF,0,2,A
La Liga,2025,2026-02-08,Athletic Club,Levante UD,4,2,H
La Liga,2025,2026-02-08,Sevilla FC,Girona FC,1,1,D
La Liga,2025,2026-02-08,Club Atlético de Madrid,Real Betis Balompié,0,1,A
La Liga,2025,2026-02-08,Valencia CF,Real Madrid CF,0,2,A
La Liga,2025,2026-02-09,Villarreal CF,RCD Espanyol de Barcelona,4,1,H
La Liga,2025,2026-02-13,Elche CF,CA Osasuna,0,0,D
La Liga,2025,2026-02-14,RCD Espanyol de Barcelona,RC Celta de Vigo,2,2,D
La Liga,2025,2026-02-14,Getafe CF,Villarreal CF,2,1,H
La Liga,2025,2026-02-14,Sevilla FC,Deportivo Alavés,1,1,D
La Liga,2025,2026-02-14,Real Madrid CF,Real Sociedad de Fútbol,4,1,H
La Liga,2025,2026-02-15,Real Oviedo,Athletic Club,1,2,A
La Liga,2025,2026-02-15,Rayo Vallecano de Madrid,Club Atlético de Madrid,3,0,H
La Liga,2025,2026-02-15,Levante UD,Valencia CF,0,2,A
La Liga,2025,2026-02-15,RCD Mallorca,Real Betis Balompié,1,2,A
La Liga,2025,2026-02-16,Girona FC,FC Barcelona,2,1,H
La Liga,2025,2026-02-18,Levante UD,Villarreal CF,0,1,A
La Liga,2025,2026-02-20,Athletic Club,Elche CF,2,1,H
La Liga,2025,2026-02-21,Real Sociedad de Fútbol,Real Oviedo,3,3,D
La Liga,2025,2026-02-21,Real Betis Balompié,Rayo Vallecano de Madrid,1,1,D
La Liga,2025,2026-02-21,CA Osasuna,Real Madrid CF,2,1,H
La Liga,2025,2026-02-21,Club Atlético de Madrid,RCD Espanyol de Barcelona,4,2,H
La Liga,2025,2026-02-22,Getafe CF,Sevilla FC,0,1,A
La Liga,2025,2026-02-22,FC Barcelona,Levante UD,3,0,H
La Liga,2025,2026-02-22,RC Celta de Vigo,RCD Mallorca,2,0,H
La Liga,2025,2026-02-22,Villarreal CF,Valencia CF,2,1,H
La Liga,2025,2026-02-23,Deportivo Alavés,Girona FC,2,2,D
La Liga,2025,2026-02-27,Levante UD,Deportivo Alavés,2,0,H
La Liga,2025,2026-02-28,Rayo Vallecano de Madrid,Athletic Club,1,1,D
La Liga,2025,2026-02-28,FC Barcelona,Villarreal CF,4,1,H
La Liga,2025,2026-02-28,RCD Mallorca,Real Sociedad de Fútbol,0,1,A
La Liga,2025,2026-02-28,Real Oviedo,Club Atlético de Madrid,0,1,A
La Liga,2025,2026-03-01,Elche CF,RCD Espanyol de Barcelona,2,2,D
La Liga,2025,2026-03-01,Valencia CF,CA Osasuna,1,0,H
La Liga,2025,2026-03-01,Real Betis Balompié,Sevilla FC,2,2,D
La Liga,2025,2026-03-01,Girona FC,RC Celta de Vigo,1,2,A
La Liga,2025,2026-03-02,Real Madrid CF,Getafe CF,0,1,A
La Liga,2025,2026-03-04,Rayo Vallecano de Madrid,Real Oviedo,3,0,H
La Liga,2025,2026-03-06,RC Celta de Vigo,Real Madrid CF,1,2,A
La Liga,2025,2026-03-07,CA Osasuna,RCD Mallorca,2,2,D
La Liga,2025,2026-03-07,Levante UD,Girona FC,1,1,D
La Liga,2025,2026-03-07,Club Atlético de Madrid,Real Sociedad de Fútbol,3,2,H
La Liga,2025,2026-03-07,Athletic Club,FC Barcelona,0,1,A
La Liga,2025,2026-03-08,Villarreal CF,Elche CF,2,1,H
La Liga,2025,2026-03-08,Getafe CF,Real Betis Balompié,2,0,H
La Liga,2025,2026-03-08,Sevilla FC,Rayo Vallecano de Madrid,1,1,D
La Liga,2025,2026-03-08,Valencia CF,Deportivo Alavés,3,2,H
La Liga,2025,2026-03-09,RCD Espanyol de Barcelona,Real Oviedo,1,1,D
La Liga,2025,2026-03-13,Deportivo Alavés,Villarreal CF,1,1,D
La Liga,2025,2026-03-14,Girona FC,Athletic Club,3,0,H
La Liga,2025,2026-03-14,Club Atlético de Madrid,Getafe CF,1,0,H
La Liga,2025,2026-03-14,Real Oviedo,Valencia CF,1,0,H
La Liga,2025,2026-03-14,Real Madrid CF,Elche CF,4,1,H
La Liga,2025,2026-03-15,RCD Mallorca,RCD Espanyol de Barcelona,2,1,H
La Liga,2025,2026-03-15,FC Barcelona,Sevilla FC,5,2,H
La Liga,2025,2026-03-15,Real Betis Balompié,RC Celta de Vigo,1,1,D
La Liga,2025,2026-03-15,Real Sociedad de Fútbol,CA Osasuna,3,1,H
La Liga,2025,2026-03-16,Rayo Vallecano de Madrid,Levante UD,1,1,D
La Liga,2025,2026-03-20,Villarreal CF,Real Sociedad de Fútbol,3,1,H
La Liga,2025,2026-03-21,Elche CF,RCD Mallorca,2,1,H
La Liga,2025,2026-03-21,RCD Espanyol de Barcelona,Getafe CF,1,2,A
La Liga,2025,2026-03-21,Levante UD,Real Oviedo,4,2,H
La Liga,2025,2026-03-21,CA Osasuna,Girona FC,1,0,H
La Liga,2025,2026-03-21,Sevilla FC,Valencia CF,0,2,A
La Liga,2025,2026-03-22,FC Barcelona,Rayo Vallecano de Madrid,1,0,H
La Liga,2025,2026-03-22,RC Celta de Vigo,Deportivo Alavés,3,4,A
La Liga,2025,2026-03-22,Athletic Club,Real Betis Balompié,2,1,H
La Liga,2025,2026-03-22,Real Madrid CF,Club Atlético de Madrid,3,2,H
La Liga,2025,2026-04-03,Rayo Vallecano de Madrid,Elche CF,1,0,H
La Liga,2025,2026-04-04,Real Sociedad de Fútbol,Levante UD,2,0,H
La Liga,2025,2026-04-04,RCD Mallorca,Real Madrid CF,2,1,H
La Liga,2025,2026-04-04,Real Betis Balompié,RCD Espanyol de Barcelona,0,0,D
La Liga,2025,2026-04-04,Club Atlético de Madrid,FC Barcelona,1,2,A
La Liga,2025,2026-04-05,Getafe CF,Athletic Club,2,0,H
La Liga,2025,2026-04-05,Valencia CF,RC Celta de Vigo,2,3,A
La Liga,2025,2026-04-05,Real Oviedo,Sevilla FC,1,0,H
La Liga,2025,2026-04-05,Deportivo Alavés,CA Osasuna,2,2,D
La Liga,2025,2026-04-06,Girona FC,Villarreal CF,1,0,H
La Liga,2025,2026-04-10,Real Madrid CF,Girona FC,1,1,D
La Liga,2025,2026-04-11,Real Sociedad de Fútbol,Deportivo Alavés,3,3,D
La Liga,2025,2026-04-11,Elche CF,Valencia CF,1,0,H
La Liga,2025,2026-04-11,FC Barcelona,RCD Espanyol de Barcelona,4,1,H
La Liga,2025,2026-04-11,Sevilla FC,Club Atlético de Madrid,2,1,H
La Liga,2025,2026-04-12,CA Osasuna,Real Betis Balompié,1,1,D
La Liga,2025,2026-04-12,RCD Mallorca,Rayo Vallecano de Madrid,3,0,H
La Liga,2025,2026-04-12,RC Celta de Vigo,Real Oviedo,0,3,A
La Liga,2025,2026-04-12,Athletic Club,Villarreal CF,1,2,A
La Liga,2025,2026-04-13,Levante UD,Getafe CF,1,0,H
La Liga,2025,2026-04-21,Athletic Club,CA Osasuna,1,0,H
La Liga,2025,2026-04-21,RCD Mallorca,Valencia CF,1,1,D
La Liga,2025,2026-04-21,Real Madrid CF,Deportivo Alavés,2,1,H
La Liga,2025,2026-04-21,Girona FC,Real Betis Balompié,2,3,A
Serie A,2023,2023-08-19,Empoli FC,Hellas Verona FC,0,1,A
Serie A,2023,2023-08-19,Frosinone Calcio,SSC Napoli,1,3,A
Serie A,2023,2023-08-19,Genoa CFC,ACF Fiorentina,1,4,A
Serie A,2023,2023-08-19,FC Internazionale Milano,AC Monza,2,0,H
Serie A,2023,2023-08-20,AS Roma,US Salernitana 1919,2,2,D
Serie A,2023,2023-08-20,US Sassuolo Calcio,Atalanta BC,0,2,A
Serie A,2023,2023-08-20,US Lecce,SS Lazio,2,1,H
Serie A,2023,2023-08-20,Udinese Calcio,Juventus FC,0,3,A
Serie A,2023,2023-08-21,Torino FC,Cagliari Calcio,0,0,D
Serie A,2023,2023-08-21,Bologna FC 1909,AC Milan,0,2,A
Serie A,2023,2023-08-26,Frosinone Calcio,Atalanta BC,2,1,H
Serie A,2023,2023-08-26,AC Monza,Empoli FC,2,0,H
Serie A,2023,2023-08-26,Hellas Verona FC,AS Roma,2,1,H
Serie A,2023,2023-08-26,AC Milan,Torino FC,4,1,H
Serie A,2023,2023-08-27,ACF Fiorentina,US Lecce,2,2,D
Serie A,2023,2023-08-27,Juventus FC,Bologna FC 1909,1,1,D
Serie A,2023,2023-08-27,SS Lazio,Genoa CFC,0,1,A
Serie A,2023,2023-08-27,SSC Napoli,US Sassuolo Calcio,2,0,H
Serie A,2023,2023-08-28,US Salernitana 1919,Udinese Calcio,1,1,D
Serie A,2023,2023-08-28,Cagliari Calcio,FC Internazionale Milano,0,2,A
Serie A,2023,2023-09-01,US Sassuolo Calcio,Hellas Verona FC,3,1,H
Serie A,2023,2023-09-01,AS Roma,AC Milan,1,2,A
Serie A,2023,2023-09-02,Bologna FC 1909,Cagliari Calcio,2,1,H
Serie A,2023,2023-09-02,Udinese Calcio,Frosinone Calcio,0,0,D
Serie A,2023,2023-09-02,Atalanta BC,AC Monza,3,0,H
Serie A,2023,2023-09-02,SSC Napoli,SS Lazio,1,2,A
Serie A,2023,2023-09-03,FC Internazionale Milano,ACF Fiorentina,4,0,H
Serie A,2023,2023-09-03,Torino FC,Genoa CFC,1,0,H
Serie A,2023,2023-09-03,Empoli FC,Juventus FC,0,2,A
Serie A,2023,2023-09-03,US Lecce,US Salernitana 1919,2,0,H
Serie A,2023,2023-09-16,Juventus FC,SS Lazio,3,1,H
Serie A,2023,2023-09-16,FC Internazionale Milano,AC Milan,5,1,H
Serie A,2023,2023-09-16,Genoa CFC,SSC Napoli,2,2,D
Serie A,2023,2023-09-17,Cagliari Calcio,Udinese Calcio,0,0,D
Serie A,2023,2023-09-17,Frosinone Calcio,US Sassuolo Calcio,4,2,H
Serie A,2023,2023-09-17,AC Monza,US Lecce,1,1,D
Serie A,2023,2023-09-17,ACF Fiorentina,Atalanta BC,3,2,H
Serie A,2023,2023-09-17,AS Roma,Empoli FC,7,0,H
Serie A,2023,2023-09-18,US Salernitana 1919,Torino FC,0,3,A
Serie A,2023,2023-09-18,Hellas Verona FC,Bologna FC 1909,0,0,D
Serie A,2023,2023-09-22,US Salernitana 1919,Frosinone Calcio,1,1,D
Serie A,2023,2023-09-22,US Lecce,Genoa CFC,1,0,H
Serie A,2023,2023-09-23,AC Milan,Hellas Verona FC,1,0,H
Serie A,2023,2023-09-23,US Sassuolo Calcio,Juventus FC,4,2,H
Serie A,2023,2023-09-23,SS Lazio,AC Monza,1,1,D
Serie A,2023,2023-09-24,Empoli FC,FC Internazionale Milano,0,1,A
Serie A,2023,2023-09-24,Atalanta BC,Cagliari Calcio,2,0,H
Serie A,2023,2023-09-24,Udinese Calcio,ACF Fiorentina,0,2,A
Serie A,2023,2023-09-24,Bologna FC 1909,SSC Napoli,0,0,D
Serie A,2023,2023-09-24,Torino FC,AS Roma,1,1,D
Serie A,2023,2023-09-26,Juventus FC,US Lecce,1,0,H
Serie A,2023,2023-09-27,Cagliari Calcio,AC Milan,1,3,A
Serie A,2023,2023-09-27,Empoli FC,US Salernitana 1919,1,0,H
Serie A,2023,2023-09-27,Hellas Verona FC,Atalanta BC,0,1,A
Serie A,2023,2023-09-27,FC Internazionale Milano,US Sassuolo Calcio,1,2,A
Serie A,2023,2023-09-27,SS Lazio,Torino FC,2,0,H
Serie A,2023,2023-09-27,SSC Napoli,Udinese Calcio,4,1,H
Serie A,2023,2023-09-28,Frosinone Calcio,ACF Fiorentina,1,1,D
Serie A,2023,2023-09-28,AC Monza,Bologna FC 1909,0,0,D
Serie A,2023,2023-09-28,Genoa CFC,AS Roma,4,1,H
Serie A,2023,2023-09-30,US Lecce,SSC Napoli,0,4,A
Serie A,2023,2023-09-30,AC Milan,SS Lazio,2,0,H
Serie A,2023,2023-09-30,US Salernitana 1919,FC Internazionale Milano,0,4,A
Serie A,2023,2023-10-01,Bologna FC 1909,Empoli FC,3,0,H
Serie A,2023,2023-10-01,Udinese Calcio,Genoa CFC,2,2,D
Serie A,2023,2023-10-01,Atalanta BC,Juventus FC,0,0,D
Serie A,2023,2023-10-01,AS Roma,Frosinone Calcio,2,0,H
Serie A,2023,2023-10-02,US Sassuolo Calcio,AC Monza,0,1,A
Serie A,2023,2023-10-02,Torino FC,Hellas Verona FC,0,0,D
Serie A,2023,2023-10-02,ACF Fiorentina,Cagliari Calcio,3,0,H
Serie A,2023,2023-10-06,Empoli FC,Udinese Calcio,0,0,D
Serie A,2023,2023-10-06,US Lecce,US Sassuolo Calcio,1,1,D
Serie A,2023,2023-10-07,FC Internazionale Milano,Bologna FC 1909,2,2,D
Serie A,2023,2023-10-07,Juventus FC,Torino FC,2,0,H
Serie A,2023,2023-10-07,Genoa CFC,AC Milan,0,1,A
Serie A,2023,2023-10-08,AC Monza,US Salernitana 1919,3,0,H
Serie A,2023,2023-10-08,Frosinone Calcio,Hellas Verona FC,2,1,H
Serie A,2023,2023-10-08,SS Lazio,Atalanta BC,3,2,H
Serie A,2023,2023-10-08,Cagliari Calcio,AS Roma,1,4,A
Serie A,2023,2023-10-08,SSC Napoli,ACF Fiorentina,1,3,A
Serie A,2023,2023-10-21,Hellas Verona FC,SSC Napoli,1,3,A
Serie A,2023,2023-10-21,Torino FC,FC Internazionale Milano,0,3,A
Serie A,2023,2023-10-21,US Sassuolo Calcio,SS Lazio,0,2,A
Serie A,2023,2023-10-22,AS Roma,AC Monza,1,0,H
Serie A,2023,2023-10-22,Bologna FC 1909,Frosinone Calcio,2,1,H
Serie A,2023,2023-10-22,US Salernitana 1919,Cagliari Calcio,2,2,D
Serie A,2023,2023-10-22,Atalanta BC,Genoa CFC,2,0,H
Serie A,2023,2023-10-22,AC Milan,Juventus FC,0,1,A
Serie A,2023,2023-10-23,Udinese Calcio,US Lecce,1,1,D
Serie A,2023,2023-10-23,ACF Fiorentina,Empoli FC,0,2,A
Serie A,2023,2023-10-27,Genoa CFC,US Salernitana 1919,1,0,H
Serie A,2023,2023-10-28,US Sassuolo Calcio,Bologna FC 1909,1,1,D
Serie A,2023,2023-10-28,US Lecce,Torino FC,0,1,A
Serie A,2023,2023-10-28,Juventus FC,Hellas Verona FC,1,0,H
Serie A,2023,2023-10-29,Cagliari Calcio,Frosinone Calcio,4,3,H
Serie A,2023,2023-10-29,AC Monza,Udinese Calcio,1,1,D
Serie A,2023,2023-10-29,FC Internazionale Milano,AS Roma,1,0,H
Serie A,2023,2023-10-29,SSC Napoli,AC Milan,2,2,D
Serie A,2023,2023-10-30,Empoli FC,Atalanta BC,0,3,A
Serie A,2023,2023-10-30,SS Lazio,ACF Fiorentina,1,0,H
Serie A,2023,2023-11-03,Bologna FC 1909,SS Lazio,1,0,H
Serie A,2023,2023-11-04,US Salernitana 1919,SSC Napoli,0,2,A
Serie A,2023,2023-11-04,Atalanta BC,FC Internazionale Milano,1,2,A
Serie A,2023,2023-11-04,AC Milan,Udinese Calcio,0,1,A
Serie A,2023,2023-11-05,Hellas Verona FC,AC Monza,1,3,A
Serie A,2023,2023-11-05,Cagliari Calcio,Genoa CFC,2,1,H
Serie A,2023,2023-11-05,AS Roma,US Lecce,2,1,H
Serie A,2023,2023-11-05,ACF Fiorentina,Juventus FC,0,1,A
Serie A,2023,2023-11-06,Frosinone Calcio,Empoli FC,2,1,H
Serie A,2023,2023-11-06,Torino FC,US Sassuolo Calcio,2,1,H
Serie A,2023,2023-11-10,US Sassuolo Calcio,US Salernitana 1919,2,2,D
Serie A,2023,2023-11-10,Genoa CFC,Hellas Verona FC,1,0,H
Serie A,2023,2023-11-11,US Lecce,AC Milan,2,2,D
Serie A,2023,2023-11-11,Juventus FC,Cagliari Calcio,2,1,H
Serie A,2023,2023-11-11,AC Monza,Torino FC,1,1,D
Serie A,2023,2023-11-12,SSC Napoli,Empoli FC,0,1,A
Serie A,2023,2023-11-12,ACF Fiorentina,Bologna FC 1909,2,1,H
Serie A,2023,2023-11-12,Udinese Calcio,Atalanta BC,1,1,D
Serie A,2023,2023-11-12,SS Lazio,AS Roma,0,0,D
Serie A,2023,2023-11-12,FC Internazionale Milano,Frosinone Calcio,2,0,H
Serie A,2023,2023-11-25,US Salernitana 1919,SS Lazio,2,1,H
Serie A,2023,2023-11-25,Atalanta BC,SSC Napoli,1,2,A
Serie A,2023,2023-11-25,AC Milan,ACF Fiorentina,1,0,H
Serie A,2023,2023-11-26,Cagliari Calcio,AC Monza,1,1,D
Serie A,2023,2023-11-26,Empoli FC,US Sassuolo Calcio,3,4,A
Serie A,2023,2023-11-26,Frosinone Calcio,Genoa CFC,2,1,H
Serie A,2023,2023-11-26,AS Roma,Udinese Calcio,3,1,H
Serie A,2023,2023-11-26,Juventus FC,FC Internazionale Milano,1,1,D
Serie A,2023,2023-11-27,Hellas Verona FC,US Lecce,2,2,D
Serie A,2023,2023-11-27,Bologna FC 1909,Torino FC,2,0,H
Serie A,2023,2023-12-01,AC Monza,Juventus FC,1,2,A
Serie A,2023,2023-12-02,Genoa CFC,Empoli FC,1,1,D
Serie A,2023,2023-12-02,SS Lazio,Cagliari Calcio,1,0,H
Serie A,2023,2023-12-02,AC Milan,Frosinone Calcio,3,1,H
Serie A,2023,2023-12-03,US Lecce,Bologna FC 1909,1,1,D
Serie A,2023,2023-12-03,ACF Fiorentina,US Salernitana 1919,3,0,H
Serie A,2023,2023-12-03,Udinese Calcio,Hellas Verona FC,3,3,D
Serie A,2023,2023-12-03,US Sassuolo Calcio,AS Roma,1,2,A
Serie A,2023,2023-12-03,SSC Napoli,FC Internazionale Milano,0,3,A
Serie A,2023,2023-12-04,Torino FC,Atalanta BC,3,0,H
Serie A,2023,2023-12-08,Juventus FC,SSC Napoli,1,0,H
Serie A,2023,2023-12-09,Hellas Verona FC,SS Lazio,1,1,D
Serie A,2023,2023-12-09,Atalanta BC,AC Milan,3,2,H
Serie A,2023,2023-12-09,FC Internazionale Milano,Udinese Calcio,4,0,H
Serie A,2023,2023-12-10,Frosinone Calcio,Torino FC,0,0,D
Serie A,2023,2023-12-10,AC Monza,Genoa CFC,1,0,H
Serie A,2023,2023-12-10,US Salernitana 1919,Bologna FC 1909,1,2,A
Serie A,2023,2023-12-10,AS Roma,ACF Fiorentina,1,1,D
Serie A,2023,2023-12-11,Empoli FC,US Lecce,1,1,D
Serie A,2023,2023-12-11,Cagliari Calcio,US Sassuolo Calcio,2,1,H
Serie A,2023,2023-12-15,Genoa CFC,Juventus FC,1,1,D
Serie A,2023,2023-12-16,US Lecce,Frosinone Calcio,2,1,H
Serie A,2023,2023-12-16,SSC Napoli,Cagliari Calcio,2,1,H
Serie A,2023,2023-12-16,Torino FC,Empoli FC,1,0,H
Serie A,2023,2023-12-17,AC Milan,AC Monza,3,0,H
Serie A,2023,2023-12-17,ACF Fiorentina,Hellas Verona FC,1,0,H
Serie A,2023,2023-12-17,Udinese Calcio,US Sassuolo Calcio,2,2,D
Serie A,2023,2023-12-17,Bologna FC 1909,AS Roma,2,0,H
Serie A,2023,2023-12-17,SS Lazio,FC Internazionale Milano,0,2,A
Serie A,2023,2023-12-18,Atalanta BC,US Salernitana 1919,4,1,H
Serie A,2023,2023-12-22,US Sassuolo Calcio,Genoa CFC,1,2,A
Serie A,2023,2023-12-22,Empoli FC,SS Lazio,0,2,A
Serie A,2023,2023-12-22,AC Monza,ACF Fiorentina,0,1,A
Serie A,2023,2023-12-22,US Salernitana 1919,AC Milan,2,2,D
Serie A,2023,2023-12-23,Frosinone Calcio,Juventus FC,1,2,A
Serie A,2023,2023-12-23,Torino FC,Udinese Calcio,1,1,D
Serie A,2023,2023-12-23,Bologna FC 1909,Atalanta BC,1,0,H
Serie A,2023,2023-12-23,Hellas Verona FC,Cagliari Calcio,2,0,H
Serie A,2023,2023-12-23,FC Internazionale Milano,US Lecce,2,0,H
Serie A,2023,2023-12-23,AS Roma,SSC Napoli,2,0,H
Serie A,2023,2023-12-29,ACF Fiorentina,Torino FC,1,0,H
Serie A,2023,2023-12-29,SSC Napoli,AC Monza,0,0,D
Serie A,2023,2023-12-29,Genoa CFC,FC Internazionale Milano,1,1,D
Serie A,2023,2023-12-29,SS Lazio,Frosinone Calcio,3,1,H
Serie A,2023,2023-12-30,Atalanta BC,US Lecce,1,0,H
Serie A,2023,2023-12-30,Cagliari Calcio,Empoli FC,0,0,D
Serie A,2023,2023-12-30,Udinese Calcio,Bologna FC 1909,3,0,H
Serie A,2023,2023-12-30,Hellas Verona FC,US Salernitana 1919,0,1,A
Serie A,2023,2023-12-30,AC Milan,US Sassuolo Calcio,1,0,H
Serie A,2023,2023-12-30,Juventus FC,AS Roma,1,0,H
Serie A,2023,2024-01-05,Bologna FC 1909,Genoa CFC,1,1,D
Serie A,2023,2024-01-06,FC Internazionale Milano,Hellas Verona FC,2,1,H
Serie A,2023,2024-01-06,Frosinone Calcio,AC Monza,2,3,A
Serie A,2023,2024-01-06,US Lecce,Cagliari Calcio,1,1,D
Serie A,2023,2024-01-06,US Sassuolo Calcio,ACF Fiorentina,1,0,H
Serie A,2023,2024-01-07,Empoli FC,AC Milan,0,3,A
Serie A,2023,2024-01-07,Torino FC,SSC Napoli,3,0,H
Serie A,2023,2024-01-07,Udinese Calcio,SS Lazio,1,2,A
Serie A,2023,2024-01-07,US Salernitana 1919,Juventus FC,1,2,A
Serie A,2023,2024-01-07,AS Roma,Atalanta BC,1,1,D
Serie A,2023,2024-01-13,Genoa CFC,Torino FC,0,0,D
Serie A,2023,2024-01-13,SSC Napoli,US Salernitana 1919,2,1,H
Serie A,2023,2024-01-13,Hellas Verona FC,Empoli FC,2,1,H
Serie A,2023,2024-01-13,AC Monza,FC Internazionale Milano,1,5,A
Serie A,2023,2024-01-14,SS Lazio,US Lecce,1,0,H
Serie A,2023,2024-01-14,Cagliari Calcio,Bologna FC 1909,2,1,H
Serie A,2023,2024-01-14,ACF Fiorentina,Udinese Calcio,2,2,D
Serie A,2023,2024-01-14,AC Milan,AS Roma,3,1,H
Serie A,2023,2024-01-15,Atalanta BC,Frosinone Calcio,5,0,H
Serie A,2023,2024-01-16,Juventus FC,US Sassuolo Calcio,3,0,H
Serie A,2023,2024-01-20,AS Roma,Hellas Verona FC,2,1,H
Serie A,2023,2024-01-20,Udinese Calcio,AC Milan,2,3,A
Serie A,2023,2024-01-21,Frosinone Calcio,Cagliari Calcio,3,1,H
Serie A,2023,2024-01-21,Empoli FC,AC Monza,3,0,H
Serie A,2023,2024-01-21,US Salernitana 1919,Genoa CFC,1,2,A
Serie A,2023,2024-01-21,US Lecce,Juventus FC,0,3,A
Serie A,2023,2024-01-26,Cagliari Calcio,Torino FC,1,2,A
Serie A,2023,2024-01-27,Atalanta BC,Udinese Calcio,2,0,H
Serie A,2023,2024-01-27,Juventus FC,Empoli FC,1,1,D
Serie A,2023,2024-01-27,AC Milan,Bologna FC 1909,2,2,D
Serie A,2023,2024-01-28,Genoa CFC,US Lecce,2,1,H
Serie A,2023,2024-01-28,Hellas Verona FC,Frosinone Calcio,1,1,D
Serie A,2023,2024-01-28,AC Monza,US Sassuolo Calcio,1,0,H
Serie A,2023,2024-01-28,SS Lazio,SSC Napoli,0,0,D
Serie A,2023,2024-01-28,ACF Fiorentina,FC Internazionale Milano,0,1,A
Serie A,2023,2024-01-29,US Salernitana 1919,AS Roma,1,2,A
Serie A,2023,2024-02-02,US Lecce,ACF Fiorentina,3,2,H
Serie A,2023,2024-02-03,Empoli FC,Genoa CFC,0,0,D
Serie A,2023,2024-02-03,Udinese Calcio,AC Monza,0,0,D
Serie A,2023,2024-02-03,Frosinone Calcio,AC Milan,2,3,A
Serie A,2023,2024-02-03,Bologna FC 1909,US Sassuolo Calcio,4,2,H
Serie A,2023,2024-02-04,Torino FC,US Salernitana 1919,0,0,D
Serie A,2023,2024-02-04,SSC Napoli,Hellas Verona FC,2,1,H
Serie A,2023,2024-02-04,Atalanta BC,SS Lazio,3,1,H
Serie A,2023,2024-02-04,FC Internazionale Milano,Juventus FC,1,0,H
Serie A,2023,2024-02-05,AS Roma,Cagliari Calcio,4,0,H
Serie A,2023,2024-02-09,US Salernitana 1919,Empoli FC,1,3,A
Serie A,2023,2024-02-10,Cagliari Calcio,SS Lazio,1,3,A
Serie A,2023,2024-02-10,AS Roma,FC Internazionale Milano,2,4,A
Serie A,2023,2024-02-10,US Sassuolo Calcio,Torino FC,1,1,D
Serie A,2023,2024-02-11,ACF Fiorentina,Frosinone Calcio,5,1,H
Serie A,2023,2024-02-11,Bologna FC 1909,US Lecce,4,0,H
Serie A,2023,2024-02-11,AC Monza,Hellas Verona FC,0,0,D
Serie A,2023,2024-02-11,Genoa CFC,Atalanta BC,1,4,A
Serie A,2023,2024-02-11,AC Milan,SSC Napoli,1,0,H
Serie A,2023,2024-02-12,Juventus FC,Udinese Calcio,0,1,A
Serie A,2023,2024-02-14,Bologna FC 1909,ACF Fiorentina,2,0,H
Serie A,2023,2024-02-16,Torino FC,US Lecce,2,0,H
Serie A,2023,2024-02-16,FC Internazionale Milano,US Salernitana 1919,4,0,H
Serie A,2023,2024-02-17,SSC Napoli,Genoa CFC,1,1,D
Serie A,2023,2024-02-17,Hellas Verona FC,Juventus FC,2,2,D
Serie A,2023,2024-02-17,Atalanta BC,US Sassuolo Calcio,3,0,H
Serie A,2023,2024-02-18,SS Lazio,Bologna FC 1909,1,2,A
Serie A,2023,2024-02-18,Empoli FC,ACF Fiorentina,1,1,D
Serie A,2023,2024-02-18,Udinese Calcio,Cagliari Calcio,1,1,D
Serie A,2023,2024-02-18,Frosinone Calcio,AS Roma,0,3,A
Serie A,2023,2024-02-18,AC Monza,AC Milan,4,2,H
Serie A,2023,2024-02-22,Torino FC,SS Lazio,0,2,A
Serie A,2023,2024-02-23,Bologna FC 1909,Hellas Verona FC,2,0,H
Serie A,2023,2024-02-24,US Sassuolo Calcio,Empoli FC,2,3,A
Serie A,2023,2024-02-24,US Salernitana 1919,AC Monza,0,2,A
Serie A,2023,2024-02-24,Genoa CFC,Udinese Calcio,2,0,H
Serie A,2023,2024-02-25,Juventus FC,Frosinone Calcio,3,2,H
Serie A,2023,2024-02-25,Cagliari Calcio,SSC Napoli,1,1,D
Serie A,2023,2024-02-25,US Lecce,FC Internazionale Milano,0,4,A
Serie A,2023,2024-02-25,AC Milan,Atalanta BC,1,1,D
Serie A,2023,2024-02-26,AS Roma,Torino FC,3,2,H
Serie A,2023,2024-02-26,ACF Fiorentina,SS Lazio,2,1,H
Serie A,2023,2024-02-28,US Sassuolo Calcio,SSC Napoli,1,6,A
Serie A,2023,2024-02-28,FC Internazionale Milano,Atalanta BC,4,0,H
Serie A,2023,2024-03-01,SS Lazio,AC Milan,0,1,A
Serie A,2023,2024-03-02,Udinese Calcio,US Salernitana 1919,1,1,D
Serie A,2023,2024-03-02,AC Monza,AS Roma,1,4,A
Serie A,2023,2024-03-02,Torino FC,ACF Fiorentina,0,0,D
Serie A,2023,2024-03-03,Hellas Verona FC,US Sassuolo Calcio,1,0,H
Serie A,2023,2024-03-03,Empoli FC,Cagliari Calcio,0,1,A
Serie A,2023,2024-03-03,Frosinone Calcio,US Lecce,1,1,D
Serie A,2023,2024-03-03,Atalanta BC,Bologna FC 1909,1,2,A
Serie A,2023,2024-03-03,SSC Napoli,Juventus FC,2,1,H
Serie A,2023,2024-03-04,FC Internazionale Milano,Genoa CFC,2,1,H
Serie A,2023,2024-03-08,SSC Napoli,Torino FC,1,1,D
Serie A,2023,2024-03-09,Cagliari Calcio,US Salernitana 1919,4,2,H
Serie A,2023,2024-03-09,US Sassuolo Calcio,Frosinone Calcio,1,0,H
Serie A,2023,2024-03-09,Bologna FC 1909,FC Internazionale Milano,0,1,A
Serie A,2023,2024-03-09,Genoa CFC,AC Monza,2,3,A
Serie A,2023,2024-03-10,US Lecce,Hellas Verona FC,0,1,A
Serie A,2023,2024-03-10,AC Milan,Empoli FC,1,0,H
Serie A,2023,2024-03-10,Juventus FC,Atalanta BC,2,2,D
Serie A,2023,2024-03-10,ACF Fiorentina,AS Roma,2,2,D
Serie A,2023,2024-03-11,SS Lazio,Udinese Calcio,1,2,A
Serie A,2023,2024-03-15,Empoli FC,Bologna FC 1909,0,1,A
Serie A,2023,2024-03-16,AC Monza,Cagliari Calcio,1,0,H
Serie A,2023,2024-03-16,Udinese Calcio,Torino FC,0,2,A
Serie A,2023,2024-03-16,US Salernitana 1919,US Lecce,0,1,A
Serie A,2023,2024-03-16,Frosinone Calcio,SS Lazio,2,3,A
Serie A,2023,2024-03-17,Juventus FC,Genoa CFC,0,0,D
Serie A,2023,2024-03-17,Hellas Verona FC,AC Milan,1,3,A
Serie A,2023,2024-03-17,AS Roma,US Sassuolo Calcio,1,0,H
Serie A,2023,2024-03-17,FC Internazionale Milano,SSC Napoli,1,1,D
Serie A,2023,2024-03-30,SSC Napoli,Atalanta BC,0,3,A
Serie A,2023,2024-03-30,Genoa CFC,Frosinone Calcio,1,1,D
Serie A,2023,2024-03-30,Torino FC,AC Monza,1,0,H
Serie A,2023,2024-03-30,SS Lazio,Juventus FC,1,0,H
Serie A,2023,2024-03-30,ACF Fiorentina,AC Milan,1,2,A
Serie A,2023,2024-04-01,Bologna FC 1909,US Salernitana 1919,3,0,H
Serie A,2023,2024-04-01,Cagliari Calcio,Hellas Verona FC,1,1,D
Serie A,2023,2024-04-01,US Sassuolo Calcio,Udinese Calcio,1,1,D
Serie A,2023,2024-04-01,US Lecce,AS Roma,0,0,D
Serie A,2023,2024-04-01,FC Internazionale Milano,Empoli FC,2,0,H
Serie A,2023,2024-04-05,US Salernitana 1919,US Sassuolo Calcio,2,2,D
Serie A,2023,2024-04-06,AC Milan,US Lecce,3,0,H
Serie A,2023,2024-04-06,AS Roma,SS Lazio,1,0,H
Serie A,2023,2024-04-06,Empoli FC,Torino FC,3,2,H
Serie A,2023,2024-04-07,Frosinone Calcio,Bologna FC 1909,0,0,D
Serie A,2023,2024-04-07,AC Monza,SSC Napoli,2,4,A
Serie A,2023,2024-04-07,Cagliari Calcio,Atalanta BC,2,1,H
Serie A,2023,2024-04-07,Hellas Verona FC,Genoa CFC,1,2,A
Serie A,2023,2024-04-07,Juventus FC,ACF Fiorentina,1,0,H
Serie A,2023,2024-04-08,Udinese Calcio,FC Internazionale Milano,1,2,A
Serie A,2023,2024-04-12,SS Lazio,US Salernitana 1919,4,1,H
Serie A,2023,2024-04-13,US Lecce,Empoli FC,1,0,H
Serie A,2023,2024-04-13,Torino FC,Juventus FC,0,0,D
Serie A,2023,2024-04-13,Bologna FC 1909,AC Monza,0,0,D
Serie A,2023,2024-04-14,SSC Napoli,Frosinone Calcio,2,2,D
Serie A,2023,2024-04-14,US Sassuolo Calcio,AC Milan,3,3,D
Serie A,2023,2024-04-14,FC Internazionale Milano,Cagliari Calcio,2,2,D
Serie A,2023,2024-04-15,ACF Fiorentina,Genoa CFC,1,1,D
Serie A,2023,2024-04-15,Atalanta BC,Hellas Verona FC,2,2,D
Serie A,2023,2024-04-19,Genoa CFC,SS Lazio,0,1,A
Serie A,2023,2024-04-19,Cagliari Calcio,Juventus FC,2,2,D
Serie A,2023,2024-04-20,Empoli FC,SSC Napoli,1,0,H
Serie A,2023,2024-04-20,Hellas Verona FC,Udinese Calcio,1,0,H
Serie A,2023,2024-04-21,US Sassuolo Calcio,US Lecce,0,3,A
Serie A,2023,2024-04-21,Torino FC,Frosinone Calcio,0,0,D
Serie A,2023,2024-04-21,US Salernitana 1919,ACF Fiorentina,0,2,A
Serie A,2023,2024-04-21,AC Monza,Atalanta BC,1,2,A
Serie A,2023,2024-04-22,AS Roma,Bologna FC 1909,1,3,A
Serie A,2023,2024-04-22,AC Milan,FC Internazionale Milano,1,2,A
Serie A,2023,2024-04-25,Udinese Calcio,AS Roma,1,2,A
Serie A,2023,2024-04-26,Frosinone Calcio,US Salernitana 1919,3,0,H
Serie A,2023,2024-04-27,US Lecce,AC Monza,1,1,D
Serie A,2023,2024-04-27,Juventus FC,AC Milan,0,0,D
Serie A,2023,2024-04-27,SS Lazio,Hellas Verona FC,1,0,H
Serie A,2023,2024-04-28,FC Internazionale Milano,Torino FC,2,0,H
Serie A,2023,2024-04-28,Bologna FC 1909,Udinese Calcio,1,1,D
Serie A,2023,2024-04-28,Atalanta BC,Empoli FC,2,0,H
Serie A,2023,2024-04-28,SSC Napoli,AS Roma,2,2,D
Serie A,2023,2024-04-28,ACF Fiorentina,US Sassuolo Calcio,5,1,H
Serie A,2023,2024-04-29,Genoa CFC,Cagliari Calcio,3,0,H
Serie A,2023,2024-05-03,Torino FC,Bologna FC 1909,0,0,D
Serie A,2023,2024-05-04,AC Monza,SS Lazio,2,2,D
Serie A,2023,2024-05-04,US Sassuolo Calcio,FC Internazionale Milano,1,0,H
Serie A,2023,2024-05-05,Cagliari Calcio,US Lecce,1,1,D
Serie A,2023,2024-05-05,Empoli FC,Frosinone Calcio,0,0,D
Serie A,2023,2024-05-05,Hellas Verona FC,ACF Fiorentina,2,1,H
Serie A,2023,2024-05-05,AC Milan,Genoa CFC,3,3,D
Serie A,2023,2024-05-05,AS Roma,Juventus FC,1,1,D
Serie A,2023,2024-05-06,US Salernitana 1919,Atalanta BC,1,2,A
Serie A,2023,2024-05-06,Udinese Calcio,SSC Napoli,1,1,D
Serie A,2023,2024-05-10,Frosinone Calcio,FC Internazionale Milano,0,5,A
Serie A,2023,2024-05-11,SSC Napoli,Bologna FC 1909,0,2,A
Serie A,2023,2024-05-11,AC Milan,Cagliari Calcio,5,1,H
Serie A,2023,2024-05-12,SS Lazio,Empoli FC,2,0,H
Serie A,2023,2024-05-12,Genoa CFC,US Sassuolo Calcio,2,1,H
Serie A,2023,2024-05-12,Hellas Verona FC,Torino FC,1,2,A
Serie A,2023,2024-05-12,Juventus FC,US Salernitana 1919,1,1,D
Serie A,2023,2024-05-12,Atalanta BC,AS Roma,2,1,H
Serie A,2023,2024-05-13,US Lecce,Udinese Calcio,0,2,A
Serie A,2023,2024-05-13,ACF Fiorentina,AC Monza,2,1,H
Serie A,2023,2024-05-17,ACF Fiorentina,SSC Napoli,2,2,D
Serie A,2023,2024-05-18,US Lecce,Atalanta BC,0,2,A
Serie A,2023,2024-05-18,Torino FC,AC Milan,3,1,H
Serie A,2023,2024-05-19,US Sassuolo Calcio,Cagliari Calcio,0,2,A
Serie A,2023,2024-05-19,AC Monza,Frosinone Calcio,0,1,A
Serie A,2023,2024-05-19,Udinese Calcio,Empoli FC,1,1,D
Serie A,2023,2024-05-19,FC Internazionale Milano,SS Lazio,1,1,D
Serie A,2023,2024-05-19,AS Roma,Genoa CFC,1,0,H
Serie A,2023,2024-05-20,US Salernitana 1919,Hellas Verona FC,1,2,A
Serie A,2023,2024-05-20,Bologna FC 1909,Juventus FC,3,3,D
Serie A,2023,2024-05-23,Cagliari Calcio,ACF Fiorentina,2,3,A
Serie A,2023,2024-05-24,Genoa CFC,Bologna FC 1909,2,0,H
Serie A,2023,2024-05-25,Juventus FC,AC Monza,2,0,H
Serie A,2023,2024-05-25,AC Milan,US Salernitana 1919,3,3,D
Serie A,2023,2024-05-26,Atalanta BC,Torino FC,3,0,H
Serie A,2023,2024-05-26,SSC Napoli,US Lecce,0,0,D
Serie A,2023,2024-05-26,Empoli FC,AS Roma,2,1,H
Serie A,2023,2024-05-26,Frosinone Calcio,Udinese Calcio,0,1,A
Serie A,2023,2024-05-26,Hellas Verona FC,FC Internazionale Milano,2,2,D
Serie A,2023,2024-05-26,SS Lazio,US Sassuolo Calcio,1,1,D
Serie A,2023,2024-06-02,Atalanta BC,ACF Fiorentina,2,3,A
Serie A,2024,2024-08-17,Genoa CFC,FC Internazionale Milano,2,2,D
Serie A,2024,2024-08-17,Parma Calcio 1913,ACF Fiorentina,1,1,D
Serie A,2024,2024-08-17,Empoli FC,AC Monza,0,0,D
Serie A,2024,2024-08-17,AC Milan,Torino FC,2,2,D
Serie A,2024,2024-08-18,Bologna FC 1909,Udinese Calcio,1,1,D
Serie A,2024,2024-08-18,Hellas Verona FC,SSC Napoli,3,0,H
Serie A,2024,2024-08-18,Cagliari Calcio,AS Roma,0,0,D
Serie A,2024,2024-08-18,SS Lazio,Venezia FC,3,1,H
Serie A,2024,2024-08-19,US Lecce,Atalanta BC,0,4,A
Serie A,2024,2024-08-19,Juventus FC,Como 1907,3,0,H
Serie A,2024,2024-08-24,Parma Calcio 1913,AC Milan,2,1,H
Serie A,2024,2024-08-24,Udinese Calcio,SS Lazio,2,1,H
Serie A,2024,2024-08-24,FC Internazionale Milano,US Lecce,2,0,H
Serie A,2024,2024-08-24,AC Monza,Genoa CFC,0,1,A
Serie A,2024,2024-08-25,ACF Fiorentina,Venezia FC,0,0,D
Serie A,2024,2024-08-25,Torino FC,Atalanta BC,2,1,H
Serie A,2024,2024-08-25,SSC Napoli,Bologna FC 1909,3,0,H
Serie A,2024,2024-08-25,AS Roma,Empoli FC,1,2,A
Serie A,2024,2024-08-26,Cagliari Calcio,Como 1907,1,1,D
Serie A,2024,2024-08-26,Hellas Verona FC,Juventus FC,0,3,A
Serie A,2024,2024-08-30,Venezia FC,Torino FC,0,1,A
Serie A,2024,2024-08-30,FC Internazionale Milano,Atalanta BC,4,0,H
Serie A,2024,2024-08-31,Bologna FC 1909,Empoli FC,1,1,D
Serie A,2024,2024-08-31,US Lecce,Cagliari Calcio,1,0,H
Serie A,2024,2024-08-31,SS Lazio,AC Milan,2,2,D
Serie A,2024,2024-08-31,SSC Napoli,Parma Calcio 1913,2,1,H
Serie A,2024,2024-09-01,ACF Fiorentina,AC Monza,2,2,D
Serie A,2024,2024-09-01,Genoa CFC,Hellas Verona FC,0,2,A
Serie A,2024,2024-09-01,Juventus FC,AS Roma,0,0,D
Serie A,2024,2024-09-01,Udinese Calcio,Como 1907,1,0,H
Serie A,2024,2024-09-14,Como 1907,Bologna FC 1909,2,2,D
Serie A,2024,2024-09-14,Empoli FC,Juventus FC,0,0,D
Serie A,2024,2024-09-14,AC Milan,Venezia FC,4,0,H
Serie A,2024,2024-09-15,Genoa CFC,AS Roma,1,1,D
Serie A,2024,2024-09-15,Atalanta BC,ACF Fiorentina,3,2,H
Serie A,2024,2024-09-15,Torino FC,US Lecce,0,0,D
Serie A,2024,2024-09-15,Cagliari Calcio,SSC Napoli,0,4,A
Serie A,2024,2024-09-15,AC Monza,FC Internazionale Milano,1,1,D
Serie A,2024,2024-09-16,Parma Calcio 1913,Udinese Calcio,2,3,A
Serie A,2024,2024-09-16,SS Lazio,Hellas Verona FC,2,1,H
Serie A,2024,2024-09-20,Cagliari Calcio,Empoli FC,0,2,A
Serie A,2024,2024-09-20,Hellas Verona FC,Torino FC,2,3,A
Serie A,2024,2024-09-21,Venezia FC,Genoa CFC,2,0,H
Serie A,2024,2024-09-21,Juventus FC,SSC Napoli,0,0,D
Serie A,2024,2024-09-21,US Lecce,Parma Calcio 1913,2,2,D
Serie A,2024,2024-09-22,ACF Fiorentina,SS Lazio,2,1,H
Serie A,2024,2024-09-22,AC Monza,Bologna FC 1909,1,2,A
Serie A,2024,2024-09-22,AS Roma,Udinese Calcio,3,0,H
Serie A,2024,2024-09-22,FC Internazionale Milano,AC Milan,1,2,A
Serie A,2024,2024-09-24,Atalanta BC,Como 1907,2,3,A
Serie A,2024,2024-09-27,AC Milan,US Lecce,3,0,H
Serie A,2024,2024-09-28,Udinese Calcio,FC Internazionale Milano,2,3,A
Serie A,2024,2024-09-28,Genoa CFC,Juventus FC,0,3,A
Serie A,2024,2024-09-28,Bologna FC 1909,Atalanta BC,1,1,D
Serie A,2024,2024-09-29,Torino FC,SS Lazio,2,3,A
Serie A,2024,2024-09-29,Como 1907,Hellas Verona FC,3,2,H
Serie A,2024,2024-09-29,AS Roma,Venezia FC,2,1,H
Serie A,2024,2024-09-29,Empoli FC,ACF Fiorentina,0,0,D
Serie A,2024,2024-09-29,SSC Napoli,AC Monza,2,0,H
Serie A,2024,2024-09-30,Parma Calcio 1913,Cagliari Calcio,2,3,A
Serie A,2024,2024-10-04,SSC Napoli,Como 1907,3,1,H
Serie A,2024,2024-10-04,Hellas Verona FC,Venezia FC,2,1,H
Serie A,2024,2024-10-05,Udinese Calcio,US Lecce,1,0,H
Serie A,2024,2024-10-05,Atalanta BC,Genoa CFC,5,1,H
Serie A,2024,2024-10-05,FC Internazionale Milano,Torino FC,3,2,H
Serie A,2024,2024-10-06,Juventus FC,Cagliari Calcio,1,1,D
Serie A,2024,2024-10-06,Bologna FC 1909,Parma Calcio 1913,0,0,D
Serie A,2024,2024-10-06,SS Lazio,Empoli FC,2,1,H
Serie A,2024,2024-10-06,AC Monza,AS Roma,1,1,D
Serie A,2024,2024-10-06,ACF Fiorentina,AC Milan,2,1,H
Serie A,2024,2024-10-19,Como 1907,Parma Calcio 1913,1,1,D
Serie A,2024,2024-10-19,Genoa CFC,Bologna FC 1909,2,2,D
Serie A,2024,2024-10-19,AC Milan,Udinese Calcio,1,0,H
Serie A,2024,2024-10-19,Juventus FC,SS Lazio,1,0,H
Serie A,2024,2024-10-20,Empoli FC,SSC Napoli,0,1,A
Serie A,2024,2024-10-20,US Lecce,ACF Fiorentina,0,6,A
Serie A,2024,2024-10-20,Venezia FC,Atalanta BC,0,2,A
Serie A,2024,2024-10-20,Cagliari Calcio,Torino FC,3,2,H
Serie A,2024,2024-10-20,AS Roma,FC Internazionale Milano,0,1,A
Serie A,2024,2024-10-21,Hellas Verona FC,AC Monza,0,3,A
Serie A,2024,2024-10-25,Udinese Calcio,Cagliari Calcio,2,0,H
Serie A,2024,2024-10-25,Torino FC,Como 1907,1,0,H
Serie A,2024,2024-10-26,SSC Napoli,US Lecce,1,0,H
Serie A,2024,2024-10-26,Atalanta BC,Hellas Verona FC,6,1,H
Serie A,2024,2024-10-27,Parma Calcio 1913,Empoli FC,1,1,D
Serie A,2024,2024-10-27,SS Lazio,Genoa CFC,3,0,H
Serie A,2024,2024-10-27,AC Monza,Venezia FC,2,2,D
Serie A,2024,2024-10-27,FC Internazionale Milano,Juventus FC,4,4,D
Serie A,2024,2024-10-27,ACF Fiorentina,AS Roma,5,1,H
Serie A,2024,2024-10-29,Cagliari Calcio,Bologna FC 1909,0,2,A
Serie A,2024,2024-10-29,US Lecce,Hellas Verona FC,1,0,H
Serie A,2024,2024-10-29,AC Milan,SSC Napoli,0,2,A
Serie A,2024,2024-10-30,Empoli FC,FC Internazionale Milano,0,3,A
Serie A,2024,2024-10-30,Venezia FC,Udinese Calcio,3,2,H
Serie A,2024,2024-10-30,Atalanta BC,AC Monza,2,0,H
Serie A,2024,2024-10-30,Juventus FC,Parma Calcio 1913,2,2,D
Serie A,2024,2024-10-31,Genoa CFC,ACF Fiorentina,0,1,A
Serie A,2024,2024-10-31,Como 1907,SS Lazio,1,5,A
Serie A,2024,2024-10-31,AS Roma,Torino FC,1,0,H
Serie A,2024,2024-11-02,Bologna FC 1909,US Lecce,1,0,H
Serie A,2024,2024-11-02,Udinese Calcio,Juventus FC,0,2,A
Serie A,2024,2024-11-02,AC Monza,AC Milan,0,1,A
Serie A,2024,2024-11-03,SSC Napoli,Atalanta BC,0,3,A
Serie A,2024,2024-11-03,Torino FC,ACF Fiorentina,0,1,A
Serie A,2024,2024-11-03,Hellas Verona FC,AS Roma,3,2,H
Serie A,2024,2024-11-03,FC Internazionale Milano,Venezia FC,1,0,H
Serie A,2024,2024-11-04,Empoli FC,Como 1907,1,0,H
Serie A,2024,2024-11-04,Parma Calcio 1913,Genoa CFC,0,1,A
Serie A,2024,2024-11-04,SS Lazio,Cagliari Calcio,2,1,H
Serie A,2024,2024-11-07,Genoa CFC,Como 1907,1,1,D
Serie A,2024,2024-11-08,US Lecce,Empoli FC,1,1,D
Serie A,2024,2024-11-09,Venezia FC,Parma Calcio 1913,1,2,A
Serie A,2024,2024-11-09,Cagliari Calcio,AC Milan,3,3,D
Serie A,2024,2024-11-09,Juventus FC,Torino FC,2,0,H
Serie A,2024,2024-11-10,Atalanta BC,Udinese Calcio,2,1,H
Serie A,2024,2024-11-10,ACF Fiorentina,Hellas Verona FC,3,1,H
Serie A,2024,2024-11-10,AS Roma,Bologna FC 1909,2,3,A
Serie A,2024,2024-11-10,AC Monza,SS Lazio,0,1,A
Serie A,2024,2024-11-10,FC Internazionale Milano,SSC Napoli,1,1,D
Serie A,2024,2024-11-23,Hellas Verona FC,FC Internazionale Milano,0,5,A
Serie A,2024,2024-11-23,AC Milan,Juventus FC,0,0,D
Serie A,2024,2024-11-23,Parma Calcio 1913,Atalanta BC,1,3,A
Serie A,2024,2024-11-24,Genoa CFC,Cagliari Calcio,2,2,D
Serie A,2024,2024-11-24,Como 1907,ACF Fiorentina,0,2,A
Serie A,2024,2024-11-24,Torino FC,AC Monza,1,1,D
Serie A,2024,2024-11-24,SSC Napoli,AS Roma,1,0,H
Serie A,2024,2024-11-24,SS Lazio,Bologna FC 1909,3,0,H
Serie A,2024,2024-11-25,Empoli FC,Udinese Calcio,1,1,D
Serie A,2024,2024-11-25,Venezia FC,US Lecce,0,1,A
Serie A,2024,2024-11-29,Cagliari Calcio,Hellas Verona FC,1,0,H
Serie A,2024,2024-11-30,Como 1907,AC Monza,1,1,D
Serie A,2024,2024-11-30,AC Milan,Empoli FC,3,0,H
Serie A,2024,2024-11-30,Bologna FC 1909,Venezia FC,3,0,H
Serie A,2024,2024-12-01,Udinese Calcio,Genoa CFC,0,2,A
Serie A,2024,2024-12-01,Parma Calcio 1913,SS Lazio,3,1,H
Serie A,2024,2024-12-01,Torino FC,SSC Napoli,0,1,A
Serie A,2024,2024-12-01,US Lecce,Juventus FC,1,1,D
Serie A,2024,2024-12-02,AS Roma,Atalanta BC,0,2,A
Serie A,2024,2024-12-06,FC Internazionale Milano,Parma Calcio 1913,3,1,H
Serie A,2024,2024-12-06,Atalanta BC,AC Milan,2,1,H
Serie A,2024,2024-12-07,Genoa CFC,Torino FC,0,0,D
Serie A,2024,2024-12-07,Juventus FC,Bologna FC 1909,2,2,D
Serie A,2024,2024-12-07,AS Roma,US Lecce,4,1,H
Serie A,2024,2024-12-08,ACF Fiorentina,Cagliari Calcio,1,0,H
Serie A,2024,2024-12-08,Hellas Verona FC,Empoli FC,1,4,A
Serie A,2024,2024-12-08,Venezia FC,Como 1907,2,2,D
Serie A,2024,2024-12-08,SSC Napoli,SS Lazio,0,1,A
Serie A,2024,2024-12-09,AC Monza,Udinese Calcio,1,2,A
Serie A,2024,2024-12-13,Empoli FC,Torino FC,0,1,A
Serie A,2024,2024-12-14,Cagliari Calcio,Atalanta BC,0,1,A
Serie A,2024,2024-12-14,Udinese Calcio,SSC Napoli,1,3,A
Serie A,2024,2024-12-14,Juventus FC,Venezia FC,2,2,D
Serie A,2024,2024-12-15,US Lecce,AC Monza,2,1,H
Serie A,2024,2024-12-15,Bologna FC 1909,ACF Fiorentina,1,0,H
Serie A,2024,2024-12-15,Parma Calcio 1913,Hellas Verona FC,2,3,A
Serie A,2024,2024-12-15,Como 1907,AS Roma,2,0,H
Serie A,2024,2024-12-15,AC Milan,Genoa CFC,0,0,D
Serie A,2024,2024-12-16,SS Lazio,FC Internazionale Milano,0,6,A
Serie A,2024,2024-12-20,Hellas Verona FC,AC Milan,0,1,A
Serie A,2024,2024-12-21,Torino FC,Bologna FC 1909,0,2,A
Serie A,2024,2024-12-21,Genoa CFC,SSC Napoli,1,2,A
Serie A,2024,2024-12-21,US Lecce,SS Lazio,1,2,A
Serie A,2024,2024-12-22,AS Roma,Parma Calcio 1913,5,0,H
Serie A,2024,2024-12-22,Venezia FC,Cagliari Calcio,2,1,H
Serie A,2024,2024-12-22,Atalanta BC,Empoli FC,3,2,H
Serie A,2024,2024-12-22,AC Monza,Juventus FC,1,2,A
Serie A,2024,2024-12-23,ACF Fiorentina,Udinese Calcio,1,2,A
Serie A,2024,2024-12-23,FC Internazionale Milano,Como 1907,2,0,H
Serie A,2024,2024-12-28,Empoli FC,Genoa CFC,1,2,A
Serie A,2024,2024-12-28,Parma Calcio 1913,AC Monza,2,1,H
Serie A,2024,2024-12-28,Cagliari Calcio,FC Internazionale Milano,0,3,A
Serie A,2024,2024-12-28,SS Lazio,Atalanta BC,1,1,D
Serie A,2024,2024-12-29,Udinese Calcio,Torino FC,2,2,D
Serie A,2024,2024-12-29,SSC Napoli,Venezia FC,1,0,H
Serie A,2024,2024-12-29,Juventus FC,ACF Fiorentina,2,2,D
Serie A,2024,2024-12-29,AC Milan,AS Roma,1,1,D
Serie A,2024,2024-12-30,Como 1907,US Lecce,2,0,H
Serie A,2024,2024-12-30,Bologna FC 1909,Hellas Verona FC,2,3,A
Serie A,2024,2025-01-04,Venezia FC,Empoli FC,1,1,D
Serie A,2024,2025-01-04,ACF Fiorentina,SSC Napoli,0,3,A
Serie A,2024,2025-01-04,Hellas Verona FC,Udinese Calcio,0,0,D
Serie A,2024,2025-01-05,AC Monza,Cagliari Calcio,1,2,A
Serie A,2024,2025-01-05,US Lecce,Genoa CFC,0,0,D
Serie A,2024,2025-01-05,Torino FC,Parma Calcio 1913,0,0,D
Serie A,2024,2025-01-05,AS Roma,SS Lazio,2,0,H
Serie A,2024,2025-01-10,SS Lazio,Como 1907,1,1,D
Serie A,2024,2025-01-11,Empoli FC,US Lecce,1,3,A
Serie A,2024,2025-01-11,Udinese Calcio,Atalanta BC,0,0,D
Serie A,2024,2025-01-11,Torino FC,Juventus FC,1,1,D
Serie A,2024,2025-01-11,AC Milan,Cagliari Calcio,1,1,D
Serie A,2024,2025-01-12,Genoa CFC,Parma Calcio 1913,1,0,H
Serie A,2024,2025-01-12,Venezia FC,FC Internazionale Milano,0,1,A
Serie A,2024,2025-01-12,Bologna FC 1909,AS Roma,2,2,D
Serie A,2024,2025-01-12,SSC Napoli,Hellas Verona FC,2,0,H
Serie A,2024,2025-01-13,AC Monza,ACF Fiorentina,2,1,H
Serie A,2024,2025-01-14,Como 1907,AC Milan,1,2,A
Serie A,2024,2025-01-14,Atalanta BC,Juventus FC,1,1,D
Serie A,2024,2025-01-15,FC Internazionale Milano,Bologna FC 1909,2,2,D
Serie A,2024,2025-01-17,AS Roma,Genoa CFC,3,1,H
Serie A,2024,2025-01-18,Bologna FC 1909,AC Monza,3,1,H
Serie A,2024,2025-01-18,Juventus FC,AC Milan,2,0,H
Serie A,2024,2025-01-18,Atalanta BC,SSC Napoli,2,3,A
Serie A,2024,2025-01-19,ACF Fiorentina,Torino FC,1,1,D
Serie A,2024,2025-01-19,Cagliari Calcio,US Lecce,4,1,H
Serie A,2024,2025-01-19,Parma Calcio 1913,Venezia FC,1,1,D
Serie A,2024,2025-01-19,Hellas Verona FC,SS Lazio,0,3,A
Serie A,2024,2025-01-19,FC Internazionale Milano,Empoli FC,3,1,H
Serie A,2024,2025-01-20,Como 1907,Udinese Calcio,4,1,H
Serie A,2024,2025-01-24,Torino FC,Cagliari Calcio,2,0,H
Serie A,2024,2025-01-25,Como 1907,Atalanta BC,1,2,A
Serie A,2024,2025-01-25,SSC Napoli,Juventus FC,2,1,H
Serie A,2024,2025-01-25,Empoli FC,Bologna FC 1909,1,1,D
Serie A,2024,2025-01-26,AC Milan,Parma Calcio 1913,3,2,H
Serie A,2024,2025-01-26,Udinese Calcio,AS Roma,1,2,A
Serie A,2024,2025-01-26,US Lecce,FC Internazionale Milano,0,4,A
Serie A,2024,2025-01-26,SS Lazio,ACF Fiorentina,1,2,A
Serie A,2024,2025-01-27,Venezia FC,Hellas Verona FC,1,1,D
Serie A,2024,2025-01-27,Genoa CFC,AC Monza,2,0,H
Serie A,2024,2025-01-31,Parma Calcio 1913,US Lecce,1,3,A
Serie A,2024,2025-02-01,AC Monza,Hellas Verona FC,0,1,A
Serie A,2024,2025-02-01,Udinese Calcio,Venezia FC,3,2,H
Serie A,2024,2025-02-01,Atalanta BC,Torino FC,1,1,D
Serie A,2024,2025-02-01,Bologna FC 1909,Como 1907,2,0,H
Serie A,2024,2025-02-02,Juventus FC,Empoli FC,4,1,H
Serie A,2024,2025-02-02,ACF Fiorentina,Genoa CFC,2,1,H
Serie A,2024,2025-02-02,AC Milan,FC Internazionale Milano,1,1,D
Serie A,2024,2025-02-02,AS Roma,SSC Napoli,1,1,D
Serie A,2024,2025-02-03,Cagliari Calcio,SS Lazio,1,2,A
Serie A,2024,2025-02-06,ACF Fiorentina,FC Internazionale Milano,3,0,H
Serie A,2024,2025-02-07,Como 1907,Juventus FC,1,2,A
Serie A,2024,2025-02-08,Hellas Verona FC,Atalanta BC,0,5,A
Serie A,2024,2025-02-08,Empoli FC,AC Milan,0,2,A
Serie A,2024,2025-02-08,Torino FC,Genoa CFC,1,1,D
Serie A,2024,2025-02-09,Venezia FC,AS Roma,0,1,A
Serie A,2024,2025-02-09,Cagliari Calcio,Parma Calcio 1913,2,1,H
Serie A,2024,2025-02-09,SS Lazio,AC Monza,5,1,H
Serie A,2024,2025-02-09,US Lecce,Bologna FC 1909,0,0,D
Serie A,2024,2025-02-09,SSC Napoli,Udinese Calcio,1,1,D
Serie A,2024,2025-02-10,FC Internazionale Milano,ACF Fiorentina,2,1,H
Serie A,2024,2025-02-14,Bologna FC 1909,Torino FC,3,2,H
Serie A,2024,2025-02-15,Atalanta BC,Cagliari Calcio,0,0,D
Serie A,2024,2025-02-15,SS Lazio,SSC Napoli,2,2,D
Serie A,2024,2025-02-15,AC Milan,Hellas Verona FC,1,0,H
Serie A,2024,2025-02-16,ACF Fiorentina,Como 1907,0,2,A
Serie A,2024,2025-02-16,AC Monza,US Lecce,0,0,D
Serie A,2024,2025-02-16,Udinese Calcio,Empoli FC,3,0,H
Serie A,2024,2025-02-16,Parma Calcio 1913,AS Roma,0,1,A
Serie A,2024,2025-02-16,Juventus FC,FC Internazionale Milano,1,0,H
Serie A,2024,2025-02-17,Genoa CFC,Venezia FC,2,0,H
Serie A,2024,2025-02-21,US Lecce,Udinese Calcio,0,1,A
Serie A,2024,2025-02-22,Parma Calcio 1913,Bologna FC 1909,2,0,H
Serie A,2024,2025-02-22,Venezia FC,SS Lazio,0,0,D
Serie A,2024,2025-02-22,Torino FC,AC Milan,2,1,H
Serie A,2024,2025-02-22,FC Internazionale Milano,Genoa CFC,1,0,H
Serie A,2024,2025-02-23,Como 1907,SSC Napoli,2,1,H
Serie A,2024,2025-02-23,Hellas Verona FC,ACF Fiorentina,1,0,H
Serie A,2024,2025-02-23,Empoli FC,Atalanta BC,0,5,A
Serie A,2024,2025-02-23,Cagliari Calcio,Juventus FC,0,1,A
Serie A,2024,2025-02-24,AS Roma,AC Monza,4,0,H
Serie A,2024,2025-02-27,Bologna FC 1909,AC Milan,2,1,H
Serie A,2024,2025-02-28,ACF Fiorentina,US Lecce,1,0,H
Serie A,2024,2025-03-01,Atalanta BC,Venezia FC,0,0,D
Serie A,2024,2025-03-01,SSC Napoli,FC Internazionale Milano,1,1,D
Serie A,2024,2025-03-01,Udinese Calcio,Parma Calcio 1913,1,0,H
Serie A,2024,2025-03-02,AC Monza,Torino FC,0,2,A
Serie A,2024,2025-03-02,Bologna FC 1909,Cagliari Calcio,2,1,H
Serie A,2024,2025-03-02,Genoa CFC,Empoli FC,1,1,D
Serie A,2024,2025-03-02,AS Roma,Como 1907,2,1,H
Serie A,2024,2025-03-02,AC Milan,SS Lazio,1,2,A
Serie A,2024,2025-03-03,Juventus FC,Hellas Verona FC,2,0,H
Serie A,2024,2025-03-07,Cagliari Calcio,Genoa CFC,1,1,D
Serie A,2024,2025-03-08,Como 1907,Venezia FC,1,1,D
Serie A,2024,2025-03-08,Parma Calcio 1913,Torino FC,2,2,D
Serie A,2024,2025-03-08,US Lecce,AC Milan,2,3,A
Serie A,2024,2025-03-08,FC Internazionale Milano,AC Monza,3,2,H
Serie A,2024,2025-03-09,Hellas Verona FC,Bologna FC 1909,1,2,A
Serie A,2024,2025-03-09,SSC Napoli,ACF Fiorentina,2,1,H
Serie A,2024,2025-03-09,Empoli FC,AS Roma,0,1,A
Serie A,2024,2025-03-09,Juventus FC,Atalanta BC,0,4,A
Serie A,2024,2025-03-10,SS Lazio,Udinese Calcio,1,1,D
Serie A,2024,2025-03-14,Genoa CFC,US Lecce,2,1,H
Serie A,2024,2025-03-15,AC Monza,Parma Calcio 1913,1,1,D
Serie A,2024,2025-03-15,Udinese Calcio,Hellas Verona FC,0,1,A
Serie A,2024,2025-03-15,AC Milan,Como 1907,2,1,H
Serie A,2024,2025-03-15,Torino FC,Empoli FC,1,0,H
Serie A,2024,2025-03-16,Venezia FC,SSC Napoli,0,0,D
Serie A,2024,2025-03-16,Bologna FC 1909,SS Lazio,5,0,H
Serie A,2024,2025-03-16,AS Roma,Cagliari Calcio,1,0,H
Serie A,2024,2025-03-16,ACF Fiorentina,Juventus FC,3,0,H
Serie A,2024,2025-03-16,Atalanta BC,FC Internazionale Milano,0,2,A
Serie A,2024,2025-03-29,Como 1907,Empoli FC,1,1,D
Serie A,2024,2025-03-29,Venezia FC,Bologna FC 1909,0,1,A
Serie A,2024,2025-03-29,Juventus FC,Genoa CFC,1,0,H
Serie A,2024,2025-03-29,US Lecce,AS Roma,0,1,A
Serie A,2024,2025-03-30,Cagliari Calcio,AC Monza,3,0,H
Serie A,2024,2025-03-30,ACF Fiorentina,Atalanta BC,1,0,H
Serie A,2024,2025-03-30,FC Internazionale Milano,Udinese Calcio,2,1,H
Serie A,2024,2025-03-30,SSC Napoli,AC Milan,2,1,H
Serie A,2024,2025-03-31,Hellas Verona FC,Parma Calcio 1913,0,0,D
Serie A,2024,2025-03-31,SS Lazio,Torino FC,1,1,D
Serie A,2024,2025-04-04,Genoa CFC,Udinese Calcio,1,0,H
Serie A,2024,2025-04-05,AC Monza,Como 1907,1,3,A
Serie A,2024,2025-04-05,Parma Calcio 1913,FC Internazionale Milano,2,2,D
Serie A,2024,2025-04-05,AC Milan,ACF Fiorentina,2,2,D
Serie A,2024,2025-04-06,US Lecce,Venezia FC,1,1,D
Serie A,2024,2025-04-06,Empoli FC,Cagliari Calcio,0,0,D
Serie A,2024,2025-04-06,Torino FC,Hellas Verona FC,1,1,D
Serie A,2024,2025-04-06,Atalanta BC,SS Lazio,0,1,A
Serie A,2024,2025-04-06,AS Roma,Juventus FC,1,1,D
Serie A,2024,2025-04-07,Bologna FC 1909,SSC Napoli,1,1,D
Serie A,2024,2025-04-11,Udinese Calcio,AC Milan,0,4,A
Serie A,2024,2025-04-12,Venezia FC,AC Monza,1,0,H
Serie A,2024,2025-04-12,FC Internazionale Milano,Cagliari Calcio,3,1,H
Serie A,2024,2025-04-12,Juventus FC,US Lecce,2,1,H
Serie A,2024,2025-04-13,Atalanta BC,Bologna FC 1909,2,0,H
Serie A,2024,2025-04-13,ACF Fiorentina,Parma Calcio 1913,0,0,D
Serie A,2024,2025-04-13,Hellas Verona FC,Genoa CFC,0,0,D
Serie A,2024,2025-04-13,Como 1907,Torino FC,1,0,H
Serie A,2024,2025-04-13,SS Lazio,AS Roma,1,1,D
Serie A,2024,2025-04-14,SSC Napoli,Empoli FC,3,0,H
Serie A,2024,2025-04-19,US Lecce,Como 1907,0,3,A
Serie A,2024,2025-04-19,AC Monza,SSC Napoli,0,1,A
Serie A,2024,2025-04-19,AS Roma,Hellas Verona FC,1,0,H
Serie A,2024,2025-04-20,Empoli FC,Venezia FC,2,2,D
Serie A,2024,2025-04-20,Bologna FC 1909,FC Internazionale Milano,1,0,H
Serie A,2024,2025-04-20,AC Milan,Atalanta BC,0,1,A
Serie A,2024,2025-04-23,Cagliari Calcio,ACF Fiorentina,1,2,A
Serie A,2024,2025-04-23,Genoa CFC,SS Lazio,0,2,A
Serie A,2024,2025-04-23,Parma Calcio 1913,Juventus FC,1,0,H
Serie A,2024,2025-04-23,Torino FC,Udinese Calcio,2,0,H
Serie A,2024,2025-04-27,Como 1907,Genoa CFC,1,0,H
Serie A,2024,2025-04-27,Venezia FC,AC Milan,0,2,A
Serie A,2024,2025-04-27,ACF Fiorentina,Empoli FC,2,1,H
Serie A,2024,2025-04-27,FC Internazionale Milano,AS Roma,0,1,A
Serie A,2024,2025-04-27,Juventus FC,AC Monza,2,0,H
Serie A,2024,2025-04-27,Atalanta BC,US Lecce,1,1,D
Serie A,2024,2025-04-27,SSC Napoli,Torino FC,2,0,H
Serie A,2024,2025-04-28,Udinese Calcio,Bologna FC 1909,0,0,D
Serie A,2024,2025-04-28,Hellas Verona FC,Cagliari Calcio,0,2,A
Serie A,2024,2025-04-28,SS Lazio,Parma Calcio 1913,2,2,D
Serie A,2024,2025-05-02,Torino FC,Venezia FC,1,1,D
Serie A,2024,2025-05-03,Cagliari Calcio,Udinese Calcio,1,2,A
Serie A,2024,2025-05-03,Parma Calcio 1913,Como 1907,0,1,A
Serie A,2024,2025-05-03,US Lecce,SSC Napoli,0,1,A
Serie A,2024,2025-05-03,FC Internazionale Milano,Hellas Verona FC,1,0,H
Serie A,2024,2025-05-04,Empoli FC,SS Lazio,0,1,A
Serie A,2024,2025-05-04,AC Monza,Atalanta BC,0,4,A
Serie A,2024,2025-05-04,AS Roma,ACF Fiorentina,1,0,H
Serie A,2024,2025-05-04,Bologna FC 1909,Juventus FC,1,1,D
Serie A,2024,2025-05-05,Genoa CFC,AC Milan,1,2,A
Serie A,2024,2025-05-09,AC Milan,Bologna FC 1909,3,1,H
Serie A,2024,2025-05-10,Como 1907,Cagliari Calcio,3,1,H
Serie A,2024,2025-05-10,SS Lazio,Juventus FC,1,1,D
Serie A,2024,2025-05-10,Empoli FC,Parma Calcio 1913,2,1,H
Serie A,2024,2025-05-11,Udinese Calcio,AC Monza,1,2,A
Serie A,2024,2025-05-11,Hellas Verona FC,US Lecce,1,1,D
Serie A,2024,2025-05-11,Torino FC,FC Internazionale Milano,0,2,A
Serie A,2024,2025-05-11,SSC Napoli,Genoa CFC,2,2,D
Serie A,2024,2025-05-12,Venezia FC,ACF Fiorentina,2,1,H
Serie A,2024,2025-05-12,Atalanta BC,AS Roma,2,1,H
Serie A,2024,2025-05-17,Genoa CFC,Atalanta BC,2,3,A
Serie A,2024,2025-05-18,Cagliari Calcio,Venezia FC,3,0,H
Serie A,2024,2025-05-18,ACF Fiorentina,Bologna FC 1909,3,2,H
Serie A,2024,2025-05-18,Hellas Verona FC,Como 1907,1,1,D
Serie A,2024,2025-05-18,FC Internazionale Milano,SS Lazio,2,2,D
Serie A,2024,2025-05-18,Juventus FC,Udinese Calcio,2,0,H
Serie A,2024,2025-05-18,US Lecce,Torino FC,1,0,H
Serie A,2024,2025-05-18,AC Monza,Empoli FC,1,3,A
Serie A,2024,2025-05-18,Parma Calcio 1913,SSC Napoli,0,0,D
Serie A,2024,2025-05-18,AS Roma,AC Milan,3,1,H
Serie A,2024,2025-05-23,Como 1907,FC Internazionale Milano,0,2,A
Serie A,2024,2025-05-23,SSC Napoli,Cagliari Calcio,2,0,H
Serie A,2024,2025-05-24,Bologna FC 1909,Genoa CFC,1,3,A
Serie A,2024,2025-05-24,AC Milan,AC Monza,2,0,H
Serie A,2024,2025-05-25,Atalanta BC,Parma Calcio 1913,2,3,A
Serie A,2024,2025-05-25,Empoli FC,Hellas Verona FC,1,2,A
Serie A,2024,2025-05-25,SS Lazio,US Lecce,0,1,A
Serie A,2024,2025-05-25,Torino FC,AS Roma,0,2,A
Serie A,2024,2025-05-25,Udinese Calcio,ACF Fiorentina,2,3,A
Serie A,2024,2025-05-25,Venezia FC,Juventus FC,2,3,A
Serie A,2025,2025-08-23,Genoa CFC,US Lecce,0,0,D
Serie A,2025,2025-08-23,US Sassuolo Calcio,SSC Napoli,0,2,A
Serie A,2025,2025-08-23,AC Milan,US Cremonese,1,2,A
Serie A,2025,2025-08-23,AS Roma,Bologna FC 1909,1,0,H
Serie A,2025,2025-08-24,Cagliari Calcio,ACF Fiorentina,1,1,D
Serie A,2025,2025-08-24,Como 1907,SS Lazio,2,0,H
Serie A,2025,2025-08-24,Atalanta BC,AC Pisa 1909,1,1,D
Serie A,2025,2025-08-24,Juventus FC,Parma Calcio 1913,2,0,H
Serie A,2025,2025-08-25,Udinese Calcio,Hellas Verona FC,1,1,D
Serie A,2025,2025-08-25,FC Internazionale Milano,Torino FC,5,0,H
Serie A,2025,2025-08-29,US Cremonese,US Sassuolo Calcio,3,2,H
Serie A,2025,2025-08-29,US Lecce,AC Milan,0,2,A
Serie A,2025,2025-08-30,Bologna FC 1909,Como 1907,1,0,H
Serie A,2025,2025-08-30,Parma Calcio 1913,Atalanta BC,1,1,D
Serie A,2025,2025-08-30,SSC Napoli,Cagliari Calcio,1,0,H
Serie A,2025,2025-08-30,AC Pisa 1909,AS Roma,0,1,A
Serie A,2025,2025-08-31,Genoa CFC,Juventus FC,0,1,A
Serie A,2025,2025-08-31,Torino FC,ACF Fiorentina,0,0,D
Serie A,2025,2025-08-31,FC Internazionale Milano,Udinese Calcio,1,2,A
Serie A,2025,2025-08-31,SS Lazio,Hellas Verona FC,4,0,H
Serie A,2025,2025-09-13,Cagliari Calcio,Parma Calcio 1913,2,0,H
Serie A,2025,2025-09-13,Juventus FC,FC Internazionale Milano,4,3,H
Serie A,2025,2025-09-13,ACF Fiorentina,SSC Napoli,1,3,A
Serie A,2025,2025-09-14,AS Roma,Torino FC,0,1,A
Serie A,2025,2025-09-14,Atalanta BC,US Lecce,4,1,H
Serie A,2025,2025-09-14,AC Pisa 1909,Udinese Calcio,0,1,A
Serie A,2025,2025-09-14,US Sassuolo Calcio,SS Lazio,1,0,H
Serie A,2025,2025-09-14,AC Milan,Bologna FC 1909,1,0,H
Serie A,2025,2025-09-15,Hellas Verona FC,US Cremonese,0,0,D
Serie A,2025,2025-09-15,Como 1907,Genoa CFC,1,1,D
Serie A,2025,2025-09-19,US Lecce,Cagliari Calcio,1,2,A
Serie A,2025,2025-09-20,Bologna FC 1909,Genoa CFC,2,1,H
Serie A,2025,2025-09-20,Hellas Verona FC,Juventus FC,1,1,D
Serie A,2025,2025-09-20,Udinese Calcio,AC Milan,0,3,A
Serie A,2025,2025-09-21,SS Lazio,AS Roma,0,1,A
Serie A,2025,2025-09-21,Torino FC,Atalanta BC,0,3,A
Serie A,2025,2025-09-21,US Cremonese,Parma Calcio 1913,0,0,D
Serie A,2025,2025-09-21,ACF Fiorentina,Como 1907,1,2,A
Serie A,2025,2025-09-21,FC Internazionale Milano,US Sassuolo Calcio,2,1,H
Serie A,2025,2025-09-22,SSC Napoli,AC Pisa 1909,3,2,H
Serie A,2025,2025-09-27,Como 1907,US Cremonese,1,1,D
Serie A,2025,2025-09-27,Juventus FC,Atalanta BC,1,1,D
Serie A,2025,2025-09-27,Cagliari Calcio,FC Internazionale Milano,0,2,A
Serie A,2025,2025-09-28,US Sassuolo Calcio,Udinese Calcio,3,1,H
Serie A,2025,2025-09-28,AS Roma,Hellas Verona FC,2,0,H
Serie A,2025,2025-09-28,AC Pisa 1909,ACF Fiorentina,0,0,D
Serie A,2025,2025-09-28,US Lecce,Bologna FC 1909,2,2,D
Serie A,2025,2025-09-28,AC Milan,SSC Napoli,2,1,H
Serie A,2025,2025-09-29,Parma Calcio 1913,Torino FC,2,1,H
Serie A,2025,2025-09-29,Genoa CFC,SS Lazio,0,3,A
Serie A,2025,2025-10-03,Hellas Verona FC,US Sassuolo Calcio,0,1,A
Serie A,2025,2025-10-04,SS Lazio,Torino FC,3,3,D
Serie A,2025,2025-10-04,Parma Calcio 1913,US Lecce,0,1,A
Serie A,2025,2025-10-04,FC Internazionale Milano,US Cremonese,4,1,H
Serie A,2025,2025-10-04,Atalanta BC,Como 1907,1,1,D
Serie A,2025,2025-10-05,Udinese Calcio,Cagliari Calcio,1,1,D
Serie A,2025,2025-10-05,ACF Fiorentina,AS Roma,1,2,A
Serie A,2025,2025-10-05,Bologna FC 1909,AC Pisa 1909,4,0,H
Serie A,2025,2025-10-05,SSC Napoli,Genoa CFC,2,1,H
Serie A,2025,2025-10-05,Juventus FC,AC Milan,0,0,D
Serie A,2025,2025-10-18,AC Pisa 1909,Hellas Verona FC,0,0,D
Serie A,2025,2025-10-18,US Lecce,US Sassuolo Calcio,0,0,D
Serie A,2025,2025-10-18,Torino FC,SSC Napoli,1,0,H
Serie A,2025,2025-10-18,AS Roma,FC Internazionale Milano,0,1,A
Serie A,2025,2025-10-19,Como 1907,Juventus FC,2,0,H
Serie A,2025,2025-10-19,Cagliari Calcio,Bologna FC 1909,0,2,A
Serie A,2025,2025-10-19,Genoa CFC,Parma Calcio 1913,0,0,D
Serie A,2025,2025-10-19,Atalanta BC,SS Lazio,0,0,D
Serie A,2025,2025-10-19,AC Milan,ACF Fiorentina,2,1,H
Serie A,2025,2025-10-20,US Cremonese,Udinese Calcio,1,1,D
Serie A,2025,2025-10-24,AC Milan,AC Pisa 1909,2,2,D
Serie A,2025,2025-10-25,Parma Calcio 1913,Como 1907,0,0,D
Serie A,2025,2025-10-25,Udinese Calcio,US Lecce,3,2,H
Serie A,2025,2025-10-25,SSC Napoli,FC Internazionale Milano,3,1,H
Serie A,2025,2025-10-25,US Cremonese,Atalanta BC,1,1,D
Serie A,2025,2025-10-26,Torino FC,Genoa CFC,2,1,H
Serie A,2025,2025-10-26,Hellas Verona FC,Cagliari Calcio,2,2,D
Serie A,2025,2025-10-26,US Sassuolo Calcio,AS Roma,0,1,A
Serie A,2025,2025-10-26,ACF Fiorentina,Bologna FC 1909,2,2,D
Serie A,2025,2025-10-26,SS Lazio,Juventus FC,1,0,H
Serie A,2025,2025-10-28,US Lecce,SSC Napoli,0,1,A
Serie A,2025,2025-10-28,Atalanta BC,AC Milan,1,1,D
Serie A,2025,2025-10-29,AS Roma,Parma Calcio 1913,2,1,H
Serie A,2025,2025-10-29,Como 1907,Hellas Verona FC,3,1,H
Serie A,2025,2025-10-29,Juventus FC,Udinese Calcio,3,1,H
Serie A,2025,2025-10-29,Genoa CFC,US Cremonese,0,2,A
Serie A,2025,2025-10-29,Bologna FC 1909,Torino FC,0,0,D
Serie A,2025,2025-10-29,FC Internazionale Milano,ACF Fiorentina,3,0,H
Serie A,2025,2025-10-30,Cagliari Calcio,US Sassuolo Calcio,1,2,A
Serie A,2025,2025-10-30,AC Pisa 1909,SS Lazio,0,0,D
Serie A,2025,2025-11-01,Udinese Calcio,Atalanta BC,1,0,H
Serie A,2025,2025-11-01,SSC Napoli,Como 1907,0,0,D
Serie A,2025,2025-11-01,US Cremonese,Juventus FC,1,2,A
Serie A,2025,2025-11-02,Hellas Verona FC,FC Internazionale Milano,1,2,A
Serie A,2025,2025-11-02,ACF Fiorentina,US Lecce,0,1,A
Serie A,2025,2025-11-02,Torino FC,AC Pisa 1909,2,2,D
Serie A,2025,2025-11-02,Parma Calcio 1913,Bologna FC 1909,1,3,A
Serie A,2025,2025-11-02,AC Milan,AS Roma,1,0,H
Serie A,2025,2025-11-03,US Sassuolo Calcio,Genoa CFC,1,2,A
Serie A,2025,2025-11-03,SS Lazio,Cagliari Calcio,2,0,H
Serie A,2025,2025-11-07,AC Pisa 1909,US Cremonese,1,0,H
Serie A,2025,2025-11-08,Como 1907,Cagliari Calcio,0,0,D
Serie A,2025,2025-11-08,US Lecce,Hellas Verona FC,0,0,D
Serie A,2025,2025-11-08,Juventus FC,Torino FC,0,0,D
Serie A,2025,2025-11-08,Parma Calcio 1913,AC Milan,2,2,D
Serie A,2025,2025-11-09,Atalanta BC,US Sassuolo Calcio,0,3,A
Serie A,2025,2025-11-09,Genoa CFC,ACF Fiorentina,2,2,D
Serie A,2025,2025-11-09,Bologna FC 1909,SSC Napoli,2,0,H
Serie A,2025,2025-11-09,AS Roma,Udinese Calcio,2,0,H
Serie A,2025,2025-11-09,FC Internazionale Milano,SS Lazio,2,0,H
Serie A,2025,2025-11-22,Cagliari Calcio,Genoa CFC,3,3,D
Serie A,2025,2025-11-22,Udinese Calcio,Bologna FC 1909,0,3,A
Serie A,2025,2025-11-22,ACF Fiorentina,Juventus FC,1,1,D
Serie A,2025,2025-11-22,SSC Napoli,Atalanta BC,3,1,H
Serie A,2025,2025-11-23,Hellas Verona FC,Parma Calcio 1913,1,2,A
Serie A,2025,2025-11-23,US Cremonese,AS Roma,1,3,A
Serie A,2025,2025-11-23,SS Lazio,US Lecce,2,0,H
Serie A,2025,2025-11-23,FC Internazionale Milano,AC Milan,0,1,A
Serie A,2025,2025-11-24,Torino FC,Como 1907,1,5,A
Serie A,2025,2025-11-24,US Sassuolo Calcio,AC Pisa 1909,2,2,D
Serie A,2025,2025-11-28,Como 1907,US Sassuolo Calcio,2,0,H
Serie A,2025,2025-11-29,Genoa CFC,Hellas Verona FC,2,1,H
Serie A,2025,2025-11-29,Parma Calcio 1913,Udinese Calcio,0,2,A
Serie A,2025,2025-11-29,Juventus FC,Cagliari Calcio,2,1,H
Serie A,2025,2025-11-29,AC Milan,SS Lazio,1,0,H
Serie A,2025,2025-11-30,US Lecce,Torino FC,2,1,H
Serie A,2025,2025-11-30,AC Pisa 1909,FC Internazionale Milano,0,2,A
Serie A,2025,2025-11-30,Atalanta BC,ACF Fiorentina,2,0,H
Serie A,2025,2025-11-30,AS Roma,SSC Napoli,0,1,A
Serie A,2025,2025-12-01,Bologna FC 1909,US Cremonese,1,3,A
Serie A,2025,2025-12-06,US Sassuolo Calcio,ACF Fiorentina,3,1,H
Serie A,2025,2025-12-06,FC Internazionale Milano,Como 1907,4,0,H
Serie A,2025,2025-12-06,Hellas Verona FC,Atalanta BC,3,1,H
Serie A,2025,2025-12-07,US Cremonese,US Lecce,2,0,H
Serie A,2025,2025-12-07,Cagliari Calcio,AS Roma,1,0,H
Serie A,2025,2025-12-07,SS Lazio,Bologna FC 1909,1,1,D
Serie A,2025,2025-12-07,SSC Napoli,Juventus FC,2,1,H
Serie A,2025,2025-12-08,AC Pisa 1909,Parma Calcio 1913,0,1,A
Serie A,2025,2025-12-08,Udinese Calcio,Genoa CFC,1,2,A
Serie A,2025,2025-12-08,Torino FC,AC Milan,2,3,A
Serie A,2025,2025-12-12,US Lecce,AC Pisa 1909,1,0,H
Serie A,2025,2025-12-13,Torino FC,US Cremonese,1,0,H
Serie A,2025,2025-12-13,Parma Calcio 1913,SS Lazio,0,1,A
Serie A,2025,2025-12-13,Atalanta BC,Cagliari Calcio,2,1,H
Serie A,2025,2025-12-14,AC Milan,US Sassuolo Calcio,2,2,D
Serie A,2025,2025-12-14,ACF Fiorentina,Hellas Verona FC,1,2,A
Serie A,2025,2025-12-14,Udinese Calcio,SSC Napoli,1,0,H
Serie A,2025,2025-12-14,Genoa CFC,FC Internazionale Milano,1,2,A
Serie A,2025,2025-12-14,Bologna FC 1909,Juventus FC,0,1,A
Serie A,2025,2025-12-15,AS Roma,Como 1907,1,0,H
Serie A,2025,2025-12-20,SS Lazio,US Cremonese,0,0,D
Serie A,2025,2025-12-20,Juventus FC,AS Roma,2,1,H
Serie A,2025,2025-12-21,Cagliari Calcio,AC Pisa 1909,2,2,D
Serie A,2025,2025-12-21,US Sassuolo Calcio,Torino FC,0,1,A
Serie A,2025,2025-12-21,ACF Fiorentina,Udinese Calcio,5,1,H
Serie A,2025,2025-12-21,Genoa CFC,Atalanta BC,0,1,A
Serie A,2025,2025-12-27,Parma Calcio 1913,ACF Fiorentina,1,0,H
Serie A,2025,2025-12-27,Torino FC,Cagliari Calcio,1,2,A
Serie A,2025,2025-12-27,US Lecce,Como 1907,0,3,A
Serie A,2025,2025-12-27,Udinese Calcio,SS Lazio,1,1,D
Serie A,2025,2025-12-27,AC Pisa 1909,Juventus FC,0,2,A
Serie A,2025,2025-12-28,AC Milan,Hellas Verona FC,3,0,H
Serie A,2025,2025-12-28,US Cremonese,SSC Napoli,0,2,A
Serie A,2025,2025-12-28,Bologna FC 1909,US Sassuolo Calcio,1,1,D
Serie A,2025,2025-12-28,Atalanta BC,FC Internazionale Milano,0,1,A
Serie A,2025,2025-12-29,AS Roma,Genoa CFC,3,1,H
Serie A,2025,2026-01-02,Cagliari Calcio,AC Milan,0,1,A
Serie A,2025,2026-01-03,Como 1907,Udinese Calcio,1,0,H
Serie A,2025,2026-01-03,Genoa CFC,AC Pisa 1909,1,1,D
Serie A,2025,2026-01-03,US Sassuolo Calcio,Parma Calcio 1913,1,1,D
Serie A,2025,2026-01-03,Juventus FC,US Lecce,1,1,D
Serie A,2025,2026-01-03,Atalanta BC,AS Roma,1,0,H
Serie A,2025,2026-01-04,SS Lazio,SSC Napoli,0,2,A
Serie A,2025,2026-01-04,ACF Fiorentina,US Cremonese,1,0,H
Serie A,2025,2026-01-04,Hellas Verona FC,Torino FC,0,3,A
Serie A,2025,2026-01-04,FC Internazionale Milano,Bologna FC 1909,3,1,H
Serie A,2025,2026-01-06,AC Pisa 1909,Como 1907,0,3,A
Serie A,2025,2026-01-06,US Lecce,AS Roma,0,2,A
Serie A,2025,2026-01-06,US Sassuolo Calcio,Juventus FC,0,3,A
Serie A,2025,2026-01-07,Bologna FC 1909,Atalanta BC,0,2,A
Serie A,2025,2026-01-07,SSC Napoli,Hellas Verona FC,2,2,D
Serie A,2025,2026-01-07,Torino FC,Udinese Calcio,1,2,A
Serie A,2025,2026-01-07,SS Lazio,ACF Fiorentina,2,2,D
Serie A,2025,2026-01-07,Parma Calcio 1913,FC Internazionale Milano,0,2,A
Serie A,2025,2026-01-08,US Cremonese,Cagliari Calcio,2,2,D
Serie A,2025,2026-01-08,AC Milan,Genoa CFC,1,1,D
Serie A,2025,2026-01-10,Como 1907,Bologna FC 1909,1,1,D
Serie A,2025,2026-01-10,Udinese Calcio,AC Pisa 1909,2,2,D
Serie A,2025,2026-01-10,AS Roma,US Sassuolo Calcio,2,0,H
Serie A,2025,2026-01-10,Atalanta BC,Torino FC,2,0,H
Serie A,2025,2026-01-11,US Lecce,Parma Calcio 1913,1,2,A
Serie A,2025,2026-01-11,ACF Fiorentina,AC Milan,1,1,D
Serie A,2025,2026-01-11,Hellas Verona FC,SS Lazio,0,1,A
Serie A,2025,2026-01-11,FC Internazionale Milano,SSC Napoli,2,2,D
Serie A,2025,2026-01-12,Genoa CFC,Cagliari Calcio,3,0,H
Serie A,2025,2026-01-12,Juventus FC,US Cremonese,5,0,H
Serie A,2025,2026-01-14,SSC Napoli,Parma Calcio 1913,0,0,D
Serie A,2025,2026-01-14,FC Internazionale Milano,US Lecce,1,0,H
Serie A,2025,2026-01-15,Hellas Verona FC,Bologna FC 1909,2,3,A
Serie A,2025,2026-01-15,Como 1907,AC Milan,1,3,A
Serie A,2025,2026-01-16,AC Pisa 1909,Atalanta BC,1,1,D
Serie A,2025,2026-01-17,Udinese Calcio,FC Internazionale Milano,0,1,A
Serie A,2025,2026-01-17,SSC Napoli,US Sassuolo Calcio,1,0,H
Serie A,2025,2026-01-17,Cagliari Calcio,Juventus FC,1,0,H
Serie A,2025,2026-01-18,Parma Calcio 1913,Genoa CFC,0,0,D
Serie A,2025,2026-01-18,Bologna FC 1909,ACF Fiorentina,1,2,A
Serie A,2025,2026-01-18,Torino FC,AS Roma,0,2,A
Serie A,2025,2026-01-18,AC Milan,US Lecce,1,0,H
Serie A,2025,2026-01-19,US Cremonese,Hellas Verona FC,0,0,D
Serie A,2025,2026-01-19,SS Lazio,Como 1907,0,3,A
Serie A,2025,2026-01-23,FC Internazionale Milano,AC Pisa 1909,6,2,H
Serie A,2025,2026-01-24,Como 1907,Torino FC,6,0,H
Serie A,2025,2026-01-24,ACF Fiorentina,Cagliari Calcio,1,2,A
Serie A,2025,2026-01-24,US Lecce,SS Lazio,0,0,D
Serie A,2025,2026-01-25,US Sassuolo Calcio,US Cremonese,1,0,H
Serie A,2025,2026-01-25,Atalanta BC,Parma Calcio 1913,4,0,H
Serie A,2025,2026-01-25,Genoa CFC,Bologna FC 1909,3,2,H
Serie A,2025,2026-01-25,Juventus FC,SSC Napoli,3,0,H
Serie A,2025,2026-01-25,AS Roma,AC Milan,1,1,D
Serie A,2025,2026-01-26,Hellas Verona FC,Udinese Calcio,1,3,A
Serie A,2025,2026-01-30,SS Lazio,Genoa CFC,3,2,H
Serie A,2025,2026-01-31,AC Pisa 1909,US Sassuolo Calcio,1,3,A
Serie A,2025,2026-01-31,SSC Napoli,ACF Fiorentina,2,1,H
Serie A,2025,2026-01-31,Cagliari Calcio,Hellas Verona FC,4,0,H
Serie A,2025,2026-02-01,Torino FC,US Lecce,1,0,H
Serie A,2025,2026-02-01,Como 1907,Atalanta BC,0,0,D
Serie A,2025,2026-02-01,US Cremonese,FC Internazionale Milano,0,2,A
Serie A,2025,2026-02-01,Parma Calcio 1913,Juventus FC,1,4,A
Serie A,2025,2026-02-02,Udinese Calcio,AS Roma,1,0,H
Serie A,2025,2026-02-03,Bologna FC 1909,AC Milan,0,3,A
Serie A,2025,2026-02-06,Hellas Verona FC,AC Pisa 1909,0,0,D
Serie A,2025,2026-02-07,Genoa CFC,SSC Napoli,2,3,A
Serie A,2025,2026-02-07,ACF Fiorentina,Torino FC,2,2,D
Serie A,2025,2026-02-08,Bologna FC 1909,Parma Calcio 1913,0,1,A
Serie A,2025,2026-02-08,US Lecce,Udinese Calcio,2,1,H
Serie A,2025,2026-02-08,US Sassuolo Calcio,FC Internazionale Milano,0,5,A
Serie A,2025,2026-02-08,Juventus FC,SS Lazio,2,2,D
Serie A,2025,2026-02-09,Atalanta BC,US Cremonese,2,1,H
Serie A,2025,2026-02-09,AS Roma,Cagliari Calcio,2,0,H
Serie A,2025,2026-02-13,AC Pisa 1909,AC Milan,1,2,A
Serie A,2025,2026-02-14,Como 1907,ACF Fiorentina,1,2,A
Serie A,2025,2026-02-14,SS Lazio,Atalanta BC,0,2,A
Serie A,2025,2026-02-14,FC Internazionale Milano,Juventus FC,3,2,H
Serie A,2025,2026-02-15,Udinese Calcio,US Sassuolo Calcio,1,2,A
Serie A,2025,2026-02-15,Parma Calcio 1913,Hellas Verona FC,2,1,H
Serie A,2025,2026-02-15,US Cremonese,Genoa CFC,0,0,D
Serie A,2025,2026-02-15,Torino FC,Bologna FC 1909,1,2,A
Serie A,2025,2026-02-15,SSC Napoli,AS Roma,2,2,D
Serie A,2025,2026-02-16,Cagliari Calcio,US Lecce,0,2,A
Serie A,2025,2026-02-18,AC Milan,Como 1907,1,1,D
Serie A,2025,2026-02-20,US Sassuolo Calcio,Hellas Verona FC,3,0,H
Serie A,2025,2026-02-21,Juventus FC,Como 1907,0,2,A
Serie A,2025,2026-02-21,US Lecce,FC Internazionale Milano,0,2,A
Serie A,2025,2026-02-21,Cagliari Calcio,SS Lazio,0,0,D
Serie A,2025,2026-02-22,Genoa CFC,Torino FC,3,0,H
Serie A,2025,2026-02-22,Atalanta BC,SSC Napoli,2,1,H
Serie A,2025,2026-02-22,AC Milan,Parma Calcio 1913,0,1,A
Serie A,2025,2026-02-22,AS Roma,US Cremonese,3,0,H
Serie A,2025,2026-02-23,ACF Fiorentina,AC Pisa 1909,1,0,H
Serie A,2025,2026-02-23,Bologna FC 1909,Udinese Calcio,1,0,H
Serie A,2025,2026-02-27,Parma Calcio 1913,Cagliari Calcio,1,1,D
Serie A,2025,2026-02-28,Como 1907,US Lecce,3,1,H
Serie A,2025,2026-02-28,Hellas Verona FC,SSC Napoli,1,2,A
Serie A,2025,2026-02-28,FC Internazionale Milano,Genoa CFC,2,0,H
Serie A,2025,2026-03-01,US Cremonese,AC Milan,0,2,A
Serie A,2025,2026-03-01,US Sassuolo Calcio,Atalanta BC,2,1,H
Serie A,2025,2026-03-01,Torino FC,SS Lazio,2,0,H
Serie A,2025,2026-03-01,AS Roma,Juventus FC,3,3,D
Serie A,2025,2026-03-02,AC Pisa 1909,Bologna FC 1909,0,1,A
Serie A,2025,2026-03-02,Udinese Calcio,ACF Fiorentina,3,0,H
Serie A,2025,2026-03-06,SSC Napoli,Torino FC,2,1,H
Serie A,2025,2026-03-07,Cagliari Calcio,Como 1907,1,2,A
Serie A,2025,2026-03-07,Atalanta BC,Udinese Calcio,2,2,D
Serie A,2025,2026-03-07,Juventus FC,AC Pisa 1909,4,0,H
Serie A,2025,2026-03-08,US Lecce,US Cremonese,2,1,H
Serie A,2025,2026-03-08,Bologna FC 1909,Hellas Verona FC,1,2,A
Serie A,2025,2026-03-08,ACF Fiorentina,Parma Calcio 1913,0,0,D
Serie A,2025,2026-03-08,Genoa CFC,AS Roma,2,1,H
Serie A,2025,2026-03-08,AC Milan,FC Internazionale Milano,1,0,H
Serie A,2025,2026-03-09,SS Lazio,US Sassuolo Calcio,2,1,H
Serie A,2025,2026-03-13,Torino FC,Parma Calcio 1913,4,1,H
Serie A,2025,2026-03-14,FC Internazionale Milano,Atalanta BC,1,1,D
Serie A,2025,2026-03-14,SSC Napoli,US Lecce,2,1,H
Serie A,2025,2026-03-14,Udinese Calcio,Juventus FC,0,1,A
Serie A,2025,2026-03-15,Hellas Verona FC,Genoa CFC,0,2,A
Serie A,2025,2026-03-15,AC Pisa 1909,Cagliari Calcio,3,1,H
Serie A,2025,2026-03-15,US Sassuolo Calcio,Bologna FC 1909,0,1,A
Serie A,2025,2026-03-15,Como 1907,AS Roma,2,1,H
Serie A,2025,2026-03-15,SS Lazio,AC Milan,1,0,H
Serie A,2025,2026-03-16,US Cremonese,ACF Fiorentina,1,4,A
Serie A,2025,2026-03-20,Cagliari Calcio,SSC Napoli,0,1,A
Serie A,2025,2026-03-20,Genoa CFC,Udinese Calcio,0,2,A
Serie A,2025,2026-03-21,Parma Calcio 1913,US Cremonese,0,2,A
Serie A,2025,2026-03-21,AC Milan,Torino FC,3,2,H
Serie A,2025,2026-03-21,Juventus FC,US Sassuolo Calcio,1,1,D
Serie A,2025,2026-03-22,Como 1907,AC Pisa 1909,5,0,H
Serie A,2025,2026-03-22,Atalanta BC,Hellas Verona FC,1,0,H
Serie A,2025,2026-03-22,Bologna FC 1909,SS Lazio,0,2,A
Serie A,2025,2026-03-22,AS Roma,US Lecce,1,0,H
Serie A,2025,2026-03-22,ACF Fiorentina,FC Internazionale Milano,1,1,D
Serie A,2025,2026-04-04,US Sassuolo Calcio,Cagliari Calcio,2,1,H
Serie A,2025,2026-04-04,Hellas Verona FC,ACF Fiorentina,0,1,A
Serie A,2025,2026-04-04,SS Lazio,Parma Calcio 1913,1,1,D
Serie A,2025,2026-04-05,US Cremonese,Bologna FC 1909,1,2,A
Serie A,2025,2026-04-05,AC Pisa 1909,Torino FC,0,1,A
Serie A,2025,2026-04-05,FC Internazionale Milano,AS Roma,5,2,H
Serie A,2025,2026-04-06,Udinese Calcio,Como 1907,0,0,D
Serie A,2025,2026-04-06,US Lecce,Atalanta BC,0,3,A
Serie A,2025,2026-04-06,Juventus FC,Genoa CFC,2,0,H
Serie A,2025,2026-04-06,SSC Napoli,AC Milan,1,0,H
Serie A,2025,2026-04-10,AS Roma,AC Pisa 1909,3,0,H
Serie A,2025,2026-04-11,Cagliari Calcio,US Cremonese,1,0,H
Serie A,2025,2026-04-11,Torino FC,Hellas Verona FC,2,1,H
Serie A,2025,2026-04-11,AC Milan,Udinese Calcio,0,3,A
Serie A,2025,2026-04-11,Atalanta BC,Juventus FC,0,1,A
Serie A,2025,2026-04-12,Genoa CFC,US Sassuolo Calcio,2,1,H
Serie A,2025,2026-04-12,Parma Calcio 1913,SSC Napoli,1,1,D
Serie A,2025,2026-04-12,Bologna FC 1909,US Lecce,2,0,H
Serie A,2025,2026-04-12,Como 1907,FC Internazionale Milano,3,4,A
Serie A,2025,2026-04-13,ACF Fiorentina,SS Lazio,1,0,H
Serie A,2025,2026-04-17,US Sassuolo Calcio,Como 1907,2,1,H
Serie A,2025,2026-04-17,FC Internazionale Milano,Cagliari Calcio,3,0,H
Serie A,2025,2026-04-18,Udinese Calcio,Parma Calcio 1913,0,1,A
Serie A,2025,2026-04-18,SSC Napoli,SS Lazio,0,2,A
Serie A,2025,2026-04-18,AS Roma,Atalanta BC,1,1,D
Serie A,2025,2026-04-19,US Cremonese,Torino FC,0,0,D
Serie A,2025,2026-04-19,Hellas Verona FC,AC Milan,0,1,A
Serie A,2025,2026-04-19,AC Pisa 1909,Genoa CFC,1,2,A
Serie A,2025,2026-04-19,Juventus FC,Bologna FC 1909,2,0,H
Serie A,2025,2026-04-20,US Lecce,ACF Fiorentina,1,1,D
Bundesliga,2023,2023-08-18,SV Werder Bremen,FC Bayern München,0,4,A
Bundesliga,2023,2023-08-19,Bayer 04 Leverkusen,RB Leipzig,3,2,H
Bundesliga,2023,2023-08-19,VfL Wolfsburg,1. FC Heidenheim 1846,2,0,H
Bundesliga,2023,2023-08-19,TSG 1899 Hoffenheim,SC Freiburg,1,2,A
Bundesliga,2023,2023-08-19,FC Augsburg,Borussia Mönchengladbach,4,4,D
Bundesliga,2023,2023-08-19,VfB Stuttgart,VfL Bochum 1848,5,0,H
Bundesliga,2023,2023-08-19,Borussia Dortmund,1. FC Köln,1,0,H
Bundesliga,2023,2023-08-20,1. FC Union Berlin,1. FSV Mainz 05,4,1,H
Bundesliga,2023,2023-08-20,Eintracht Frankfurt,SV Darmstadt 98,1,0,H
Bundesliga,2023,2023-08-25,RB Leipzig,VfB Stuttgart,5,1,H
Bundesliga,2023,2023-08-26,SC Freiburg,SV Werder Bremen,1,0,H
Bundesliga,2023,2023-08-26,1. FC Köln,VfL Wolfsburg,1,2,A
Bundesliga,2023,2023-08-26,VfL Bochum 1848,Borussia Dortmund,1,1,D
Bundesliga,2023,2023-08-26,1. FC Heidenheim 1846,TSG 1899 Hoffenheim,2,3,A
Bundesliga,2023,2023-08-26,SV Darmstadt 98,1. FC Union Berlin,1,4,A
Bundesliga,2023,2023-08-26,Borussia Mönchengladbach,Bayer 04 Leverkusen,0,3,A
Bundesliga,2023,2023-08-27,1. FSV Mainz 05,Eintracht Frankfurt,1,1,D
Bundesliga,2023,2023-08-27,FC Bayern München,FC Augsburg,3,1,H
Bundesliga,2023,2023-09-01,Borussia Dortmund,1. FC Heidenheim 1846,2,2,D
Bundesliga,2023,2023-09-02,Bayer 04 Leverkusen,SV Darmstadt 98,5,1,H
Bundesliga,2023,2023-09-02,TSG 1899 Hoffenheim,VfL Wolfsburg,3,1,H
Bundesliga,2023,2023-09-02,SV Werder Bremen,1. FSV Mainz 05,4,0,H
Bundesliga,2023,2023-09-02,FC Augsburg,VfL Bochum 1848,2,2,D
Bundesliga,2023,2023-09-02,VfB Stuttgart,SC Freiburg,5,0,H
Bundesliga,2023,2023-09-02,Borussia Mönchengladbach,FC Bayern München,1,2,A
Bundesliga,2023,2023-09-03,Eintracht Frankfurt,1. FC Köln,1,1,D
Bundesliga,2023,2023-09-03,1. FC Union Berlin,RB Leipzig,0,3,A
Bundesliga,2023,2023-09-15,FC Bayern München,Bayer 04 Leverkusen,2,2,D
Bundesliga,2023,2023-09-16,RB Leipzig,FC Augsburg,3,0,H
Bundesliga,2023,2023-09-16,SC Freiburg,Borussia Dortmund,2,4,A
Bundesliga,2023,2023-09-16,VfL Wolfsburg,1. FC Union Berlin,2,1,H
Bundesliga,2023,2023-09-16,1. FSV Mainz 05,VfB Stuttgart,1,3,A
Bundesliga,2023,2023-09-16,1. FC Köln,TSG 1899 Hoffenheim,1,3,A
Bundesliga,2023,2023-09-16,VfL Bochum 1848,Eintracht Frankfurt,1,1,D
Bundesliga,2023,2023-09-17,1. FC Heidenheim 1846,SV Werder Bremen,4,2,H
Bundesliga,2023,2023-09-17,SV Darmstadt 98,Borussia Mönchengladbach,3,3,D
Bundesliga,2023,2023-09-22,VfB Stuttgart,SV Darmstadt 98,3,1,H
Bundesliga,2023,2023-09-23,FC Bayern München,VfL Bochum 1848,7,0,H
Bundesliga,2023,2023-09-23,Borussia Dortmund,VfL Wolfsburg,1,0,H
Bundesliga,2023,2023-09-23,1. FC Union Berlin,TSG 1899 Hoffenheim,0,2,A
Bundesliga,2023,2023-09-23,Borussia Mönchengladbach,RB Leipzig,0,1,A
Bundesliga,2023,2023-09-23,FC Augsburg,1. FSV Mainz 05,2,1,H
Bundesliga,2023,2023-09-23,SV Werder Bremen,1. FC Köln,2,1,H
Bundesliga,2023,2023-09-24,Bayer 04 Leverkusen,1. FC Heidenheim 1846,4,1,H
Bundesliga,2023,2023-09-24,Eintracht Frankfurt,SC Freiburg,0,0,D
Bundesliga,2023,2023-09-29,TSG 1899 Hoffenheim,Borussia Dortmund,1,3,A
Bundesliga,2023,2023-09-30,VfL Wolfsburg,Eintracht Frankfurt,2,0,H
Bundesliga,2023,2023-09-30,1. FSV Mainz 05,Bayer 04 Leverkusen,0,3,A
Bundesliga,2023,2023-09-30,1. FC Köln,VfB Stuttgart,0,2,A
Bundesliga,2023,2023-09-30,VfL Bochum 1848,Borussia Mönchengladbach,1,3,A
Bundesliga,2023,2023-09-30,1. FC Heidenheim 1846,1. FC Union Berlin,1,0,H
Bundesliga,2023,2023-09-30,RB Leipzig,FC Bayern München,2,2,D
Bundesliga,2023,2023-10-01,SV Darmstadt 98,SV Werder Bremen,4,2,H
Bundesliga,2023,2023-10-01,SC Freiburg,FC Augsburg,2,0,H
Bundesliga,2023,2023-10-06,Borussia Mönchengladbach,1. FSV Mainz 05,2,2,D
Bundesliga,2023,2023-10-07,Borussia Dortmund,1. FC Union Berlin,4,2,H
Bundesliga,2023,2023-10-07,RB Leipzig,VfL Bochum 1848,0,0,D
Bundesliga,2023,2023-10-07,FC Augsburg,SV Darmstadt 98,1,2,A
Bundesliga,2023,2023-10-07,VfB Stuttgart,VfL Wolfsburg,3,1,H
Bundesliga,2023,2023-10-07,SV Werder Bremen,TSG 1899 Hoffenheim,2,3,A
Bundesliga,2023,2023-10-08,Bayer 04 Leverkusen,1. FC Köln,3,0,H
Bundesliga,2023,2023-10-08,FC Bayern München,SC Freiburg,3,0,H
Bundesliga,2023,2023-10-08,Eintracht Frankfurt,1. FC Heidenheim 1846,2,0,H
Bundesliga,2023,2023-10-20,Borussia Dortmund,SV Werder Bremen,1,0,H
Bundesliga,2023,2023-10-21,TSG 1899 Hoffenheim,Eintracht Frankfurt,1,3,A
Bundesliga,2023,2023-10-21,SV Darmstadt 98,RB Leipzig,1,3,A
Bundesliga,2023,2023-10-21,1. FC Union Berlin,VfB Stuttgart,0,3,A
Bundesliga,2023,2023-10-21,SC Freiburg,VfL Bochum 1848,2,1,H
Bundesliga,2023,2023-10-21,VfL Wolfsburg,Bayer 04 Leverkusen,1,2,A
Bundesliga,2023,2023-10-21,1. FSV Mainz 05,FC Bayern München,1,3,A
Bundesliga,2023,2023-10-22,1. FC Köln,Borussia Mönchengladbach,3,1,H
Bundesliga,2023,2023-10-22,1. FC Heidenheim 1846,FC Augsburg,2,5,A
Bundesliga,2023,2023-10-27,VfL Bochum 1848,1. FSV Mainz 05,2,2,D
Bundesliga,2023,2023-10-28,FC Bayern München,SV Darmstadt 98,8,0,H
Bundesliga,2023,2023-10-28,Borussia Mönchengladbach,1. FC Heidenheim 1846,2,1,H
Bundesliga,2023,2023-10-28,SV Werder Bremen,1. FC Union Berlin,2,0,H
Bundesliga,2023,2023-10-28,FC Augsburg,VfL Wolfsburg,3,2,H
Bundesliga,2023,2023-10-28,VfB Stuttgart,TSG 1899 Hoffenheim,2,3,A
Bundesliga,2023,2023-10-28,RB Leipzig,1. FC Köln,6,0,H
Bundesliga,2023,2023-10-29,Eintracht Frankfurt,Borussia Dortmund,3,3,D
Bundesliga,2023,2023-10-29,Bayer 04 Leverkusen,SC Freiburg,2,1,H
Bundesliga,2023,2023-11-03,SV Darmstadt 98,VfL Bochum 1848,1,2,A
Bundesliga,2023,2023-11-04,1. FC Union Berlin,Eintracht Frankfurt,0,3,A
Bundesliga,2023,2023-11-04,SC Freiburg,Borussia Mönchengladbach,3,3,D
Bundesliga,2023,2023-11-04,1. FSV Mainz 05,RB Leipzig,2,0,H
Bundesliga,2023,2023-11-04,1. FC Köln,FC Augsburg,1,1,D
Bundesliga,2023,2023-11-04,TSG 1899 Hoffenheim,Bayer 04 Leverkusen,2,3,A
Bundesliga,2023,2023-11-04,Borussia Dortmund,FC Bayern München,0,4,A
Bundesliga,2023,2023-11-05,VfL Wolfsburg,SV Werder Bremen,2,2,D
Bundesliga,2023,2023-11-05,1. FC Heidenheim 1846,VfB Stuttgart,2,0,H
Bundesliga,2023,2023-11-10,Borussia Mönchengladbach,VfL Wolfsburg,4,0,H
Bundesliga,2023,2023-11-11,FC Bayern München,1. FC Heidenheim 1846,4,2,H
Bundesliga,2023,2023-11-11,FC Augsburg,TSG 1899 Hoffenheim,1,1,D
Bundesliga,2023,2023-11-11,VfB Stuttgart,Borussia Dortmund,2,1,H
Bundesliga,2023,2023-11-11,SV Darmstadt 98,1. FSV Mainz 05,0,0,D
Bundesliga,2023,2023-11-11,VfL Bochum 1848,1. FC Köln,1,1,D
Bundesliga,2023,2023-11-12,Bayer 04 Leverkusen,1. FC Union Berlin,4,0,H
Bundesliga,2023,2023-11-12,SV Werder Bremen,Eintracht Frankfurt,2,2,D
Bundesliga,2023,2023-11-12,RB Leipzig,SC Freiburg,3,1,H
Bundesliga,2023,2023-11-24,1. FC Köln,FC Bayern München,0,1,A
Bundesliga,2023,2023-11-25,Borussia Dortmund,Borussia Mönchengladbach,4,2,H
Bundesliga,2023,2023-11-25,1. FC Union Berlin,FC Augsburg,1,1,D
Bundesliga,2023,2023-11-25,SC Freiburg,SV Darmstadt 98,1,1,D
Bundesliga,2023,2023-11-25,VfL Wolfsburg,RB Leipzig,2,1,H
Bundesliga,2023,2023-11-25,SV Werder Bremen,Bayer 04 Leverkusen,0,3,A
Bundesliga,2023,2023-11-25,Eintracht Frankfurt,VfB Stuttgart,1,2,A
Bundesliga,2023,2023-11-26,1. FC Heidenheim 1846,VfL Bochum 1848,0,0,D
Bundesliga,2023,2023-11-26,TSG 1899 Hoffenheim,1. FSV Mainz 05,1,1,D
Bundesliga,2023,2023-12-01,SV Darmstadt 98,1. FC Köln,0,1,A
Bundesliga,2023,2023-12-02,RB Leipzig,1. FC Heidenheim 1846,2,1,H
Bundesliga,2023,2023-12-02,Borussia Mönchengladbach,TSG 1899 Hoffenheim,2,1,H
Bundesliga,2023,2023-12-02,VfL Bochum 1848,VfL Wolfsburg,3,1,H
Bundesliga,2023,2023-12-02,VfB Stuttgart,SV Werder Bremen,2,0,H
Bundesliga,2023,2023-12-03,1. FSV Mainz 05,SC Freiburg,0,1,A
Bundesliga,2023,2023-12-03,Bayer 04 Leverkusen,Borussia Dortmund,1,1,D
Bundesliga,2023,2023-12-03,FC Augsburg,Eintracht Frankfurt,2,1,H
Bundesliga,2023,2023-12-08,TSG 1899 Hoffenheim,VfL Bochum 1848,3,1,H
Bundesliga,2023,2023-12-09,1. FC Union Berlin,Borussia Mönchengladbach,3,1,H
Bundesliga,2023,2023-12-09,Eintracht Frankfurt,FC Bayern München,5,1,H
Bundesliga,2023,2023-12-09,VfL Wolfsburg,SC Freiburg,0,1,A
Bundesliga,2023,2023-12-09,SV Werder Bremen,FC Augsburg,2,0,H
Bundesliga,2023,2023-12-09,1. FC Heidenheim 1846,SV Darmstadt 98,3,2,H
Bundesliga,2023,2023-12-09,Borussia Dortmund,RB Leipzig,2,3,A
Bundesliga,2023,2023-12-10,VfB Stuttgart,Bayer 04 Leverkusen,1,1,D
Bundesliga,2023,2023-12-10,1. FC Köln,1. FSV Mainz 05,0,0,D
Bundesliga,2023,2023-12-15,Borussia Mönchengladbach,SV Werder Bremen,2,2,D
Bundesliga,2023,2023-12-16,1. FSV Mainz 05,1. FC Heidenheim 1846,0,1,A
Bundesliga,2023,2023-12-16,VfL Bochum 1848,1. FC Union Berlin,3,0,H
Bundesliga,2023,2023-12-16,FC Augsburg,Borussia Dortmund,1,1,D
Bundesliga,2023,2023-12-16,SV Darmstadt 98,VfL Wolfsburg,0,1,A
Bundesliga,2023,2023-12-16,RB Leipzig,TSG 1899 Hoffenheim,3,1,H
Bundesliga,2023,2023-12-17,SC Freiburg,1. FC Köln,2,0,H
Bundesliga,2023,2023-12-17,Bayer 04 Leverkusen,Eintracht Frankfurt,3,0,H
Bundesliga,2023,2023-12-17,FC Bayern München,VfB Stuttgart,3,0,H
Bundesliga,2023,2023-12-19,SV Werder Bremen,RB Leipzig,1,1,D
Bundesliga,2023,2023-12-19,Borussia Dortmund,1. FSV Mainz 05,1,1,D
Bundesliga,2023,2023-12-19,TSG 1899 Hoffenheim,SV Darmstadt 98,3,3,D
Bundesliga,2023,2023-12-20,1. FC Union Berlin,1. FC Köln,2,0,H
Bundesliga,2023,2023-12-20,Bayer 04 Leverkusen,VfL Bochum 1848,4,0,H
Bundesliga,2023,2023-12-20,Eintracht Frankfurt,Borussia Mönchengladbach,2,1,H
Bundesliga,2023,2023-12-20,VfL Wolfsburg,FC Bayern München,1,2,A
Bundesliga,2023,2023-12-20,VfB Stuttgart,FC Augsburg,3,0,H
Bundesliga,2023,2023-12-20,1. FC Heidenheim 1846,SC Freiburg,3,2,H
Bundesliga,2023,2024-01-12,FC Bayern München,TSG 1899 Hoffenheim,3,0,H
Bundesliga,2023,2024-01-13,RB Leipzig,Eintracht Frankfurt,0,1,A
Bundesliga,2023,2024-01-13,SC Freiburg,1. FC Union Berlin,0,0,D
Bundesliga,2023,2024-01-13,1. FSV Mainz 05,VfL Wolfsburg,1,1,D
Bundesliga,2023,2024-01-13,1. FC Köln,1. FC Heidenheim 1846,1,1,D
Bundesliga,2023,2024-01-13,FC Augsburg,Bayer 04 Leverkusen,0,1,A
Bundesliga,2023,2024-01-13,SV Darmstadt 98,Borussia Dortmund,0,3,A
Bundesliga,2023,2024-01-14,VfL Bochum 1848,SV Werder Bremen,1,1,D
Bundesliga,2023,2024-01-14,Borussia Mönchengladbach,VfB Stuttgart,3,1,H
Bundesliga,2023,2024-01-20,1. FC Köln,Borussia Dortmund,0,4,A
Bundesliga,2023,2024-01-20,SV Darmstadt 98,Eintracht Frankfurt,2,2,D
Bundesliga,2023,2024-01-20,1. FC Heidenheim 1846,VfL Wolfsburg,1,1,D
Bundesliga,2023,2024-01-20,SC Freiburg,TSG 1899 Hoffenheim,3,2,H
Bundesliga,2023,2024-01-20,VfL Bochum 1848,VfB Stuttgart,1,0,H
Bundesliga,2023,2024-01-20,RB Leipzig,Bayer 04 Leverkusen,2,3,A
Bundesliga,2023,2024-01-21,FC Bayern München,SV Werder Bremen,0,1,A
Bundesliga,2023,2024-01-21,Borussia Mönchengladbach,FC Augsburg,1,2,A
Bundesliga,2023,2024-01-24,FC Bayern München,1. FC Union Berlin,1,0,H
Bundesliga,2023,2024-01-26,Eintracht Frankfurt,1. FSV Mainz 05,1,0,H
Bundesliga,2023,2024-01-27,FC Augsburg,FC Bayern München,2,3,A
Bundesliga,2023,2024-01-27,VfB Stuttgart,RB Leipzig,5,2,H
Bundesliga,2023,2024-01-27,SV Werder Bremen,SC Freiburg,3,1,H
Bundesliga,2023,2024-01-27,VfL Wolfsburg,1. FC Köln,1,1,D
Bundesliga,2023,2024-01-27,TSG 1899 Hoffenheim,1. FC Heidenheim 1846,1,1,D
Bundesliga,2023,2024-01-27,Bayer 04 Leverkusen,Borussia Mönchengladbach,0,0,D
Bundesliga,2023,2024-01-28,1. FC Union Berlin,SV Darmstadt 98,1,0,H
Bundesliga,2023,2024-01-28,Borussia Dortmund,VfL Bochum 1848,3,1,H
Bundesliga,2023,2024-02-02,1. FC Heidenheim 1846,Borussia Dortmund,0,0,D
Bundesliga,2023,2024-02-03,SV Darmstadt 98,Bayer 04 Leverkusen,0,2,A
Bundesliga,2023,2024-02-03,FC Bayern München,Borussia Mönchengladbach,3,1,H
Bundesliga,2023,2024-02-03,1. FSV Mainz 05,SV Werder Bremen,0,1,A
Bundesliga,2023,2024-02-03,VfL Bochum 1848,FC Augsburg,1,1,D
Bundesliga,2023,2024-02-03,SC Freiburg,VfB Stuttgart,1,3,A
Bundesliga,2023,2024-02-03,1. FC Köln,Eintracht Frankfurt,2,0,H
Bundesliga,2023,2024-02-04,VfL Wolfsburg,TSG 1899 Hoffenheim,2,2,D
Bundesliga,2023,2024-02-04,RB Leipzig,1. FC Union Berlin,2,0,H
Bundesliga,2023,2024-02-07,1. FSV Mainz 05,1. FC Union Berlin,1,1,D
Bundesliga,2023,2024-02-09,Borussia Dortmund,SC Freiburg,3,0,H
Bundesliga,2023,2024-02-10,FC Augsburg,RB Leipzig,2,2,D
Bundesliga,2023,2024-02-10,1. FC Union Berlin,VfL Wolfsburg,1,0,H
Bundesliga,2023,2024-02-10,Eintracht Frankfurt,VfL Bochum 1848,1,1,D
Bundesliga,2023,2024-02-10,SV Werder Bremen,1. FC Heidenheim 1846,1,2,A
Bundesliga,2023,2024-02-10,Borussia Mönchengladbach,SV Darmstadt 98,0,0,D
Bundesliga,2023,2024-02-10,Bayer 04 Leverkusen,FC Bayern München,3,0,H
Bundesliga,2023,2024-02-11,VfB Stuttgart,1. FSV Mainz 05,3,1,H
Bundesliga,2023,2024-02-11,TSG 1899 Hoffenheim,1. FC Köln,1,1,D
Bundesliga,2023,2024-02-16,1. FC Köln,SV Werder Bremen,0,1,A
Bundesliga,2023,2024-02-17,VfL Wolfsburg,Borussia Dortmund,1,1,D
Bundesliga,2023,2024-02-17,TSG 1899 Hoffenheim,1. FC Union Berlin,0,1,A
Bundesliga,2023,2024-02-17,1. FC Heidenheim 1846,Bayer 04 Leverkusen,1,2,A
Bundesliga,2023,2024-02-17,1. FSV Mainz 05,FC Augsburg,1,0,H
Bundesliga,2023,2024-02-17,SV Darmstadt 98,VfB Stuttgart,1,2,A
Bundesliga,2023,2024-02-17,RB Leipzig,Borussia Mönchengladbach,2,0,H
Bundesliga,2023,2024-02-18,SC Freiburg,Eintracht Frankfurt,3,3,D
Bundesliga,2023,2024-02-18,VfL Bochum 1848,FC Bayern München,3,2,H
Bundesliga,2023,2024-02-23,Bayer 04 Leverkusen,1. FSV Mainz 05,2,1,H
Bundesliga,2023,2024-02-24,VfB Stuttgart,1. FC Köln,1,1,D
Bundesliga,2023,2024-02-24,1. FC Union Berlin,1. FC Heidenheim 1846,2,2,D
Bundesliga,2023,2024-02-24,SV Werder Bremen,SV Darmstadt 98,1,1,D
Bundesliga,2023,2024-02-24,Borussia Mönchengladbach,VfL Bochum 1848,5,2,H
Bundesliga,2023,2024-02-24,FC Bayern München,RB Leipzig,2,1,H
Bundesliga,2023,2024-02-25,Eintracht Frankfurt,VfL Wolfsburg,2,2,D
Bundesliga,2023,2024-02-25,Borussia Dortmund,TSG 1899 Hoffenheim,2,3,A
Bundesliga,2023,2024-02-25,FC Augsburg,SC Freiburg,2,1,H
Bundesliga,2023,2024-03-01,SC Freiburg,FC Bayern München,2,2,D
Bundesliga,2023,2024-03-02,1. FC Union Berlin,Borussia Dortmund,0,2,A
Bundesliga,2023,2024-03-02,VfL Bochum 1848,RB Leipzig,1,4,A
Bundesliga,2023,2024-03-02,1. FC Heidenheim 1846,Eintracht Frankfurt,1,2,A
Bundesliga,2023,2024-03-02,1. FSV Mainz 05,Borussia Mönchengladbach,1,1,D
Bundesliga,2023,2024-03-02,SV Darmstadt 98,FC Augsburg,0,6,A
Bundesliga,2023,2024-03-02,VfL Wolfsburg,VfB Stuttgart,2,3,A
Bundesliga,2023,2024-03-03,1. FC Köln,Bayer 04 Leverkusen,0,2,A
Bundesliga,2023,2024-03-03,TSG 1899 Hoffenheim,SV Werder Bremen,2,1,H
Bundesliga,2023,2024-03-08,VfB Stuttgart,1. FC Union Berlin,2,0,H
Bundesliga,2023,2024-03-09,FC Bayern München,1. FSV Mainz 05,8,1,H
Bundesliga,2023,2024-03-09,Borussia Mönchengladbach,1. FC Köln,3,3,D
Bundesliga,2023,2024-03-09,FC Augsburg,1. FC Heidenheim 1846,1,0,H
Bundesliga,2023,2024-03-09,RB Leipzig,SV Darmstadt 98,2,0,H
Bundesliga,2023,2024-03-09,SV Werder Bremen,Borussia Dortmund,1,2,A
Bundesliga,2023,2024-03-10,VfL Bochum 1848,SC Freiburg,1,2,A
Bundesliga,2023,2024-03-10,Eintracht Frankfurt,TSG 1899 Hoffenheim,3,1,H
Bundesliga,2023,2024-03-10,Bayer 04 Leverkusen,VfL Wolfsburg,2,0,H
Bundesliga,2023,2024-03-15,1. FC Köln,RB Leipzig,1,5,A
Bundesliga,2023,2024-03-16,SV Darmstadt 98,FC Bayern München,2,5,A
Bundesliga,2023,2024-03-16,1. FC Heidenheim 1846,Borussia Mönchengladbach,1,1,D
Bundesliga,2023,2024-03-16,1. FC Union Berlin,SV Werder Bremen,2,1,H
Bundesliga,2023,2024-03-16,1. FSV Mainz 05,VfL Bochum 1848,2,0,H
Bundesliga,2023,2024-03-16,VfL Wolfsburg,FC Augsburg,1,3,A
Bundesliga,2023,2024-03-16,TSG 1899 Hoffenheim,VfB Stuttgart,0,3,A
Bundesliga,2023,2024-03-17,SC Freiburg,Bayer 04 Leverkusen,2,3,A
Bundesliga,2023,2024-03-17,Borussia Dortmund,Eintracht Frankfurt,3,1,H
Bundesliga,2023,2024-03-30,Eintracht Frankfurt,1. FC Union Berlin,0,0,D
Bundesliga,2023,2024-03-30,Borussia Mönchengladbach,SC Freiburg,0,3,A
Bundesliga,2023,2024-03-30,SV Werder Bremen,VfL Wolfsburg,0,2,A
Bundesliga,2023,2024-03-30,RB Leipzig,1. FSV Mainz 05,0,0,D
Bundesliga,2023,2024-03-30,Bayer 04 Leverkusen,TSG 1899 Hoffenheim,2,1,H
Bundesliga,2023,2024-03-30,FC Bayern München,Borussia Dortmund,0,2,A
Bundesliga,2023,2024-03-31,FC Augsburg,1. FC Köln,1,1,D
Bundesliga,2023,2024-03-31,VfB Stuttgart,1. FC Heidenheim 1846,3,3,D
Bundesliga,2023,2024-03-31,VfL Bochum 1848,SV Darmstadt 98,2,2,D
Bundesliga,2023,2024-04-05,Eintracht Frankfurt,SV Werder Bremen,1,1,D
Bundesliga,2023,2024-04-06,1. FC Heidenheim 1846,FC Bayern München,3,2,H
Bundesliga,2023,2024-04-06,SC Freiburg,RB Leipzig,1,4,A
Bundesliga,2023,2024-04-06,1. FC Union Berlin,Bayer 04 Leverkusen,0,1,A
Bundesliga,2023,2024-04-06,1. FC Köln,VfL Bochum 1848,2,1,H
Bundesliga,2023,2024-04-06,1. FSV Mainz 05,SV Darmstadt 98,4,0,H
Bundesliga,2023,2024-04-06,Borussia Dortmund,VfB Stuttgart,0,1,A
Bundesliga,2023,2024-04-07,TSG 1899 Hoffenheim,FC Augsburg,3,1,H
Bundesliga,2023,2024-04-07,VfL Wolfsburg,Borussia Mönchengladbach,1,3,A
Bundesliga,2023,2024-04-12,FC Augsburg,1. FC Union Berlin,2,0,H
Bundesliga,2023,2024-04-13,Borussia Mönchengladbach,Borussia Dortmund,1,2,A
Bundesliga,2023,2024-04-13,RB Leipzig,VfL Wolfsburg,3,0,H
Bundesliga,2023,2024-04-13,FC Bayern München,1. FC Köln,2,0,H
Bundesliga,2023,2024-04-13,1. FSV Mainz 05,TSG 1899 Hoffenheim,4,1,H
Bundesliga,2023,2024-04-13,VfL Bochum 1848,1. FC Heidenheim 1846,1,1,D
Bundesliga,2023,2024-04-13,VfB Stuttgart,Eintracht Frankfurt,3,0,H
Bundesliga,2023,2024-04-14,SV Darmstadt 98,SC Freiburg,0,1,A
Bundesliga,2023,2024-04-14,Bayer 04 Leverkusen,SV Werder Bremen,5,0,H
Bundesliga,2023,2024-04-19,Eintracht Frankfurt,FC Augsburg,3,1,H
Bundesliga,2023,2024-04-20,1. FC Heidenheim 1846,RB Leipzig,1,2,A
Bundesliga,2023,2024-04-20,TSG 1899 Hoffenheim,Borussia Mönchengladbach,4,3,H
Bundesliga,2023,2024-04-20,VfL Wolfsburg,VfL Bochum 1848,1,0,H
Bundesliga,2023,2024-04-20,1. FC Köln,SV Darmstadt 98,0,2,A
Bundesliga,2023,2024-04-20,1. FC Union Berlin,FC Bayern München,1,5,A
Bundesliga,2023,2024-04-21,SV Werder Bremen,VfB Stuttgart,2,1,H
Bundesliga,2023,2024-04-21,Borussia Dortmund,Bayer 04 Leverkusen,1,1,D
Bundesliga,2023,2024-04-21,SC Freiburg,1. FSV Mainz 05,1,1,D
Bundesliga,2023,2024-04-26,VfL Bochum 1848,TSG 1899 Hoffenheim,3,2,H
Bundesliga,2023,2024-04-27,RB Leipzig,Borussia Dortmund,4,1,H
Bundesliga,2023,2024-04-27,FC Bayern München,Eintracht Frankfurt,2,1,H
Bundesliga,2023,2024-04-27,SC Freiburg,VfL Wolfsburg,1,2,A
Bundesliga,2023,2024-04-27,FC Augsburg,SV Werder Bremen,0,3,A
Bundesliga,2023,2024-04-27,Bayer 04 Leverkusen,VfB Stuttgart,2,2,D
Bundesliga,2023,2024-04-28,Borussia Mönchengladbach,1. FC Union Berlin,0,0,D
Bundesliga,2023,2024-04-28,1. FSV Mainz 05,1. FC Köln,1,1,D
Bundesliga,2023,2024-04-28,SV Darmstadt 98,1. FC Heidenheim 1846,0,1,A
Bundesliga,2023,2024-05-03,TSG 1899 Hoffenheim,RB Leipzig,1,1,D
Bundesliga,2023,2024-05-04,VfB Stuttgart,FC Bayern München,3,1,H
Bundesliga,2023,2024-05-04,SV Werder Bremen,Borussia Mönchengladbach,2,2,D
Bundesliga,2023,2024-05-04,Borussia Dortmund,FC Augsburg,5,1,H
Bundesliga,2023,2024-05-04,VfL Wolfsburg,SV Darmstadt 98,3,0,H
Bundesliga,2023,2024-05-04,1. FC Köln,SC Freiburg,0,0,D
Bundesliga,2023,2024-05-05,1. FC Union Berlin,VfL Bochum 1848,3,4,A
Bundesliga,2023,2024-05-05,Eintracht Frankfurt,Bayer 04 Leverkusen,1,5,A
Bundesliga,2023,2024-05-05,1. FC Heidenheim 1846,1. FSV Mainz 05,1,1,D
Bundesliga,2023,2024-05-10,FC Augsburg,VfB Stuttgart,0,1,A
Bundesliga,2023,2024-05-11,1. FC Köln,1. FC Union Berlin,3,2,H
Bundesliga,2023,2024-05-11,Borussia Mönchengladbach,Eintracht Frankfurt,1,1,D
Bundesliga,2023,2024-05-11,RB Leipzig,SV Werder Bremen,1,1,D
Bundesliga,2023,2024-05-11,SC Freiburg,1. FC Heidenheim 1846,1,1,D
Bundesliga,2023,2024-05-11,1. FSV Mainz 05,Borussia Dortmund,3,0,H
Bundesliga,2023,2024-05-12,SV Darmstadt 98,TSG 1899 Hoffenheim,0,6,A
Bundesliga,2023,2024-05-12,FC Bayern München,VfL Wolfsburg,2,0,H
Bundesliga,2023,2024-05-12,VfL Bochum 1848,Bayer 04 Leverkusen,0,5,A
Bundesliga,2023,2024-05-18,TSG 1899 Hoffenheim,FC Bayern München,4,2,H
Bundesliga,2023,2024-05-18,Eintracht Frankfurt,RB Leipzig,2,2,D
Bundesliga,2023,2024-05-18,1. FC Union Berlin,SC Freiburg,2,1,H
Bundesliga,2023,2024-05-18,VfL Wolfsburg,1. FSV Mainz 05,1,3,A
Bundesliga,2023,2024-05-18,VfB Stuttgart,Borussia Mönchengladbach,4,0,H
Bundesliga,2023,2024-05-18,1. FC Heidenheim 1846,1. FC Köln,4,1,H
Bundesliga,2023,2024-05-18,SV Werder Bremen,VfL Bochum 1848,4,1,H
Bundesliga,2023,2024-05-18,Bayer 04 Leverkusen,FC Augsburg,2,1,H
Bundesliga,2023,2024-05-18,Borussia Dortmund,SV Darmstadt 98,4,0,H
Bundesliga,2024,2024-08-23,Borussia Mönchengladbach,Bayer 04 Leverkusen,2,3,A
Bundesliga,2024,2024-08-24,RB Leipzig,VfL Bochum 1848,1,0,H
Bundesliga,2024,2024-08-24,TSG 1899 Hoffenheim,Holstein Kiel,3,2,H
Bundesliga,2024,2024-08-24,SC Freiburg,VfB Stuttgart,3,1,H
Bundesliga,2024,2024-08-24,FC Augsburg,SV Werder Bremen,2,2,D
Bundesliga,2024,2024-08-24,1. FSV Mainz 05,1. FC Union Berlin,1,1,D
Bundesliga,2024,2024-08-24,Borussia Dortmund,Eintracht Frankfurt,2,0,H
Bundesliga,2024,2024-08-25,VfL Wolfsburg,FC Bayern München,2,3,A
Bundesliga,2024,2024-08-25,FC St. Pauli 1910,1. FC Heidenheim 1846,0,2,A
Bundesliga,2024,2024-08-30,1. FC Union Berlin,FC St. Pauli 1910,1,0,H
Bundesliga,2024,2024-08-31,VfB Stuttgart,1. FSV Mainz 05,3,3,D
Bundesliga,2024,2024-08-31,Eintracht Frankfurt,TSG 1899 Hoffenheim,3,1,H
Bundesliga,2024,2024-08-31,SV Werder Bremen,Borussia Dortmund,0,0,D
Bundesliga,2024,2024-08-31,VfL Bochum 1848,Borussia Mönchengladbach,0,2,A
Bundesliga,2024,2024-08-31,Holstein Kiel,VfL Wolfsburg,0,2,A
Bundesliga,2024,2024-08-31,Bayer 04 Leverkusen,RB Leipzig,2,3,A
Bundesliga,2024,2024-09-01,1. FC Heidenheim 1846,FC Augsburg,4,0,H
Bundesliga,2024,2024-09-01,FC Bayern München,SC Freiburg,2,0,H
Bundesliga,2024,2024-09-13,Borussia Dortmund,1. FC Heidenheim 1846,4,2,H
Bundesliga,2024,2024-09-14,RB Leipzig,1. FC Union Berlin,0,0,D
Bundesliga,2024,2024-09-14,TSG 1899 Hoffenheim,Bayer 04 Leverkusen,1,4,A
Bundesliga,2024,2024-09-14,SC Freiburg,VfL Bochum 1848,2,1,H
Bundesliga,2024,2024-09-14,VfL Wolfsburg,Eintracht Frankfurt,1,2,A
Bundesliga,2024,2024-09-14,Borussia Mönchengladbach,VfB Stuttgart,1,3,A
Bundesliga,2024,2024-09-14,Holstein Kiel,FC Bayern München,1,6,A
Bundesliga,2024,2024-09-15,FC Augsburg,FC St. Pauli 1910,3,1,H
Bundesliga,2024,2024-09-15,1. FSV Mainz 05,SV Werder Bremen,1,2,A
Bundesliga,2024,2024-09-20,FC Augsburg,1. FSV Mainz 05,2,3,A
Bundesliga,2024,2024-09-21,1. FC Heidenheim 1846,SC Freiburg,0,3,A
Bundesliga,2024,2024-09-21,SV Werder Bremen,FC Bayern München,0,5,A
Bundesliga,2024,2024-09-21,1. FC Union Berlin,TSG 1899 Hoffenheim,2,1,H
Bundesliga,2024,2024-09-21,VfL Bochum 1848,Holstein Kiel,2,2,D
Bundesliga,2024,2024-09-21,Eintracht Frankfurt,Borussia Mönchengladbach,2,0,H
Bundesliga,2024,2024-09-22,Bayer 04 Leverkusen,VfL Wolfsburg,4,3,H
Bundesliga,2024,2024-09-22,VfB Stuttgart,Borussia Dortmund,5,1,H
Bundesliga,2024,2024-09-22,FC St. Pauli 1910,RB Leipzig,0,0,D
Bundesliga,2024,2024-09-27,Borussia Dortmund,VfL Bochum 1848,4,2,H
Bundesliga,2024,2024-09-28,RB Leipzig,FC Augsburg,4,0,H
Bundesliga,2024,2024-09-28,SC Freiburg,FC St. Pauli 1910,0,3,A
Bundesliga,2024,2024-09-28,VfL Wolfsburg,VfB Stuttgart,2,2,D
Bundesliga,2024,2024-09-28,1. FSV Mainz 05,1. FC Heidenheim 1846,0,2,A
Bundesliga,2024,2024-09-28,Borussia Mönchengladbach,1. FC Union Berlin,1,0,H
Bundesliga,2024,2024-09-28,FC Bayern München,Bayer 04 Leverkusen,1,1,D
Bundesliga,2024,2024-09-29,Holstein Kiel,Eintracht Frankfurt,2,4,A
Bundesliga,2024,2024-09-29,TSG 1899 Hoffenheim,SV Werder Bremen,3,4,A
Bundesliga,2024,2024-10-04,FC Augsburg,Borussia Mönchengladbach,2,1,H
Bundesliga,2024,2024-10-05,Bayer 04 Leverkusen,Holstein Kiel,2,2,D
Bundesliga,2024,2024-10-05,SV Werder Bremen,SC Freiburg,0,1,A
Bundesliga,2024,2024-10-05,1. FC Union Berlin,Borussia Dortmund,2,1,H
Bundesliga,2024,2024-10-05,VfL Bochum 1848,VfL Wolfsburg,1,3,A
Bundesliga,2024,2024-10-05,FC St. Pauli 1910,1. FSV Mainz 05,0,3,A
Bundesliga,2024,2024-10-06,1. FC Heidenheim 1846,RB Leipzig,0,1,A
Bundesliga,2024,2024-10-06,Eintracht Frankfurt,FC Bayern München,3,3,D
Bundesliga,2024,2024-10-06,VfB Stuttgart,TSG 1899 Hoffenheim,1,1,D
Bundesliga,2024,2024-10-18,Borussia Dortmund,FC St. Pauli 1910,2,1,H
Bundesliga,2024,2024-10-19,Bayer 04 Leverkusen,Eintracht Frankfurt,2,1,H
Bundesliga,2024,2024-10-19,TSG 1899 Hoffenheim,VfL Bochum 1848,3,1,H
Bundesliga,2024,2024-10-19,SC Freiburg,FC Augsburg,3,1,H
Bundesliga,2024,2024-10-19,1. FSV Mainz 05,RB Leipzig,0,2,A
Bundesliga,2024,2024-10-19,Borussia Mönchengladbach,1. FC Heidenheim 1846,3,2,H
Bundesliga,2024,2024-10-19,FC Bayern München,VfB Stuttgart,4,0,H
Bundesliga,2024,2024-10-20,Holstein Kiel,1. FC Union Berlin,0,2,A
Bundesliga,2024,2024-10-20,VfL Wolfsburg,SV Werder Bremen,2,4,A
Bundesliga,2024,2024-10-25,1. FSV Mainz 05,Borussia Mönchengladbach,1,1,D
Bundesliga,2024,2024-10-26,VfB Stuttgart,Holstein Kiel,2,1,H
Bundesliga,2024,2024-10-26,RB Leipzig,SC Freiburg,3,1,H
Bundesliga,2024,2024-10-26,FC Augsburg,Borussia Dortmund,2,1,H
Bundesliga,2024,2024-10-26,FC St. Pauli 1910,VfL Wolfsburg,0,0,D
Bundesliga,2024,2024-10-26,SV Werder Bremen,Bayer 04 Leverkusen,2,2,D
Bundesliga,2024,2024-10-27,VfL Bochum 1848,FC Bayern München,0,5,A
Bundesliga,2024,2024-10-27,1. FC Union Berlin,Eintracht Frankfurt,1,1,D
Bundesliga,2024,2024-10-27,1. FC Heidenheim 1846,TSG 1899 Hoffenheim,0,0,D
Bundesliga,2024,2024-11-01,Bayer 04 Leverkusen,VfB Stuttgart,0,0,D
Bundesliga,2024,2024-11-02,FC Bayern München,1. FC Union Berlin,3,0,H
Bundesliga,2024,2024-11-02,Eintracht Frankfurt,VfL Bochum 1848,7,2,H
Bundesliga,2024,2024-11-02,TSG 1899 Hoffenheim,FC St. Pauli 1910,0,2,A
Bundesliga,2024,2024-11-02,VfL Wolfsburg,FC Augsburg,1,1,D
Bundesliga,2024,2024-11-02,Holstein Kiel,1. FC Heidenheim 1846,1,0,H
Bundesliga,2024,2024-11-02,Borussia Dortmund,RB Leipzig,2,1,H
Bundesliga,2024,2024-11-03,SC Freiburg,1. FSV Mainz 05,0,0,D
Bundesliga,2024,2024-11-03,Borussia Mönchengladbach,SV Werder Bremen,4,1,H
Bundesliga,2024,2024-11-08,1. FC Union Berlin,SC Freiburg,0,0,D
Bundesliga,2024,2024-11-09,SV Werder Bremen,Holstein Kiel,2,1,H
Bundesliga,2024,2024-11-09,1. FSV Mainz 05,Borussia Dortmund,3,1,H
Bundesliga,2024,2024-11-09,VfL Bochum 1848,Bayer 04 Leverkusen,1,1,D
Bundesliga,2024,2024-11-09,FC St. Pauli 1910,FC Bayern München,0,1,A
Bundesliga,2024,2024-11-09,RB Leipzig,Borussia Mönchengladbach,0,0,D
Bundesliga,2024,2024-11-10,FC Augsburg,TSG 1899 Hoffenheim,0,0,D
Bundesliga,2024,2024-11-10,VfB Stuttgart,Eintracht Frankfurt,2,3,A
Bundesliga,2024,2024-11-10,1. FC Heidenheim 1846,VfL Wolfsburg,1,3,A
Bundesliga,2024,2024-11-22,FC Bayern München,FC Augsburg,3,0,H
Bundesliga,2024,2024-11-23,Bayer 04 Leverkusen,1. FC Heidenheim 1846,5,2,H
Bundesliga,2024,2024-11-23,VfB Stuttgart,VfL Bochum 1848,2,0,H
Bundesliga,2024,2024-11-23,Borussia Dortmund,SC Freiburg,4,0,H
Bundesliga,2024,2024-11-23,TSG 1899 Hoffenheim,RB Leipzig,4,3,H
Bundesliga,2024,2024-11-23,VfL Wolfsburg,1. FC Union Berlin,1,0,H
Bundesliga,2024,2024-11-23,Eintracht Frankfurt,SV Werder Bremen,1,0,H
Bundesliga,2024,2024-11-24,Holstein Kiel,1. FSV Mainz 05,0,3,A
Bundesliga,2024,2024-11-24,Borussia Mönchengladbach,FC St. Pauli 1910,2,0,H
Bundesliga,2024,2024-11-29,FC St. Pauli 1910,Holstein Kiel,3,1,H
Bundesliga,2024,2024-11-30,RB Leipzig,VfL Wolfsburg,1,5,A
Bundesliga,2024,2024-11-30,SV Werder Bremen,VfB Stuttgart,2,2,D
Bundesliga,2024,2024-11-30,SC Freiburg,Borussia Mönchengladbach,3,1,H
Bundesliga,2024,2024-11-30,FC Augsburg,VfL Bochum 1848,1,0,H
Bundesliga,2024,2024-11-30,1. FC Union Berlin,Bayer 04 Leverkusen,1,2,A
Bundesliga,2024,2024-11-30,Borussia Dortmund,FC Bayern München,1,1,D
Bundesliga,2024,2024-12-01,1. FSV Mainz 05,TSG 1899 Hoffenheim,2,0,H
Bundesliga,2024,2024-12-01,1. FC Heidenheim 1846,Eintracht Frankfurt,0,4,A
Bundesliga,2024,2024-12-06,VfB Stuttgart,1. FC Union Berlin,3,2,H
Bundesliga,2024,2024-12-07,Bayer 04 Leverkusen,FC St. Pauli 1910,2,1,H
Bundesliga,2024,2024-12-07,FC Bayern München,1. FC Heidenheim 1846,4,2,H
Bundesliga,2024,2024-12-07,Eintracht Frankfurt,FC Augsburg,2,2,D
Bundesliga,2024,2024-12-07,VfL Bochum 1848,SV Werder Bremen,0,1,A
Bundesliga,2024,2024-12-07,Holstein Kiel,RB Leipzig,0,2,A
Bundesliga,2024,2024-12-07,Borussia Mönchengladbach,Borussia Dortmund,1,1,D
Bundesliga,2024,2024-12-08,VfL Wolfsburg,1. FSV Mainz 05,4,3,H
Bundesliga,2024,2024-12-08,TSG 1899 Hoffenheim,SC Freiburg,1,1,D
Bundesliga,2024,2024-12-13,SC Freiburg,VfL Wolfsburg,3,2,H
Bundesliga,2024,2024-12-14,1. FSV Mainz 05,FC Bayern München,2,1,H
Bundesliga,2024,2024-12-14,Borussia Mönchengladbach,Holstein Kiel,4,1,H
Bundesliga,2024,2024-12-14,FC Augsburg,Bayer 04 Leverkusen,0,2,A
Bundesliga,2024,2024-12-14,FC St. Pauli 1910,SV Werder Bremen,0,2,A
Bundesliga,2024,2024-12-15,1. FC Heidenheim 1846,VfB Stuttgart,1,3,A
Bundesliga,2024,2024-12-15,Borussia Dortmund,TSG 1899 Hoffenheim,1,1,D
Bundesliga,2024,2024-12-15,RB Leipzig,Eintracht Frankfurt,2,1,H
Bundesliga,2024,2024-12-20,FC Bayern München,RB Leipzig,5,1,H
Bundesliga,2024,2024-12-21,VfB Stuttgart,FC St. Pauli 1910,0,1,A
Bundesliga,2024,2024-12-21,Eintracht Frankfurt,1. FSV Mainz 05,1,3,A
Bundesliga,2024,2024-12-21,TSG 1899 Hoffenheim,Borussia Mönchengladbach,1,2,A
Bundesliga,2024,2024-12-21,SV Werder Bremen,1. FC Union Berlin,4,1,H
Bundesliga,2024,2024-12-21,Holstein Kiel,FC Augsburg,5,1,H
Bundesliga,2024,2024-12-21,Bayer 04 Leverkusen,SC Freiburg,5,1,H
Bundesliga,2024,2024-12-22,VfL Bochum 1848,1. FC Heidenheim 1846,2,0,H
Bundesliga,2024,2024-12-22,VfL Wolfsburg,Borussia Dortmund,1,3,A
Bundesliga,2024,2025-01-10,Borussia Dortmund,Bayer 04 Leverkusen,2,3,A
Bundesliga,2024,2025-01-11,TSG 1899 Hoffenheim,VfL Wolfsburg,0,1,A
Bundesliga,2024,2025-01-11,1. FC Heidenheim 1846,1. FC Union Berlin,2,0,H
Bundesliga,2024,2025-01-11,SC Freiburg,Holstein Kiel,3,2,H
Bundesliga,2024,2025-01-11,1. FSV Mainz 05,VfL Bochum 1848,2,0,H
Bundesliga,2024,2025-01-11,FC St. Pauli 1910,Eintracht Frankfurt,0,1,A
Bundesliga,2024,2025-01-11,Borussia Mönchengladbach,FC Bayern München,0,1,A
Bundesliga,2024,2025-01-12,RB Leipzig,SV Werder Bremen,4,2,H
Bundesliga,2024,2025-01-12,FC Augsburg,VfB Stuttgart,0,1,A
Bundesliga,2024,2025-01-14,Holstein Kiel,Borussia Dortmund,4,2,H
Bundesliga,2024,2025-01-14,Bayer 04 Leverkusen,1. FSV Mainz 05,1,0,H
Bundesliga,2024,2025-01-14,Eintracht Frankfurt,SC Freiburg,4,1,H
Bundesliga,2024,2025-01-14,VfL Wolfsburg,Borussia Mönchengladbach,5,1,H
Bundesliga,2024,2025-01-15,VfL Bochum 1848,FC St. Pauli 1910,1,0,H
Bundesliga,2024,2025-01-15,VfB Stuttgart,RB Leipzig,2,1,H
Bundesliga,2024,2025-01-15,FC Bayern München,TSG 1899 Hoffenheim,5,0,H
Bundesliga,2024,2025-01-15,SV Werder Bremen,1. FC Heidenheim 1846,3,3,D
Bundesliga,2024,2025-01-15,1. FC Union Berlin,FC Augsburg,0,2,A
Bundesliga,2024,2025-01-17,Eintracht Frankfurt,Borussia Dortmund,2,0,H
Bundesliga,2024,2025-01-18,VfB Stuttgart,SC Freiburg,4,0,H
Bundesliga,2024,2025-01-18,FC Bayern München,VfL Wolfsburg,3,2,H
Bundesliga,2024,2025-01-18,1. FC Heidenheim 1846,FC St. Pauli 1910,0,2,A
Bundesliga,2024,2025-01-18,VfL Bochum 1848,RB Leipzig,3,3,D
Bundesliga,2024,2025-01-18,Holstein Kiel,TSG 1899 Hoffenheim,1,3,A
Bundesliga,2024,2025-01-18,Bayer 04 Leverkusen,Borussia Mönchengladbach,3,1,H
Bundesliga,2024,2025-01-19,1. FC Union Berlin,1. FSV Mainz 05,2,1,H
Bundesliga,2024,2025-01-19,SV Werder Bremen,FC Augsburg,0,2,A
Bundesliga,2024,2025-01-24,VfL Wolfsburg,Holstein Kiel,2,2,D
Bundesliga,2024,2025-01-25,RB Leipzig,Bayer 04 Leverkusen,2,2,D
Bundesliga,2024,2025-01-25,1. FSV Mainz 05,VfB Stuttgart,2,0,H
Bundesliga,2024,2025-01-25,SC Freiburg,FC Bayern München,1,2,A
Bundesliga,2024,2025-01-25,FC Augsburg,1. FC Heidenheim 1846,2,1,H
Bundesliga,2024,2025-01-25,Borussia Dortmund,SV Werder Bremen,2,2,D
Bundesliga,2024,2025-01-25,Borussia Mönchengladbach,VfL Bochum 1848,3,0,H
Bundesliga,2024,2025-01-26,TSG 1899 Hoffenheim,Eintracht Frankfurt,2,2,D
Bundesliga,2024,2025-01-26,FC St. Pauli 1910,1. FC Union Berlin,3,0,H
Bundesliga,2024,2025-01-31,SV Werder Bremen,1. FSV Mainz 05,1,0,H
Bundesliga,2024,2025-02-01,1. FC Heidenheim 1846,Borussia Dortmund,1,2,A
Bundesliga,2024,2025-02-01,VfL Bochum 1848,SC Freiburg,0,1,A
Bundesliga,2024,2025-02-01,FC St. Pauli 1910,FC Augsburg,1,1,D
Bundesliga,2024,2025-02-01,VfB Stuttgart,Borussia Mönchengladbach,1,2,A
Bundesliga,2024,2025-02-01,FC Bayern München,Holstein Kiel,4,3,H
Bundesliga,2024,2025-02-01,1. FC Union Berlin,RB Leipzig,0,0,D
Bundesliga,2024,2025-02-02,Eintracht Frankfurt,VfL Wolfsburg,1,1,D
Bundesliga,2024,2025-02-02,Bayer 04 Leverkusen,TSG 1899 Hoffenheim,3,1,H
Bundesliga,2024,2025-02-07,FC Bayern München,SV Werder Bremen,3,0,H
Bundesliga,2024,2025-02-08,VfL Wolfsburg,Bayer 04 Leverkusen,0,0,D
Bundesliga,2024,2025-02-08,Borussia Dortmund,VfB Stuttgart,1,2,A
Bundesliga,2024,2025-02-08,SC Freiburg,1. FC Heidenheim 1846,1,0,H
Bundesliga,2024,2025-02-08,1. FSV Mainz 05,FC Augsburg,0,0,D
Bundesliga,2024,2025-02-08,TSG 1899 Hoffenheim,1. FC Union Berlin,0,4,A
Bundesliga,2024,2025-02-08,Borussia Mönchengladbach,Eintracht Frankfurt,1,1,D
Bundesliga,2024,2025-02-09,Holstein Kiel,VfL Bochum 1848,2,2,D
Bundesliga,2024,2025-02-09,RB Leipzig,FC St. Pauli 1910,2,0,H
Bundesliga,2024,2025-02-14,FC Augsburg,RB Leipzig,0,0,D
Bundesliga,2024,2025-02-15,VfL Bochum 1848,Borussia Dortmund,2,0,H
Bundesliga,2024,2025-02-15,FC St. Pauli 1910,SC Freiburg,0,1,A
Bundesliga,2024,2025-02-15,VfB Stuttgart,VfL Wolfsburg,1,2,A
Bundesliga,2024,2025-02-15,1. FC Union Berlin,Borussia Mönchengladbach,1,2,A
Bundesliga,2024,2025-02-15,Bayer 04 Leverkusen,FC Bayern München,0,0,D
Bundesliga,2024,2025-02-16,SV Werder Bremen,TSG 1899 Hoffenheim,1,3,A
Bundesliga,2024,2025-02-16,Eintracht Frankfurt,Holstein Kiel,3,1,H
Bundesliga,2024,2025-02-16,1. FC Heidenheim 1846,1. FSV Mainz 05,0,2,A
Bundesliga,2024,2025-02-21,SC Freiburg,SV Werder Bremen,5,0,H
Bundesliga,2024,2025-02-22,Holstein Kiel,Bayer 04 Leverkusen,0,2,A
Bundesliga,2024,2025-02-22,Borussia Mönchengladbach,FC Augsburg,0,3,A
Bundesliga,2024,2025-02-22,VfL Wolfsburg,VfL Bochum 1848,1,1,D
Bundesliga,2024,2025-02-22,1. FSV Mainz 05,FC St. Pauli 1910,2,0,H
Bundesliga,2024,2025-02-22,Borussia Dortmund,1. FC Union Berlin,6,0,H
Bundesliga,2024,2025-02-23,RB Leipzig,1. FC Heidenheim 1846,2,2,D
Bundesliga,2024,2025-02-23,FC Bayern München,Eintracht Frankfurt,4,0,H
Bundesliga,2024,2025-02-23,TSG 1899 Hoffenheim,VfB Stuttgart,1,1,D
Bundesliga,2024,2025-02-28,VfB Stuttgart,FC Bayern München,1,3,A
Bundesliga,2024,2025-03-01,FC St. Pauli 1910,Borussia Dortmund,0,2,A
Bundesliga,2024,2025-03-01,VfL Bochum 1848,TSG 1899 Hoffenheim,0,1,A
Bundesliga,2024,2025-03-01,SV Werder Bremen,VfL Wolfsburg,1,2,A
Bundesliga,2024,2025-03-01,RB Leipzig,1. FSV Mainz 05,1,2,A
Bundesliga,2024,2025-03-01,1. FC Heidenheim 1846,Borussia Mönchengladbach,0,3,A
Bundesliga,2024,2025-03-01,Eintracht Frankfurt,Bayer 04 Leverkusen,1,4,A
Bundesliga,2024,2025-03-02,1. FC Union Berlin,Holstein Kiel,0,1,A
Bundesliga,2024,2025-03-02,FC Augsburg,SC Freiburg,0,0,D
Bundesliga,2024,2025-03-07,Borussia Mönchengladbach,1. FSV Mainz 05,1,3,A
Bundesliga,2024,2025-03-08,Holstein Kiel,VfB Stuttgart,2,2,D
Bundesliga,2024,2025-03-08,Bayer 04 Leverkusen,SV Werder Bremen,0,2,A
Bundesliga,2024,2025-03-08,Borussia Dortmund,FC Augsburg,0,1,A
Bundesliga,2024,2025-03-08,FC Bayern München,VfL Bochum 1848,2,3,A
Bundesliga,2024,2025-03-08,VfL Wolfsburg,FC St. Pauli 1910,1,1,D
Bundesliga,2024,2025-03-08,SC Freiburg,RB Leipzig,0,0,D
Bundesliga,2024,2025-03-09,Eintracht Frankfurt,1. FC Union Berlin,1,2,A
Bundesliga,2024,2025-03-09,TSG 1899 Hoffenheim,1. FC Heidenheim 1846,1,1,D
Bundesliga,2024,2025-03-14,FC St. Pauli 1910,TSG 1899 Hoffenheim,1,0,H
Bundesliga,2024,2025-03-15,1. FC Union Berlin,FC Bayern München,1,1,D
Bundesliga,2024,2025-03-15,1. FSV Mainz 05,SC Freiburg,2,2,D
Bundesliga,2024,2025-03-15,FC Augsburg,VfL Wolfsburg,1,0,H
Bundesliga,2024,2025-03-15,SV Werder Bremen,Borussia Mönchengladbach,2,4,A
Bundesliga,2024,2025-03-15,RB Leipzig,Borussia Dortmund,2,0,H
Bundesliga,2024,2025-03-16,VfL Bochum 1848,Eintracht Frankfurt,1,3,A
Bundesliga,2024,2025-03-16,1. FC Heidenheim 1846,Holstein Kiel,3,1,H
Bundesliga,2024,2025-03-16,VfB Stuttgart,Bayer 04 Leverkusen,3,4,A
Bundesliga,2024,2025-03-28,Bayer 04 Leverkusen,VfL Bochum 1848,3,1,H
Bundesliga,2024,2025-03-29,Borussia Mönchengladbach,RB Leipzig,1,0,H
Bundesliga,2024,2025-03-29,VfL Wolfsburg,1. FC Heidenheim 1846,0,1,A
Bundesliga,2024,2025-03-29,Holstein Kiel,SV Werder Bremen,0,3,A
Bundesliga,2024,2025-03-29,TSG 1899 Hoffenheim,FC Augsburg,1,1,D
Bundesliga,2024,2025-03-29,FC Bayern München,FC St. Pauli 1910,3,2,H
Bundesliga,2024,2025-03-29,Eintracht Frankfurt,VfB Stuttgart,1,0,H
Bundesliga,2024,2025-03-30,SC Freiburg,1. FC Union Berlin,1,2,A
Bundesliga,2024,2025-03-30,Borussia Dortmund,1. FSV Mainz 05,3,1,H
Bundesliga,2024,2025-04-04,FC Augsburg,FC Bayern München,1,3,A
Bundesliga,2024,2025-04-05,1. FC Heidenheim 1846,Bayer 04 Leverkusen,0,1,A
Bundesliga,2024,2025-04-05,VfL Bochum 1848,VfB Stuttgart,0,4,A
Bundesliga,2024,2025-04-05,SC Freiburg,Borussia Dortmund,1,4,A
Bundesliga,2024,2025-04-05,RB Leipzig,TSG 1899 Hoffenheim,3,1,H
Bundesliga,2024,2025-04-05,1. FSV Mainz 05,Holstein Kiel,1,1,D
Bundesliga,2024,2025-04-05,SV Werder Bremen,Eintracht Frankfurt,2,0,H
Bundesliga,2024,2025-04-06,FC St. Pauli 1910,Borussia Mönchengladbach,1,1,D
Bundesliga,2024,2025-04-06,1. FC Union Berlin,VfL Wolfsburg,1,0,H
Bundesliga,2024,2025-04-11,VfL Wolfsburg,RB Leipzig,2,3,A
Bundesliga,2024,2025-04-12,Borussia Mönchengladbach,SC Freiburg,1,2,A
Bundesliga,2024,2025-04-12,VfL Bochum 1848,FC Augsburg,1,2,A
Bundesliga,2024,2025-04-12,TSG 1899 Hoffenheim,1. FSV Mainz 05,2,0,H
Bundesliga,2024,2025-04-12,Bayer 04 Leverkusen,1. FC Union Berlin,0,0,D
Bundesliga,2024,2025-04-12,Holstein Kiel,FC St. Pauli 1910,1,2,A
Bundesliga,2024,2025-04-12,FC Bayern München,Borussia Dortmund,2,2,D
Bundesliga,2024,2025-04-13,VfB Stuttgart,SV Werder Bremen,1,2,A
Bundesliga,2024,2025-04-13,Eintracht Frankfurt,1. FC Heidenheim 1846,3,0,H
Bundesliga,2024,2025-04-19,1. FC Heidenheim 1846,FC Bayern München,0,4,A
Bundesliga,2024,2025-04-19,SC Freiburg,TSG 1899 Hoffenheim,3,2,H
Bundesliga,2024,2025-04-19,1. FSV Mainz 05,VfL Wolfsburg,2,2,D
Bundesliga,2024,2025-04-19,SV Werder Bremen,VfL Bochum 1848,1,0,H
Bundesliga,2024,2025-04-19,RB Leipzig,Holstein Kiel,1,1,D
Bundesliga,2024,2025-04-19,1. FC Union Berlin,VfB Stuttgart,4,4,D
Bundesliga,2024,2025-04-20,FC Augsburg,Eintracht Frankfurt,0,0,D
Bundesliga,2024,2025-04-20,Borussia Dortmund,Borussia Mönchengladbach,3,2,H
Bundesliga,2024,2025-04-20,FC St. Pauli 1910,Bayer 04 Leverkusen,1,1,D
Bundesliga,2024,2025-04-25,VfB Stuttgart,1. FC Heidenheim 1846,0,1,A
Bundesliga,2024,2025-04-26,TSG 1899 Hoffenheim,Borussia Dortmund,2,3,A
Bundesliga,2024,2025-04-26,VfL Wolfsburg,SC Freiburg,0,1,A
Bundesliga,2024,2025-04-26,FC Bayern München,1. FSV Mainz 05,3,0,H
Bundesliga,2024,2025-04-26,Holstein Kiel,Borussia Mönchengladbach,4,3,H
Bundesliga,2024,2025-04-26,Bayer 04 Leverkusen,FC Augsburg,2,0,H
Bundesliga,2024,2025-04-26,Eintracht Frankfurt,RB Leipzig,4,0,H
Bundesliga,2024,2025-04-27,VfL Bochum 1848,1. FC Union Berlin,1,1,D
Bundesliga,2024,2025-04-27,SV Werder Bremen,FC St. Pauli 1910,0,0,D
Bundesliga,2024,2025-05-02,1. FC Heidenheim 1846,VfL Bochum 1848,0,0,D
Bundesliga,2024,2025-05-03,FC St. Pauli 1910,VfB Stuttgart,0,1,A
Bundesliga,2024,2025-05-03,RB Leipzig,FC Bayern München,3,3,D
Bundesliga,2024,2025-05-03,Borussia Mönchengladbach,TSG 1899 Hoffenheim,4,4,D
Bundesliga,2024,2025-05-03,1. FC Union Berlin,SV Werder Bremen,2,2,D
Bundesliga,2024,2025-05-03,Borussia Dortmund,VfL Wolfsburg,4,0,H
Bundesliga,2024,2025-05-04,FC Augsburg,Holstein Kiel,1,3,A
Bundesliga,2024,2025-05-04,SC Freiburg,Bayer 04 Leverkusen,2,2,D
Bundesliga,2024,2025-05-04,1. FSV Mainz 05,Eintracht Frankfurt,1,1,D
Bundesliga,2024,2025-05-09,VfL Wolfsburg,TSG 1899 Hoffenheim,2,2,D
Bundesliga,2024,2025-05-10,SV Werder Bremen,RB Leipzig,0,0,D
Bundesliga,2024,2025-05-10,1. FC Union Berlin,1. FC Heidenheim 1846,0,3,A
Bundesliga,2024,2025-05-10,Holstein Kiel,SC Freiburg,1,2,A
Bundesliga,2024,2025-05-10,VfL Bochum 1848,1. FSV Mainz 05,1,4,A
Bundesliga,2024,2025-05-10,FC Bayern München,Borussia Mönchengladbach,2,0,H
Bundesliga,2024,2025-05-11,Bayer 04 Leverkusen,Borussia Dortmund,2,4,A
Bundesliga,2024,2025-05-11,Eintracht Frankfurt,FC St. Pauli 1910,2,2,D
Bundesliga,2024,2025-05-11,VfB Stuttgart,FC Augsburg,4,0,H
Bundesliga,2024,2025-05-17,1. FSV Mainz 05,Bayer 04 Leverkusen,2,2,D
Bundesliga,2024,2025-05-17,RB Leipzig,VfB Stuttgart,2,3,A
Bundesliga,2024,2025-05-17,TSG 1899 Hoffenheim,FC Bayern München,0,4,A
Bundesliga,2024,2025-05-17,SC Freiburg,Eintracht Frankfurt,1,3,A
Bundesliga,2024,2025-05-17,1. FC Heidenheim 1846,SV Werder Bremen,1,4,A
Bundesliga,2024,2025-05-17,Borussia Mönchengladbach,VfL Wolfsburg,0,1,A
Bundesliga,2024,2025-05-17,FC Augsburg,1. FC Union Berlin,1,2,A
Bundesliga,2024,2025-05-17,FC St. Pauli 1910,VfL Bochum 1848,0,2,A
Bundesliga,2024,2025-05-17,Borussia Dortmund,Holstein Kiel,3,0,H
Bundesliga,2025,2025-08-22,FC Bayern München,RB Leipzig,6,0,H
Bundesliga,2025,2025-08-23,Eintracht Frankfurt,SV Werder Bremen,4,1,H
Bundesliga,2025,2025-08-23,Bayer 04 Leverkusen,TSG 1899 Hoffenheim,1,2,A
Bundesliga,2025,2025-08-23,SC Freiburg,FC Augsburg,1,3,A
Bundesliga,2025,2025-08-23,1. FC Union Berlin,VfB Stuttgart,2,1,H
Bundesliga,2025,2025-08-23,1. FC Heidenheim 1846,VfL Wolfsburg,1,3,A
Bundesliga,2025,2025-08-23,FC St. Pauli 1910,Borussia Dortmund,3,3,D
Bundesliga,2025,2025-08-24,1. FSV Mainz 05,1. FC Köln,0,1,A
Bundesliga,2025,2025-08-24,Borussia Mönchengladbach,Hamburger SV,0,0,D
Bundesliga,2025,2025-08-29,Hamburger SV,FC St. Pauli 1910,0,2,A
Bundesliga,2025,2025-08-30,RB Leipzig,1. FC Heidenheim 1846,2,0,H
Bundesliga,2025,2025-08-30,SV Werder Bremen,Bayer 04 Leverkusen,3,3,D
Bundesliga,2025,2025-08-30,VfB Stuttgart,Borussia Mönchengladbach,1,0,H
Bundesliga,2025,2025-08-30,TSG 1899 Hoffenheim,Eintracht Frankfurt,1,3,A
Bundesliga,2025,2025-08-30,FC Augsburg,FC Bayern München,2,3,A
Bundesliga,2025,2025-08-31,VfL Wolfsburg,1. FSV Mainz 05,1,1,D
Bundesliga,2025,2025-08-31,Borussia Dortmund,1. FC Union Berlin,3,0,H
Bundesliga,2025,2025-08-31,1. FC Köln,SC Freiburg,4,1,H
Bundesliga,2025,2025-09-12,Bayer 04 Leverkusen,Eintracht Frankfurt,3,1,H
Bundesliga,2025,2025-09-13,SC Freiburg,VfB Stuttgart,3,1,H
Bundesliga,2025,2025-09-13,1. FSV Mainz 05,RB Leipzig,0,1,A
Bundesliga,2025,2025-09-13,VfL Wolfsburg,1. FC Köln,3,3,D
Bundesliga,2025,2025-09-13,1. FC Union Berlin,TSG 1899 Hoffenheim,2,4,A
Bundesliga,2025,2025-09-13,1. FC Heidenheim 1846,Borussia Dortmund,0,2,A
Bundesliga,2025,2025-09-13,FC Bayern München,Hamburger SV,5,0,H
Bundesliga,2025,2025-09-14,FC St. Pauli 1910,FC Augsburg,2,1,H
Bundesliga,2025,2025-09-14,Borussia Mönchengladbach,SV Werder Bremen,0,4,A
Bundesliga,2025,2025-09-19,VfB Stuttgart,FC St. Pauli 1910,2,0,H
Bundesliga,2025,2025-09-20,SV Werder Bremen,SC Freiburg,0,3,A
Bundesliga,2025,2025-09-20,FC Augsburg,1. FSV Mainz 05,1,4,A
Bundesliga,2025,2025-09-20,TSG 1899 Hoffenheim,FC Bayern München,1,4,A
Bundesliga,2025,2025-09-20,Hamburger SV,1. FC Heidenheim 1846,2,1,H
Bundesliga,2025,2025-09-20,RB Leipzig,1. FC Köln,3,1,H
Bundesliga,2025,2025-09-21,Eintracht Frankfurt,1. FC Union Berlin,3,4,A
Bundesliga,2025,2025-09-21,Bayer 04 Leverkusen,Borussia Mönchengladbach,1,1,D
Bundesliga,2025,2025-09-21,Borussia Dortmund,VfL Wolfsburg,1,0,H
Bundesliga,2025,2025-09-26,FC Bayern München,SV Werder Bremen,4,0,H
Bundesliga,2025,2025-09-27,1. FSV Mainz 05,Borussia Dortmund,0,2,A
Bundesliga,2025,2025-09-27,VfL Wolfsburg,RB Leipzig,0,1,A
Bundesliga,2025,2025-09-27,FC St. Pauli 1910,Bayer 04 Leverkusen,1,2,A
Bundesliga,2025,2025-09-27,1. FC Heidenheim 1846,FC Augsburg,2,1,H
Bundesliga,2025,2025-09-27,Borussia Mönchengladbach,Eintracht Frankfurt,4,6,A
Bundesliga,2025,2025-09-28,SC Freiburg,TSG 1899 Hoffenheim,1,1,D
Bundesliga,2025,2025-09-28,1. FC Köln,VfB Stuttgart,1,2,A
Bundesliga,2025,2025-09-28,1. FC Union Berlin,Hamburger SV,0,0,D
Bundesliga,2025,2025-10-03,TSG 1899 Hoffenheim,1. FC Köln,0,1,A
Bundesliga,2025,2025-10-04,Bayer 04 Leverkusen,1. FC Union Berlin,2,0,H
Bundesliga,2025,2025-10-04,Borussia Dortmund,RB Leipzig,1,1,D
Bundesliga,2025,2025-10-04,SV Werder Bremen,FC St. Pauli 1910,1,0,H
Bundesliga,2025,2025-10-04,FC Augsburg,VfL Wolfsburg,3,1,H
Bundesliga,2025,2025-10-04,Eintracht Frankfurt,FC Bayern München,0,3,A
Bundesliga,2025,2025-10-05,VfB Stuttgart,1. FC Heidenheim 1846,1,0,H
Bundesliga,2025,2025-10-05,Hamburger SV,1. FSV Mainz 05,4,0,H
Bundesliga,2025,2025-10-05,Borussia Mönchengladbach,SC Freiburg,0,0,D
Bundesliga,2025,2025-10-17,1. FC Union Berlin,Borussia Mönchengladbach,3,1,H
Bundesliga,2025,2025-10-18,1. FSV Mainz 05,Bayer 04 Leverkusen,3,4,A
Bundesliga,2025,2025-10-18,RB Leipzig,Hamburger SV,2,1,H
Bundesliga,2025,2025-10-18,VfL Wolfsburg,VfB Stuttgart,0,3,A
Bundesliga,2025,2025-10-18,1. FC Heidenheim 1846,SV Werder Bremen,2,2,D
Bundesliga,2025,2025-10-18,1. FC Köln,FC Augsburg,1,1,D
Bundesliga,2025,2025-10-18,FC Bayern München,Borussia Dortmund,2,1,H
Bundesliga,2025,2025-10-19,SC Freiburg,Eintracht Frankfurt,2,2,D
Bundesliga,2025,2025-10-19,FC St. Pauli 1910,TSG 1899 Hoffenheim,0,3,A
Bundesliga,2025,2025-10-24,SV Werder Bremen,1. FC Union Berlin,1,0,H
Bundesliga,2025,2025-10-25,Eintracht Frankfurt,FC St. Pauli 1910,2,0,H
Bundesliga,2025,2025-10-25,FC Augsburg,RB Leipzig,0,6,A
Bundesliga,2025,2025-10-25,TSG 1899 Hoffenheim,1. FC Heidenheim 1846,3,1,H
Bundesliga,2025,2025-10-25,Hamburger SV,VfL Wolfsburg,0,1,A
Bundesliga,2025,2025-10-25,Borussia Mönchengladbach,FC Bayern München,0,3,A
Bundesliga,2025,2025-10-25,Borussia Dortmund,1. FC Köln,1,0,H
Bundesliga,2025,2025-10-26,Bayer 04 Leverkusen,SC Freiburg,2,0,H
Bundesliga,2025,2025-10-26,VfB Stuttgart,1. FSV Mainz 05,2,1,H
Bundesliga,2025,2025-10-31,FC Augsburg,Borussia Dortmund,0,1,A
Bundesliga,2025,2025-11-01,1. FSV Mainz 05,SV Werder Bremen,1,1,D
Bundesliga,2025,2025-11-01,RB Leipzig,VfB Stuttgart,3,1,H
Bundesliga,2025,2025-11-01,1. FC Union Berlin,SC Freiburg,0,0,D
Bundesliga,2025,2025-11-01,FC St. Pauli 1910,Borussia Mönchengladbach,0,4,A
Bundesliga,2025,2025-11-01,1. FC Heidenheim 1846,Eintracht Frankfurt,1,1,D
Bundesliga,2025,2025-11-01,FC Bayern München,Bayer 04 Leverkusen,3,0,H
Bundesliga,2025,2025-11-02,1. FC Köln,Hamburger SV,4,1,H
Bundesliga,2025,2025-11-02,VfL Wolfsburg,TSG 1899 Hoffenheim,2,3,A
Bundesliga,2025,2025-11-07,SV Werder Bremen,VfL Wolfsburg,2,1,H
Bundesliga,2025,2025-11-08,Bayer 04 Leverkusen,1. FC Heidenheim 1846,6,0,H
Bundesliga,2025,2025-11-08,1. FC Union Berlin,FC Bayern München,2,2,D
Bundesliga,2025,2025-11-08,TSG 1899 Hoffenheim,RB Leipzig,3,1,H
Bundesliga,2025,2025-11-08,Hamburger SV,Borussia Dortmund,1,1,D
Bundesliga,2025,2025-11-08,Borussia Mönchengladbach,1. FC Köln,3,1,H
Bundesliga,2025,2025-11-09,SC Freiburg,FC St. Pauli 1910,2,1,H
Bundesliga,2025,2025-11-09,VfB Stuttgart,FC Augsburg,3,2,H
Bundesliga,2025,2025-11-09,Eintracht Frankfurt,1. FSV Mainz 05,1,0,H
Bundesliga,2025,2025-11-21,1. FSV Mainz 05,TSG 1899 Hoffenheim,1,1,D
Bundesliga,2025,2025-11-22,FC Bayern München,SC Freiburg,6,2,H
Bundesliga,2025,2025-11-22,Borussia Dortmund,VfB Stuttgart,3,3,D
Bundesliga,2025,2025-11-22,VfL Wolfsburg,Bayer 04 Leverkusen,1,3,A
Bundesliga,2025,2025-11-22,FC Augsburg,Hamburger SV,1,0,H
Bundesliga,2025,2025-11-22,1. FC Heidenheim 1846,Borussia Mönchengladbach,0,3,A
Bundesliga,2025,2025-11-22,1. FC Köln,Eintracht Frankfurt,3,4,A
Bundesliga,2025,2025-11-23,RB Leipzig,SV Werder Bremen,2,0,H
Bundesliga,2025,2025-11-23,FC St. Pauli 1910,1. FC Union Berlin,0,1,A
Bundesliga,2025,2025-11-28,Borussia Mönchengladbach,RB Leipzig,0,0,D
Bundesliga,2025,2025-11-29,FC Bayern München,FC St. Pauli 1910,3,1,H
Bundesliga,2025,2025-11-29,SV Werder Bremen,1. FC Köln,1,1,D
Bundesliga,2025,2025-11-29,1. FC Union Berlin,1. FC Heidenheim 1846,1,2,A
Bundesliga,2025,2025-11-29,TSG 1899 Hoffenheim,FC Augsburg,3,0,H
Bundesliga,2025,2025-11-29,Bayer 04 Leverkusen,Borussia Dortmund,1,2,A
Bundesliga,2025,2025-11-30,Hamburger SV,VfB Stuttgart,2,1,H
Bundesliga,2025,2025-11-30,Eintracht Frankfurt,VfL Wolfsburg,1,1,D
Bundesliga,2025,2025-11-30,SC Freiburg,1. FSV Mainz 05,4,0,H
Bundesliga,2025,2025-12-05,1. FSV Mainz 05,Borussia Mönchengladbach,0,1,A
Bundesliga,2025,2025-12-06,VfB Stuttgart,FC Bayern München,0,5,A
Bundesliga,2025,2025-12-06,VfL Wolfsburg,1. FC Union Berlin,3,1,H
Bundesliga,2025,2025-12-06,1. FC Heidenheim 1846,SC Freiburg,2,1,H
Bundesliga,2025,2025-12-06,1. FC Köln,FC St. Pauli 1910,1,1,D
Bundesliga,2025,2025-12-06,FC Augsburg,Bayer 04 Leverkusen,2,0,H
Bundesliga,2025,2025-12-06,RB Leipzig,Eintracht Frankfurt,6,0,H
Bundesliga,2025,2025-12-07,Hamburger SV,SV Werder Bremen,3,2,H
Bundesliga,2025,2025-12-07,Borussia Dortmund,TSG 1899 Hoffenheim,2,0,H
Bundesliga,2025,2025-12-12,1. FC Union Berlin,RB Leipzig,3,1,H
Bundesliga,2025,2025-12-13,Eintracht Frankfurt,FC Augsburg,1,0,H
Bundesliga,2025,2025-12-13,Borussia Mönchengladbach,VfL Wolfsburg,1,3,A
Bundesliga,2025,2025-12-13,FC St. Pauli 1910,1. FC Heidenheim 1846,2,1,H
Bundesliga,2025,2025-12-13,TSG 1899 Hoffenheim,Hamburger SV,4,1,H
Bundesliga,2025,2025-12-13,Bayer 04 Leverkusen,1. FC Köln,2,0,H
Bundesliga,2025,2025-12-14,SC Freiburg,Borussia Dortmund,1,1,D
Bundesliga,2025,2025-12-14,FC Bayern München,1. FSV Mainz 05,2,2,D
Bundesliga,2025,2025-12-14,SV Werder Bremen,VfB Stuttgart,0,4,A
Bundesliga,2025,2025-12-19,Borussia Dortmund,Borussia Mönchengladbach,2,0,H
Bundesliga,2025,2025-12-20,VfB Stuttgart,TSG 1899 Hoffenheim,0,0,D
Bundesliga,2025,2025-12-20,VfL Wolfsburg,SC Freiburg,3,4,A
Bundesliga,2025,2025-12-20,FC Augsburg,SV Werder Bremen,0,0,D
Bundesliga,2025,2025-12-20,1. FC Köln,1. FC Union Berlin,0,1,A
Bundesliga,2025,2025-12-20,Hamburger SV,Eintracht Frankfurt,1,1,D
Bundesliga,2025,2025-12-20,RB Leipzig,Bayer 04 Leverkusen,1,3,A
Bundesliga,2025,2025-12-21,1. FSV Mainz 05,FC St. Pauli 1910,0,0,D
Bundesliga,2025,2025-12-21,1. FC Heidenheim 1846,FC Bayern München,0,4,A
Bundesliga,2025,2026-01-09,Eintracht Frankfurt,Borussia Dortmund,3,3,D
Bundesliga,2025,2026-01-10,SC Freiburg,Hamburger SV,2,1,H
Bundesliga,2025,2026-01-10,1. FC Union Berlin,1. FSV Mainz 05,2,2,D
Bundesliga,2025,2026-01-10,1. FC Heidenheim 1846,1. FC Köln,2,2,D
Bundesliga,2025,2026-01-10,Bayer 04 Leverkusen,VfB Stuttgart,1,4,A
Bundesliga,2025,2026-01-11,Borussia Mönchengladbach,FC Augsburg,4,0,H
Bundesliga,2025,2026-01-11,FC Bayern München,VfL Wolfsburg,8,1,H
Bundesliga,2025,2026-01-13,VfB Stuttgart,Eintracht Frankfurt,3,2,H
Bundesliga,2025,2026-01-13,Borussia Dortmund,SV Werder Bremen,3,0,H
Bundesliga,2025,2026-01-13,1. FSV Mainz 05,1. FC Heidenheim 1846,2,1,H
Bundesliga,2025,2026-01-14,VfL Wolfsburg,FC St. Pauli 1910,2,1,H
Bundesliga,2025,2026-01-14,RB Leipzig,SC Freiburg,2,0,H
Bundesliga,2025,2026-01-14,TSG 1899 Hoffenheim,Borussia Mönchengladbach,5,1,H
Bundesliga,2025,2026-01-14,1. FC Köln,FC Bayern München,1,3,A
Bundesliga,2025,2026-01-15,FC Augsburg,1. FC Union Berlin,1,1,D
Bundesliga,2025,2026-01-16,SV Werder Bremen,Eintracht Frankfurt,3,3,D
Bundesliga,2025,2026-01-17,TSG 1899 Hoffenheim,Bayer 04 Leverkusen,1,0,H
Bundesliga,2025,2026-01-17,1. FC Köln,1. FSV Mainz 05,2,1,H
Bundesliga,2025,2026-01-17,Hamburger SV,Borussia Mönchengladbach,0,0,D
Bundesliga,2025,2026-01-17,Borussia Dortmund,FC St. Pauli 1910,3,2,H
Bundesliga,2025,2026-01-17,VfL Wolfsburg,1. FC Heidenheim 1846,1,1,D
Bundesliga,2025,2026-01-17,RB Leipzig,FC Bayern München,1,5,A
Bundesliga,2025,2026-01-18,VfB Stuttgart,1. FC Union Berlin,1,1,D
Bundesliga,2025,2026-01-18,FC Augsburg,SC Freiburg,2,2,D
Bundesliga,2025,2026-01-23,FC St. Pauli 1910,Hamburger SV,0,0,D
Bundesliga,2025,2026-01-24,1. FC Heidenheim 1846,RB Leipzig,0,3,A
Bundesliga,2025,2026-01-24,Bayer 04 Leverkusen,SV Werder Bremen,1,0,H
Bundesliga,2025,2026-01-24,1. FSV Mainz 05,VfL Wolfsburg,3,1,H
Bundesliga,2025,2026-01-24,FC Bayern München,FC Augsburg,1,2,A
Bundesliga,2025,2026-01-24,Eintracht Frankfurt,TSG 1899 Hoffenheim,1,3,A
Bundesliga,2025,2026-01-24,1. FC Union Berlin,Borussia Dortmund,0,3,A
Bundesliga,2025,2026-01-25,Borussia Mönchengladbach,VfB Stuttgart,0,3,A
Bundesliga,2025,2026-01-25,SC Freiburg,1. FC Köln,2,1,H
Bundesliga,2025,2026-01-27,SV Werder Bremen,TSG 1899 Hoffenheim,0,2,A
Bundesliga,2025,2026-01-27,FC St. Pauli 1910,RB Leipzig,1,1,D
Bundesliga,2025,2026-01-30,1. FC Köln,VfL Wolfsburg,1,0,H
Bundesliga,2025,2026-01-31,Eintracht Frankfurt,Bayer 04 Leverkusen,1,3,A
Bundesliga,2025,2026-01-31,RB Leipzig,1. FSV Mainz 05,1,2,A
Bundesliga,2025,2026-01-31,SV Werder Bremen,Borussia Mönchengladbach,1,1,D
Bundesliga,2025,2026-01-31,TSG 1899 Hoffenheim,1. FC Union Berlin,3,1,H
Bundesliga,2025,2026-01-31,FC Augsburg,FC St. Pauli 1910,2,1,H
Bundesliga,2025,2026-01-31,Hamburger SV,FC Bayern München,2,2,D
Bundesliga,2025,2026-02-01,VfB Stuttgart,SC Freiburg,1,0,H
Bundesliga,2025,2026-02-01,Borussia Dortmund,1. FC Heidenheim 1846,3,2,H
Bundesliga,2025,2026-02-06,1. FC Union Berlin,Eintracht Frankfurt,1,1,D
Bundesliga,2025,2026-02-07,VfL Wolfsburg,Borussia Dortmund,1,2,A
Bundesliga,2025,2026-02-07,SC Freiburg,SV Werder Bremen,1,0,H
Bundesliga,2025,2026-02-07,FC St. Pauli 1910,VfB Stuttgart,2,1,H
Bundesliga,2025,2026-02-07,1. FSV Mainz 05,FC Augsburg,2,0,H
Bundesliga,2025,2026-02-07,1. FC Heidenheim 1846,Hamburger SV,0,2,A
Bundesliga,2025,2026-02-07,Borussia Mönchengladbach,Bayer 04 Leverkusen,1,1,D
Bundesliga,2025,2026-02-08,1. FC Köln,RB Leipzig,1,2,A
Bundesliga,2025,2026-02-08,FC Bayern München,TSG 1899 Hoffenheim,5,1,H
Bundesliga,2025,2026-02-13,Borussia Dortmund,1. FSV Mainz 05,4,0,H
Bundesliga,2025,2026-02-14,SV Werder Bremen,FC Bayern München,0,3,A
Bundesliga,2025,2026-02-14,TSG 1899 Hoffenheim,SC Freiburg,3,0,H
Bundesliga,2025,2026-02-14,Eintracht Frankfurt,Borussia Mönchengladbach,3,0,H
Bundesliga,2025,2026-02-14,Hamburger SV,1. FC Union Berlin,3,2,H
Bundesliga,2025,2026-02-14,Bayer 04 Leverkusen,FC St. Pauli 1910,4,0,H
Bundesliga,2025,2026-02-14,VfB Stuttgart,1. FC Köln,3,1,H
Bundesliga,2025,2026-02-15,FC Augsburg,1. FC Heidenheim 1846,1,0,H
Bundesliga,2025,2026-02-15,RB Leipzig,VfL Wolfsburg,2,2,D
Bundesliga,2025,2026-02-20,1. FSV Mainz 05,Hamburger SV,1,1,D
Bundesliga,2025,2026-02-21,1. FC Union Berlin,Bayer 04 Leverkusen,1,0,H
Bundesliga,2025,2026-02-21,FC Bayern München,Eintracht Frankfurt,3,2,H
Bundesliga,2025,2026-02-21,VfL Wolfsburg,FC Augsburg,2,3,A
Bundesliga,2025,2026-02-21,1. FC Köln,TSG 1899 Hoffenheim,2,2,D
Bundesliga,2025,2026-02-21,RB Leipzig,Borussia Dortmund,2,2,D
Bundesliga,2025,2026-02-22,SC Freiburg,Borussia Mönchengladbach,2,1,H
Bundesliga,2025,2026-02-22,FC St. Pauli 1910,SV Werder Bremen,2,1,H
Bundesliga,2025,2026-02-22,1. FC Heidenheim 1846,VfB Stuttgart,3,3,D
Bundesliga,2025,2026-02-27,FC Augsburg,1. FC Köln,2,0,H
Bundesliga,2025,2026-02-28,Bayer 04 Leverkusen,1. FSV Mainz 05,1,1,D
Bundesliga,2025,2026-02-28,Borussia Mönchengladbach,1. FC Union Berlin,1,0,H
Bundesliga,2025,2026-02-28,TSG 1899 Hoffenheim,FC St. Pauli 1910,0,1,A
Bundesliga,2025,2026-02-28,SV Werder Bremen,1. FC Heidenheim 1846,2,0,H
Bundesliga,2025,2026-02-28,Borussia Dortmund,FC Bayern München,2,3,A
Bundesliga,2025,2026-03-01,VfB Stuttgart,VfL Wolfsburg,4,0,H
Bundesliga,2025,2026-03-01,Eintracht Frankfurt,SC Freiburg,2,0,H
Bundesliga,2025,2026-03-01,Hamburger SV,RB Leipzig,1,2,A
Bundesliga,2025,2026-03-04,Hamburger SV,Bayer 04 Leverkusen,0,1,A
Bundesliga,2025,2026-03-06,FC Bayern München,Borussia Mönchengladbach,4,1,H
Bundesliga,2025,2026-03-07,SC Freiburg,Bayer 04 Leverkusen,3,3,D
Bundesliga,2025,2026-03-07,1. FSV Mainz 05,VfB Stuttgart,2,2,D
Bundesliga,2025,2026-03-07,RB Leipzig,FC Augsburg,2,1,H
Bundesliga,2025,2026-03-07,1. FC Heidenheim 1846,TSG 1899 Hoffenheim,2,4,A
Bundesliga,2025,2026-03-07,VfL Wolfsburg,Hamburger SV,1,2,A
Bundesliga,2025,2026-03-07,1. FC Köln,Borussia Dortmund,1,2,A
Bundesliga,2025,2026-03-08,FC St. Pauli 1910,Eintracht Frankfurt,0,0,D
Bundesliga,2025,2026-03-08,1. FC Union Berlin,SV Werder Bremen,1,4,A
Bundesliga,2025,2026-03-13,Borussia Mönchengladbach,FC St. Pauli 1910,2,0,H
Bundesliga,2025,2026-03-14,Bayer 04 Leverkusen,FC Bayern München,1,1,D
Bundesliga,2025,2026-03-14,TSG 1899 Hoffenheim,VfL Wolfsburg,1,1,D
Bundesliga,2025,2026-03-14,Borussia Dortmund,FC Augsburg,2,0,H
Bundesliga,2025,2026-03-14,Eintracht Frankfurt,1. FC Heidenheim 1846,1,0,H
Bundesliga,2025,2026-03-14,Hamburger SV,1. FC Köln,1,1,D
Bundesliga,2025,2026-03-15,SV Werder Bremen,1. FSV Mainz 05,0,2,A
Bundesliga,2025,2026-03-15,SC Freiburg,1. FC Union Berlin,0,1,A
Bundesliga,2025,2026-03-15,VfB Stuttgart,RB Leipzig,1,0,H
Bundesliga,2025,2026-03-20,RB Leipzig,TSG 1899 Hoffenheim,5,0,H
Bundesliga,2025,2026-03-21,1. FC Heidenheim 1846,Bayer 04 Leverkusen,3,3,D
Bundesliga,2025,2026-03-21,VfL Wolfsburg,SV Werder Bremen,0,1,A
Bundesliga,2025,2026-03-21,1. FC Köln,Borussia Mönchengladbach,3,3,D
Bundesliga,2025,2026-03-21,FC Bayern München,1. FC Union Berlin,4,0,H
Bundesliga,2025,2026-03-21,Borussia Dortmund,Hamburger SV,3,2,H
Bundesliga,2025,2026-03-22,1. FSV Mainz 05,Eintracht Frankfurt,2,1,H
Bundesliga,2025,2026-03-22,FC St. Pauli 1910,SC Freiburg,1,2,A
Bundesliga,2025,2026-03-22,FC Augsburg,VfB Stuttgart,2,5,A
Bundesliga,2025,2026-04-04,SC Freiburg,FC Bayern München,2,3,A
Bundesliga,2025,2026-04-04,TSG 1899 Hoffenheim,1. FSV Mainz 05,1,2,A
Bundesliga,2025,2026-04-04,SV Werder Bremen,RB Leipzig,1,2,A
Bundesliga,2025,2026-04-04,Bayer 04 Leverkusen,VfL Wolfsburg,6,3,H
Bundesliga,2025,2026-04-04,Hamburger SV,FC Augsburg,1,1,D
Bundesliga,2025,2026-04-04,Borussia Mönchengladbach,1. FC Heidenheim 1846,2,2,D
Bundesliga,2025,2026-04-04,VfB Stuttgart,Borussia Dortmund,0,2,A
Bundesliga,2025,2026-04-05,1. FC Union Berlin,FC St. Pauli 1910,1,1,D
Bundesliga,2025,2026-04-05,Eintracht Frankfurt,1. FC Köln,2,2,D
Bundesliga,2025,2026-04-10,FC Augsburg,TSG 1899 Hoffenheim,2,2,D
Bundesliga,2025,2026-04-11,Borussia Dortmund,Bayer 04 Leverkusen,0,1,A
Bundesliga,2025,2026-04-11,VfL Wolfsburg,Eintracht Frankfurt,1,2,A
Bundesliga,2025,2026-04-11,RB Leipzig,Borussia Mönchengladbach,1,0,H
Bundesliga,2025,2026-04-11,1. FC Heidenheim 1846,1. FC Union Berlin,3,1,H
Bundesliga,2025,2026-04-11,FC St. Pauli 1910,FC Bayern München,0,5,A
Bundesliga,2025,2026-04-12,1. FC Köln,SV Werder Bremen,3,1,H
Bundesliga,2025,2026-04-12,VfB Stuttgart,Hamburger SV,4,0,H
Bundesliga,2025,2026-04-12,1. FSV Mainz 05,SC Freiburg,0,1,A
Bundesliga,2025,2026-04-17,FC St. Pauli 1910,1. FC Köln,1,1,D
Bundesliga,2025,2026-04-18,SV Werder Bremen,Hamburger SV,3,1,H
Bundesliga,2025,2026-04-18,Bayer 04 Leverkusen,FC Augsburg,1,2,A
Bundesliga,2025,2026-04-18,TSG 1899 Hoffenheim,Borussia Dortmund,2,1,H
Bundesliga,2025,2026-04-18,1. FC Union Berlin,VfL Wolfsburg,1,2,A
Bundesliga,2025,2026-04-18,Eintracht Frankfurt,RB Leipzig,1,3,A
Bundesliga,2025,2026-04-19,SC Freiburg,1. FC Heidenheim 1846,2,1,H
Bundesliga,2025,2026-04-19,FC Bayern München,VfB Stuttgart,4,2,H
Bundesliga,2025,2026-04-19,Borussia Mönchengladbach,1. FSV Mainz 05,1,1,D
Ligue 1,2025,2026-04-22,Paris Saint-Germain FC,FC Nantes,3,0,H
Ligue 1,2025,2026-04-24,Stade Brestois 29,Racing Club de Lens,3,3,D
Ligue 1,2025,2026-04-25,Olympique Lyonnais,AJ Auxerre,3,2,H
Ligue 1,2025,2026-04-25,Angers SCO,Paris Saint-Germain FC,0,3,A
Ligue 1,2025,2026-04-25,Toulouse FC,AS Monaco FC,2,2,D
Ligue 1,2025,2026-04-26,FC Lorient,RC Strasbourg Alsace,2,3,A
Ligue 1,2025,2026-04-26,Le Havre AC,FC Metz,4,4,D
Ligue 1,2025,2026-04-26,Paris FC,Lille OSC,0,1,A
Ligue 1,2025,2026-04-26,Stade Rennais FC 1901,FC Nantes,2,1,H
Ligue 1,2025,2026-04-26,Olympique de Marseille,OGC Nice,1,1,D
Ligue 1,2025,2026-05-02,FC Nantes,Olympique de Marseille,3,0,H
Ligue 1,2025,2026-05-02,Paris Saint-Germain FC,FC Lorient,2,2,D
Ligue 1,2025,2026-05-02,FC Metz,AS Monaco FC,1,2,A
Ligue 1,2025,2026-05-02,OGC Nice,Racing Club de Lens,1,1,D
Ligue 1,2025,2026-05-03,Lille OSC,Le Havre AC,1,1,D
Ligue 1,2025,2026-05-03,AJ Auxerre,Angers SCO,3,1,H
Ligue 1,2025,2026-05-03,Paris FC,Stade Brestois 29,4,0,H
Ligue 1,2025,2026-05-03,RC Strasbourg Alsace,Toulouse FC,1,2,A
Ligue 1,2025,2026-05-03,Olympique Lyonnais,Stade Rennais FC 1901,4,2,H
